ply
format ascii 1.0
element vertex 8192
property float x
property float y
property float z
property uchar red
property uchar green
property uchar blue
end_header
-0.68576461 0.51393753 -0.5864557 210 210 210
0.90373009 -0.39570719 -1.0038005 210 210 210
1.0479568 0.89691716 -0.6591168 210 210 210
0.52678943 0.14731115 -0.71752661 210 210 210
0.50717586 0.066710614 -0.71272779 210 210 210
1.924136 0.79196161 -0.70568234 210 210 210
0.86914659 0.91222 -0.65247935 210 210 210
0.86383343 -0.19056904 -0.82273424 210 210 210
0.80792612 -0.44982445 -1.1916436 210 210 210
-0.6609816 0.69264853 -0.67368966 210 210 210
0.49639991 0.12483919 -0.72530121 210 210 210
1.1851933 0.60805005 -0.55162328 210 210 210
-0.64028114 0.62702417 -0.65281588 210 210 210
0.51568007 0.14403909 -0.77103662 210 210 210
0.63062775 0.17631975 -0.68652725 210 210 210
0.92160046 0.92318773 -0.68444431 210 210 210
1.0276927 0.72297531 -0.44235921 210 210 210
-0.61357772 0.63439214 -0.72419322 210 210 210
0.48852736 0.12829517 -0.74887967 210 210 210
-0.20103437 0.50680423 -0.35204247 210 210 210
-0.15038723 -0.05214899 -0.6822086 210 210 210
-0.047256853 0.53825521 -0.38389033 210 210 210
1.0167753 0.83789015 -0.64123982 210 210 210
0.78918624 -0.46690157 -1.2003411 210 210 210
-0.1367939 -0.067403018 -0.63191754 210 210 210
-0.71556741 0.47824189 -0.57800448 210 210 210
0.89141798 -0.44392487 -1.0673158 210 210 210
1.0422007 0.8896665 -0.65783644 210 210 210
0.89906341 -0.23164776 -0.86549699 210 210 210
-0.67783231 0.4629018 -0.57170862 210 210 210
1.0038286 0.78353918 -0.29463249 210 210 210
0.0058336295 0.29456761 -0.67755282 210 210 210
2.0314429 0.85858583 -0.77039433 210 210 210
0.7260654 0.18953593 -0.65375549 210 210 210
0.5297901 0.12768827 -0.72553867 210 210 210
-0.86652821 0.025597403 -0.63743865 210 210 210
1.187951 0.54464281 -0.47567624 210 210 210
-0.66171443 0.68920523 -0.67233449 210 210 210
0.84836775 -0.38661292 -1.0978018 210 210 210
1.2225202 0.50388092 -0.51196271 210 210 210
1.0017185 0.8365739 -0.64911753 210 210 210
0.414895 0.13139515 -0.73313636 210 210 210
0.49735186 0.12492985 -0.72486901 210 210 210
0.38175574 0.15731636 -0.70418757 210 210 210
-0.19583488 0.12964977 -0.68808424 210 210 210
0.85036033 -0.26215178 -0.88766539 210 210 210
0.85367614 -0.078327976 -0.76572782 210 210 210
0.87903148 -0.057969999 -0.77394772 210 210 210
1.0327395 -0.086721458 -0.98879474 210 210 210
0.16549323 1.409557 -0.64388639 210 210 210
0.51182914 0.14744686 -0.78881627 210 210 210
-0.17530026 0.49873796 -0.26443315 210 210 210
-0.67822963 0.32310921 -0.57758248 210 210 210
0.50264722 0.073824868 -0.72147363 210 210 210
-0.5518288 0.56663126 -0.58946025 210 210 210
0.84256798 -0.39786008 -1.0875164 210 210 210
-0.27604303 -0.044108145 -0.73969901 210 210 210
0.20549613 0.16722172 -0.70067787 210 210 210
0.73710805 0.264157 -0.65231675 210 210 210
0.67902988 0.2435735 -0.65846729 210 210 210
1.2113323 0.60551536 -0.52862126 210 210 210
-0.60236514 0.72230864 -0.73202842 210 210 210
0.77130622 0.18617216 -0.64973074 210 210 210
-0.93024242 0.053559765 -0.61128086 210 210 210
0.81815439 -0.3399466 -1.1405112 210 210 210
0.2073272 -0.026248917 -0.80299819 210 210 210
-0.5391469 -0.096561477 -0.90509433 210 210 210
-0.23439483 0.28389788 -0.3978219 210 210 210
0.52273297 0.1059188 -0.70705497 210 210 210
1.2297301 0.47172576 -0.44559556 210 210 210
-0.65155095 0.47400913 -0.6179288 210 210 210
1.1951773 0.49477187 -0.46067333 210 210 210
-0.60265291 0.72264969 -0.73556256 210 210 210
0.83867085 0.046177901 -0.70633966 210 210 210
0.93908751 0.8980968 -0.65024841 210 210 210
0.83905518 0.9606328 -0.67359787 210 210 210
0.49807075 0.13270009 -0.74904209 210 210 210
-0.67039692 0.68191355 -0.66517889 210 210 210
-0.18073077 0.080126844 -0.68889225 210 210 210
-0.87547445 1.0822666 -0.67018729 210 210 210
-0.12593351 -0.10412374 -0.66825491 210 210 210
1.0037161 0.8921932 -0.65213937 210 210 210
-0.31519532 -0.11782275 -0.71910203 210 210 210
1.1638442 0.54056525 -0.43567264 210 210 210
-0.56457651 0.72028291 -0.68252385 210 210 210
0.21559216 0.18075924 -0.70727348 210 210 210
-0.34204337 0.023538364 -0.77737641 210 210 210
-0.49152237 0.71977514 -0.69057995 210 210 210
0.43702254 0.12589847 -0.70736951 210 210 210
0.29849082 0.31810525 -0.6262812 210 210 210
0.087430991 -0.53361458 -0.95446616 210 210 210
-0.70382071 0.31249583 -0.57327104 210 210 210
0.4398551 0.10972575 -0.76742119 210 210 210
-0.18766688 0.073838606 -0.68765461 210 210 210
1.2084725 0.56600159 -0.45241067 210 210 210
-0.19283767 0.1353808 -0.69432312 210 210 210
-0.68529493 0.57990432 -0.63364285 210 210 210
-0.20792916 0.11567023 -0.67754954 210 210 210
-0.29616818 0.2553322 -0.38569003 210 210 210
0.095515594 0.12887119 -0.66609091 210 210 210
0.67917836 0.2160916 -0.72430825 210 210 210
0.24153729 1.0405698 -0.38066015 210 210 210
-0.66177678 0.62055194 -0.64242882 210 210 210
-0.21777241 0.3932032 -0.19216152 210 210 210
0.50656492 0.14160644 -0.77596635 210 210 210
-0.70331812 0.48627824 -0.5841502 210 210 210
0.45747301 0.12701192 -0.78152549 210 210 210
-0.31960276 -0.14531907 -0.71124423 210 210 210
0.44258747 0.10947784 -0.76502979 210 210 210
0.85863459 -0.18774912 -0.81850815 210 210 210
0.86749548 -0.10097265 -0.78327119 210 210 210
-0.14667761 0.29119438 -0.35212189 210 210 210
0.86324918 -0.12899937 -0.79299963 210 210 210
0.91822499 -0.38197869 -0.99751365 210 210 210
-0.94511873 0.11406221 -0.6150291 210 210 210
-0.99382532 -0.080983266 -0.54813498 210 210 210
0.44651541 0.11077533 -0.76446766 210 210 210
0.85864747 -0.043335918 -0.7519384 210 210 210
1.2345432 0.47372761 -0.46161491 210 210 210
-1.1139818 0.84122765 -0.57964879 210 210 210
0.32213116 0.17787583 -0.74343395 210 210 210
0.82418239 -0.18103351 -0.85232067 210 210 210
-0.27201959 -0.27258807 -0.76882595 210 210 210
0.48799884 0.12742491 -0.74736339 210 210 210
2.0355697 0.77430052 -0.71518791 210 210 210
-0.18700525 0.096620731 -0.6889953 210 210 210
1.2147391 0.52733022 -0.5011242 210 210 210
0.51536226 0.14113791 -0.76115793 210 210 210
-0.1676458 0.063336089 -0.69065821 210 210 210
1.2373215 0.58301932 -0.55970764 210 210 210
-0.76235813 0.23787759 -0.57682478 210 210 210
0.85964268 -0.069997564 -0.77572197 210 210 210
-0.18034129 0.10692102 -0.69238418 210 210 210
1.1320657 0.62751728 -0.56504577 210 210 210
-0.24173625 0.088211983 -0.70372355 210 210 210
-0.33810619 0.098029107 -0.82956237 210 210 210
-0.53271085 -0.5313651 -0.59417844 210 210 210
1.019869 -0.1006569 -1.0019145 210 210 210
0.87026858 -0.21826433 -0.85387164 210 210 210
0.76586986 -0.40566295 -1.1533868 210 210 210
1.2109259 0.54515207 -0.44528818 210 210 210
1.2398014 0.51042211 -0.446675 210 210 210
0.99991012 0.061352674 -0.78218055 210 210 210
0.96707815 0.88153362 -0.64845377 210 210 210
1.1988498 0.51334536 -0.43180934 210 210 210
0.84651601 -0.4934029 -1.1067582 210 210 210
1.185161 0.52147985 -0.42884427 210 210 210
-0.24089891 0.13246609 -0.63769138 210 210 210
1.1996212 0.54822725 -0.49990898 210 210 210
1.3712523 0.59132791 -0.7870757 210 210 210
0.59278357 0.23129945 -0.69031674 210 210 210
0.48018444 0.1251245 -0.74730968 210 210 210
0.96214843 0.8693943 -0.64174312 210 210 210
0.55721855 0.15186046 -0.72861958 210 210 210
-0.49536347 -0.36437616 -0.74252719 210 210 210
0.20732823 0.17604415 -0.70166343 210 210 210
-0.12803034 0.024384758 -0.64481246 210 210 210
-0.24418999 0.083411828 -0.62491906 210 210 210
-0.66555864 0.6963076 -0.67321163 210 210 210
1.0953315 0.84916794 -0.64918011 210 210 210
0.46179914 0.097087115 -0.70881158 210 210 210
0.87020499 0.63199073 -0.46458203 210 210 210
1.2687633 0.50732166 -0.46624023 210 210 210
1.1886919 0.59036267 -0.50822502 210 210 210
-0.1804641 0.13794371 -0.70755762 210 210 210
0.47575337 0.12253091 -0.74296063 210 210 210
-0.2559121 0.25922382 -0.60518622 210 210 210
0.79643273 -0.4097589 -1.1203595 210 210 210
-0.25892583 0.44901314 -0.30392474 210 210 210
0.27326 0.18060064 -0.62713379 210 210 210
0.8427161 0.034295131 -0.71337157 210 210 210
0.8826648 -0.082950063 -0.78747654 210 210 210
0.65596521 0.11459148 -0.65451515 210 210 210
-0.38872212 0.064127423 -0.69966376 210 210 210
1.8257906 0.78000051 -0.80153167 210 210 210
1.2238984 0.53136426 -0.45220202 210 210 210
-0.81535161 0.056810196 -0.6523366 210 210 210
1.855085 0.86746728 -0.80692464 210 210 210
1.035117 -0.10827277 -1.0038887 210 210 210
0.85088313 -0.26504406 -0.88834548 210 210 210
-0.42670062 -0.070026509 -0.58673453 210 210 210
0.79871166 -0.36915764 -1.1425538 210 210 210
-0.60355222 0.72181958 -0.73543757 210 210 210
-0.67345721 0.464246 -0.57381034 210 210 210
-0.68411469 0.50817883 -0.58734035 210 210 210
-0.45607913 0.50761849 -0.48700792 210 210 210
0.94232517 0.90386671 -0.65272731 210 210 210
0.6971913 0.045014266 -0.68997651 210 210 210
0.5618031 0.15258411 -0.72146463 210 210 210
1.876634 0.75116098 -0.71281654 210 210 210
0.76598018 0.36493671 -0.66715378 210 210 210
0.21252625 0.17822051 -0.70419604 210 210 210
-0.53514111 -0.53388965 -0.5930599 210 210 210
0.95802128 -0.11603267 -1.0301927 210 210 210
-0.27297494 0.095259219 -0.68976593 210 210 210
-0.22432785 0.13980499 -0.65460616 210 210 210
1.1154766 0.59347802 -0.39212888 210 210 210
-0.54299128 0.7585234 -0.69436908 210 210 210
0.98982996 0.88152248 -0.65269101 210 210 210
1.2069057 0.53141069 -0.44958094 210 210 210
0.49958393 0.13418788 -0.75041723 210 210 210
-0.2121204 0.12855794 -0.6772517 210 210 210
-0.43243036 0.50928748 -0.49513328 210 210 210
-0.34800917 0.894045 -0.3180058 210 210 210
0.44481933 0.1233979 -0.78096968 210 210 210
1.184855 0.5630548 -0.43644252 210 210 210
-0.26061809 0.20073032 -0.76697457 210 210 210
-0.42680636 0.72103876 -0.69455487 210 210 210
0.63913018 0.23817264 -0.66630828 210 210 210
0.87971294 -0.084560171 -0.78686208 210 210 210
-0.18473692 0.67818981 -0.59301597 210 210 210
0.82220036 -0.43676442 -1.198784 210 210 210
0.36961073 -0.015530554 -0.72095436 210 210 210
0.55697078 0.15158896 -0.72826415 210 210 210
0.9636929 0.78410983 -0.25487286 210 210 210
0.4537949 0.58933032 -0.43159705 210 210 210
0.41018051 1.2766027 -0.78538495 210 210 210
1.5397285 0.65572584 -0.14686501 210 210 210
-0.22208279 0.094440006 -0.64640641 210 210 210
0.50656343 0.14600235 -0.78828859 210 210 210
0.65505409 1.115671 -0.67589164 210 210 210
-0.67578131 0.33495793 -0.57532001 210 210 210
-0.82733774 0.070765175 -0.6173383 210 210 210
-0.47200233 0.77755666 -0.69221985 210 210 210
-0.18754765 0.1270985 -0.69323498 210 210 210
0.88130331 -0.35937977 -1.1273094 210 210 210
1.0208604 -0.12546721 -1.0144494 210 210 210
1.0700417 -0.021623043 -0.91998923 210 210 210
0.83820057 -0.0080763474 -0.727081 210 210 210
-0.074017033 -0.82001352 -0.97750074 210 210 210
0.53569758 0.14913847 -0.74851936 210 210 210
1.2247931 0.50070608 -0.44138181 210 210 210
0.83154923 0.98554647 -0.65018111 210 210 210
0.49734828 0.12771821 -0.73333895 210 210 210
0.88439816 1.2377068 0.36042601 210 210 210
1.2105985 0.52157199 -0.47089761 210 210 210
1.3277522 1.0461737 -0.81587684 210 210 210
0.7278325 0.19324446 -0.65728939 210 210 210
0.69100523 1.0586711 -0.32873961 210 210 210
-0.67581487 0.49405497 -0.49942595 210 210 210
0.78788966 0.21536727 -0.64684463 210 210 210
0.99083525 0.89777941 -0.65794331 210 210 210
-0.64903331 0.63844508 -0.65609545 210 210 210
-0.16856764 -0.10018296 -0.69186074 210 210 210
0.39727721 0.46350861 -0.44079849 210 210 210
-0.68961281 0.31929266 -0.57602185 210 210 210
-0.53899515 -0.33370975 -0.77565986 210 210 210
1.198771 0.58853179 -0.51648784 210 210 210
1.4865975 0.71912467 -0.71116054 210 210 210
1.9952744 0.8474822 -0.72323591 210 210 210
0.92412305 0.83169472 -0.2957553 210 210 210
0.49880427 0.10250547 -0.71201664 210 210 210
-0.54437178 0.76482952 -0.70332485 210 210 210
0.85226911 -0.029827276 -0.74282479 210 210 210
1.0120173 0.78755903 -0.27120334 210 210 210
0.825867 -0.44905886 -1.1645517 210 210 210
0.37133157 -0.7082845 -0.25358722 210 210 210
1.0893062 0.97444403 -0.77025712 210 210 210
-0.67996287 0.49268225 -0.57992995 210 210 210
0.52202725 0.14828479 -0.78473604 210 210 210
0.99914479 -0.10506414 -1.004135 210 210 210
0.86240411 -0.30543849 -0.92354697 210 210 210
-0.25271958 0.039203908 -0.63913459 210 210 210
1.0800098 0.83301872 -0.66847843 210 210 210
0.042089745 0.020244908 -0.60559952 210 210 210
0.50763118 0.14487182 -0.78822505 210 210 210
0.50129062 0.065281823 -0.7245208 210 210 210
1.2519084 0.49568015 -0.4614442 210 210 210
0.69055796 0.98008889 -0.4339613 210 210 210
-0.16718705 0.070458889 -0.6930843 210 210 210
-0.53211278 0.5778867 -0.54111171 210 210 210
0.50630271 0.06618166 -0.71343607 210 210 210
0.53162402 0.11536235 -0.71800596 210 210 210
0.62649113 0.17514633 -0.69374853 210 210 210
1.1798924 0.56666404 -0.51010543 210 210 210
1.1679236 0.57760364 -0.49675146 210 210 210
0.50182068 0.13650401 -0.78194982 210 210 210
-0.255997 0.11121423 -0.68103278 210 210 210
-0.77698314 -0.23353423 -0.62215728 210 210 210
1.9885564 0.83810747 -0.7153089 210 210 210
-0.2022966 0.12082338 -0.68463701 210 210 210
0.90900028 -0.28256845 -0.89723402 210 210 210
0.87176484 -0.25237072 -0.87481451 210 210 210
0.27480781 0.2091922 -0.61006808 210 210 210
0.89577556 -0.41643637 -1.0511084 210 210 210
1.2013987 0.52721572 -0.43503872 210 210 210
0.5394935 0.15599258 -0.76217127 210 210 210
-0.23200157 0.14530279 -0.65536553 210 210 210
0.87685406 -0.080183662 -0.781353 210 210 210
-0.30946809 -0.63708568 -0.75335377 210 210 210
0.86373746 -0.31590229 -0.93224335 210 210 210
-0.63008755 -0.25941935 -0.6714766 210 210 210
1.0698584 -0.016595628 -0.92242038 210 210 210
1.2002617 0.54799563 -0.44622079 210 210 210
-0.45241952 -0.33291152 -0.76125109 210 210 210
1.2031319 0.55668956 -0.44611767 210 210 210
0.95463264 0.89116734 -0.66901517 210 210 210
0.56780183 0.17643084 -0.70856029 210 210 210
0.23695147 0.098247975 -0.5846107 210 210 210
-0.04142002 -0.8226493 -0.95836574 210 210 210
1.262688 0.53007525 -0.47805214 210 210 210
0.50784105 0.072164863 -0.71778095 210 210 210
1.0284688 0.81640387 -0.63543802 210 210 210
-0.41991132 -0.16967133 -0.76851571 210 210 210
1.212172 0.54629654 -0.45261589 210 210 210
0.87441134 -0.074146099 -0.77676123 210 210 210
0.49899054 0.13655077 -0.78966862 210 210 210
-0.25435546 -0.26582533 -0.76817364 210 210 210
0.87771082 -0.16611134 -0.83133602 210 210 210
-0.1374609 0.33416834 -0.34691012 210 210 210
0.85677308 -0.35807097 -1.0030537 210 210 210
1.0183121 0.78476101 -0.29821497 210 210 210
0.60620958 0.9878552 -0.44073111 210 210 210
0.89906114 0.81889325 -0.29264939 210 210 210
0.10635336 -0.065304711 -0.75831676 210 210 210
0.16653888 0.37248835 -0.66757399 210 210 210
0.4329024 0.12011567 -0.79301858 210 210 210
1.0111226 0.41969398 -0.71713567 210 210 210
0.91732812 -0.30368376 -1.1111281 210 210 210
1.00683 0.91214794 -0.66009867 210 210 210
0.31723928 0.58137137 -0.39113736 210 210 210
-0.34648916 0.34562999 -0.5929209 210 210 210
0.95896631 0.8777073 -0.6449098 210 210 210
-0.25859058 0.37742674 -0.23462349 210 210 210
0.67943013 1.4287156 0.30788302 210 210 210
0.3433224 -0.034704592 -0.70772225 210 210 210
1.2262765 0.56476545 -0.46822494 210 210 210
-0.91385734 0.95015097 -0.62764418 210 210 210
-0.12941061 -0.083017468 -0.6398086 210 210 210
0.52239102 0.14836982 -0.78412801 210 210 210
-0.10674272 -0.081023812 -0.64428526 210 210 210
0.34070632 0.16719705 -0.71754855 210 210 210
0.2055213 -0.73812294 -0.77485758 210 210 210
1.1699847 0.5697127 -0.50661981 210 210 210
-0.014288821 0.61673492 -0.59450334 210 210 210
-0.16291741 0.2354818 -0.39705458 210 210 210
0.86410052 -0.083303362 -0.77307457 210 210 210
1.0854772 0.80907726 -0.42430517 210 210 210
0.53805399 0.15922603 -0.78047818 210 210 210
0.49704218 0.14740515 -0.78749377 210 210 210
-0.46226525 0.85242295 -0.69670433 210 210 210
1.1726977 0.5749867 -0.50921184 210 210 210
-0.19309998 0.12344369 -0.69914562 210 210 210
-0.2057438 0.13778284 -0.68294036 210 210 210
0.47753084 0.1243825 -0.74725777 210 210 210
0.88119209 -0.094385102 -0.79111522 210 210 210
0.85133314 -0.071130559 -0.76813257 210 210 210
0.85324717 -0.40661851 -1.0808259 210 210 210
0.13765 -0.58503777 -0.96318346 210 210 210
0.85351676 -0.33397812 -0.97253227 210 210 210
-0.52788806 0.83737892 -0.6952911 210 210 210
0.74240381 0.99503064 -0.31885454 210 210 210
1.0471219 0.73353869 -0.4164584 210 210 210
0.7034204 1.0548801 -0.32618001 210 210 210
0.62266684 1.0661434 -0.23283653 210 210 210
0.46961448 0.1223663 -0.74688053 210 210 210
-0.90465957 -0.3810184 -0.035295472 210 210 210
0.028957374 -0.45031941 -0.85376561 210 210 210
0.93598032 0.83125877 -0.29479042 210 210 210
-0.23686008 1.2202109 -0.1927177 210 210 210
0.79574692 0.050023567 -0.67958647 210 210 210
1.2453762 0.50323504 -0.44563189 210 210 210
-0.024074787 -0.48131561 -0.83807808 210 210 210
0.068966098 -0.51329827 -0.89649951 210 210 210
0.66867405 0.10301607 -0.69748449 210 210 210
-0.13670582 0.5727948 -0.27826425 210 210 210
0.67468023 1.1810859 -0.68355322 210 210 210
-0.5901078 0.72855705 -0.74215776 210 210 210
1.6857301 0.75198978 -0.79093546 210 210 210
1.225678 0.53842926 -0.45615372 210 210 210
-0.057717841 -0.8120929 -0.92377651 210 210 210
0.23144539 -0.71985769 -0.79606372 210 210 210
-0.91609347 0.15028743 -0.60021776 210 210 210
0.98808759 0.84978211 -0.30142993 210 210 210
1.2315603 0.48238483 -0.46016714 210 210 210
0.24923012 0.76791942 -0.59422594 210 210 210
-0.70311117 0.29138744 -0.5814718 210 210 210
-0.71644837 0.28567114 -0.57525831 210 210 210
0.31036425 -0.071074061 -0.70796305 210 210 210
-0.73724532 0.25852326 -0.58681452 210 210 210
0.86947924 -0.39847058 -1.0960323 210 210 210
0.83120888 0.036596853 -0.70691758 210 210 210
1.2139056 0.5696373 -0.44349676 210 210 210
-0.94558144 -0.56402552 -0.32633871 210 210 210
-0.29618821 0.33161893 -0.61174703 210 210 210
0.92117429 0.82804859 -0.29934612 210 210 210
1.0278709 0.025478782 -0.82385474 210 210 210
0.21590108 0.18016624 -0.70728439 210 210 210
1.184032 0.47965813 -0.43585023 210 210 210
-0.64544952 0.61662084 -0.68020242 210 210 210
-0.69344616 0.48315766 -0.58127272 210 210 210
0.78164762 -0.37546343 -1.1625208 210 210 210
1.2086672 0.51287639 -0.54659909 210 210 210
0.45071614 0.11146725 -0.74739796 210 210 210
2.100492 0.80750966 -0.74541968 210 210 210
1.033631 -0.11299306 -0.94271523 210 210 210
-0.46644703 0.79357815 -0.68667686 210 210 210
-0.14675987 0.14431557 -0.71820873 210 210 210
1.204671 0.50433725 -0.46931228 210 210 210
0.84735948 -0.22092122 -0.83047873 210 210 210
0.77927619 -0.49133214 -1.1873862 210 210 210
1.2025114 0.50468796 -0.46797627 210 210 210
0.54882163 -0.43986657 -0.84461409 210 210 210
0.83423936 0.97861832 -0.43914741 210 210 210
-0.0037149705 0.25634277 -0.67223006 210 210 210
0.88710183 0.7101056 -0.63770729 210 210 210
0.72851622 0.19747341 -0.6583299 210 210 210
0.81418592 -0.15688576 -0.79082066 210 210 210
-0.49362573 0.76895857 -0.68538183 210 210 210
0.35145685 -0.3989968 -0.81612259 210 210 210
1.2185152 0.47090194 -0.48011404 210 210 210
0.30412304 -0.74937326 -0.59911174 210 210 210
0.80396944 -0.45387697 -1.2028513 210 210 210
-0.17849508 0.14978522 -0.70267904 210 210 210
0.4761655 0.12339418 -0.74610519 210 210 210
-0.23565671 0.094238818 -0.72650504 210 210 210
1.0136203 0.7384662 -0.27780062 210 210 210
0.15713128 0.050315168 -0.66998017 210 210 210
0.28392628 -0.41482589 -0.81560159 210 210 210
-0.11915167 0.0072869812 -0.65049648 210 210 210
-0.14507674 0.27908933 -0.32779753 210 210 210
-0.54070067 0.70068175 -0.41960546 210 210 210
0.79856056 -0.45764753 -1.1942365 210 210 210
0.57524055 0.1456417 -0.71366757 210 210 210
0.023665072 -0.46934122 -0.83929735 210 210 210
0.84863853 -0.055596303 -0.75999862 210 210 210
-0.12343574 0.021777082 -0.64465719 210 210 210
-0.21946521 0.069084659 -0.73071486 210 210 210
0.84005535 -0.17140254 -0.85504043 210 210 210
1.1351404 0.57316345 -0.44655249 210 210 210
0.44845927 0.11559713 -0.77492326 210 210 210
1.237425 0.55729628 -0.52538472 210 210 210
0.81216532 0.008491463 -0.70324361 210 210 210
1.237832 0.51599413 -0.51332265 210 210 210
0.73155814 -0.43267182 -1.1760526 210 210 210
0.79522711 -0.46129367 -1.1954741 210 210 210
1.0389628 0.7010144 -0.31711978 210 210 210
-0.33246496 0.0014621931 -0.70534718 210 210 210
-0.20309487 0.083295099 -0.67626452 210 210 210
0.85434335 -0.35586497 -1.0004677 210 210 210
-0.08582364 0.55818105 -0.36392048 210 210 210
0.21131711 -0.70537114 -1.0660938 210 210 210
0.86719811 -0.35797477 -1.1114694 210 210 210
-0.18365918 0.058557436 -0.68953198 210 210 210
-0.19923632 0.088823676 -0.68142062 210 210 210
0.56641769 0.16423355 -0.70707262 210 210 210
-0.036909372 -0.069344483 -0.59250909 210 210 210
0.86747116 -0.056371372 -0.76380646 210 210 210
0.90250587 -0.41016752 -1.0169839 210 210 210
-0.92422414 0.055378687 -0.60491472 210 210 210
0.28731626 -0.095378362 -0.71291107 210 210 210
1.0593116 0.75907719 -0.27761775 210 210 210
-0.20724735 0.33078006 -0.30943868 210 210 210
0.028161988 -0.44921491 -0.85233974 210 210 210
0.17651424 -0.13680567 -0.84611261 210 210 210
-0.67890918 0.34096083 -0.57742935 210 210 210
-0.21419536 0.33077875 -0.27342546 210 210 210
0.37001905 -0.2384934 -0.82716036 210 210 210
0.52792776 0.16885304 -0.71381456 210 210 210
-0.18718624 -0.089401893 -0.73404169 210 210 210
1.2506547 0.46062571 -0.45927954 210 210 210
-0.6958214 0.29686162 -0.58023316 210 210 210
0.22285067 -0.9604882 -1.1771466 210 210 210
-0.19996779 0.11023137 -0.68208206 210 210 210
0.83308095 -0.032107178 -0.73057002 210 210 210
2.0624328 0.78379244 -0.70234811 210 210 210
0.11182614 -0.12314607 -0.84034425 210 210 210
0.3002539 0.51539415 -0.39914662 210 210 210
0.81192154 0.036934853 -0.69201487 210 210 210
0.38534743 -0.67929351 -1.355116 210 210 210
1.2012399 0.50383061 -0.48841739 210 210 210
0.84542918 0.0020948912 -0.72809213 210 210 210
0.070728578 -0.6738072 -0.8263576 210 210 210
0.87032259 -0.47428164 -1.0913985 210 210 210
0.86916643 -0.18278456 -0.82327884 210 210 210
0.75291818 0.14055306 -0.65397733 210 210 210
0.14188093 -0.57696825 -0.97310859 210 210 210
-0.9049812 0.066615887 -0.63421917 210 210 210
-0.29329288 -0.056349728 -0.72510684 210 210 210
0.89038587 -0.45588052 -1.0651811 210 210 210
-0.70253354 0.31928572 -0.57182467 210 210 210
0.76201379 1.3115904 -0.21813004 210 210 210
0.3232871 -0.38659781 -0.83827883 210 210 210
0.098245598 -0.14741687 -0.83929014 210 210 210
0.68023759 1.1782415 -0.68807244 210 210 210
-0.85618824 0.9146834 -0.62095088 210 210 210
0.47298396 0.10374943 -0.73173505 210 210 210
0.35856855 -0.24142312 -0.8224985 210 210 210
-0.0076494766 -0.45416048 -0.84461248 210 210 210
-0.26342842 0.1175695 -0.68338048 210 210 210
0.85295188 -0.31374946 -0.92438549 210 210 210
0.88751584 -0.39806911 -0.9912591 210 210 210
0.48802215 0.12837262 -0.75338674 210 210 210
0.86977345 -0.22446229 -0.84154743 210 210 210
-0.045567125 -0.821459 -0.95154679 210 210 210
0.82256484 -0.039604064 -0.72798294 210 210 210
1.2647232 0.53432709 -0.5174017 210 210 210
-0.47747019 0.84860337 -0.68949306 210 210 210
-0.68160933 0.59615475 -0.63559598 210 210 210
0.84573418 -0.054788914 -0.75325775 210 210 210
0.8412286 -0.022449186 -0.73502117 210 210 210
0.02488911 -0.47115108 -0.84302771 210 210 210
0.38426188 0.014273413 -0.73394799 210 210 210
0.79419237 0.97617364 -0.36172423 210 210 210
-0.21086171 0.11147656 -0.71367198 210 210 210
-0.71015161 0.26944745 -0.58108735 210 210 210
0.48982108 0.068908066 -0.72246969 210 210 210
0.86760736 -0.09653005 -0.78122008 210 210 210
0.22865117 0.26074642 -0.71845537 210 210 210
-0.17828336 0.054879021 -0.69082689 210 210 210
0.70771742 0.14230224 -0.67796469 210 210 210
-0.24810489 0.099504501 -0.63173997 210 210 210
0.30809185 -0.08184021 -0.71553004 210 210 210
-0.43339527 -0.12121224 -0.54091263 210 210 210
-0.28859723 0.29269445 -0.77449846 210 210 210
0.87175947 -0.078933589 -0.77671719 210 210 210
0.25729555 -0.7852419 -0.58974731 210 210 210
1.0548126 -0.042148884 -0.90227187 210 210 210
0.89076954 -0.44773778 -1.0683547 210 210 210
0.89310426 -0.44469374 -1.0632975 210 210 210
0.90054727 -0.43757135 -1.0560379 210 210 210
0.25506899 -0.20875928 -0.86150223 210 210 210
-0.70550084 0.32704788 -0.57340366 210 210 210
0.75336093 0.11210992 -0.65657008 210 210 210
2.0153787 0.77261072 -0.74866134 210 210 210
1.2227912 0.4827486 -0.46511182 210 210 210
0.86038661 -0.14981936 -0.80442989 210 210 210
0.05253461 -0.31246668 -0.75359195 210 210 210
0.54686046 0.16041858 -0.70715487 210 210 210
1.2297268 0.51254195 -0.47816974 210 210 210
1.1449065 0.56372696 -0.51791775 210 210 210
-0.12944382 0.30596122 -0.36281171 210 210 210
0.32009456 -0.12357511 -0.75798374 210 210 210
-0.34043726 -0.58968866 -0.77238387 210 210 210
-0.18045554 0.21622348 -0.38381216 210 210 210
0.85774326 -0.11246098 -0.78729987 210 210 210
0.87706608 -0.063002944 -0.77431786 210 210 210
0.5102666 0.14325066 -0.78115761 210 210 210
0.8582812 -0.11903608 -0.79137951 210 210 210
0.25930214 0.27123767 -0.49228227 210 210 210
0.46125063 0.10774393 -0.72428876 210 210 210
-0.34151185 -1.2342923 -0.49275166 210 210 210
0.056351382 -0.48446712 -0.91208082 210 210 210
1.1889477 0.48037666 -0.43721646 210 210 210
-0.37221435 -0.11333653 -0.54363036 210 210 210
0.62898278 0.1061013 -0.65672737 210 210 210
0.85190082 -0.054717727 -0.7590037 210 210 210
-0.23779844 0.15507117 -0.66791713 210 210 210
1.2379127 0.50454098 -0.44235402 210 210 210
0.74622399 0.18025532 -0.65104312 210 210 210
0.87945884 -0.0852281 -0.78677726 210 210 210
-0.16876552 0.22674339 -0.38091385 210 210 210
-0.2741994 0.55066735 -0.41322681 210 210 210
-0.2252851 0.4494153 -0.25157586 210 210 210
0.11957972 -0.58962929 -0.95679104 210 210 210
-0.025818231 -0.48223341 -0.8381117 210 210 210
-0.014556477 -0.46783099 -0.84422594 210 210 210
0.40425998 0.54039371 -0.40329462 210 210 210
0.83772391 -0.0095821368 -0.73343235 210 210 210
-0.19948873 0.065018617 -0.68169701 210 210 210
0.85320747 -0.16559267 -0.8048178 210 210 210
1.2031335 0.60555971 -0.5592261 210 210 210
0.78067023 -0.39466551 -1.1503392 210 210 210
0.87381697 -0.073753476 -0.78014314 210 210 210
1.1909777 0.50598794 -0.42945218 210 210 210
0.86821675 -0.15840647 -0.81110346 210 210 210
0.71619028 0.17493914 -0.6509341 210 210 210
1.0276629 0.87840068 -0.64618534 210 210 210
1.2284492 0.46585467 -0.45797136 210 210 210
1.1923724 0.50347757 -0.43106887 210 210 210
0.84071344 -0.11193766 -0.80281842 210 210 210
-0.35683534 -0.34059402 -0.76078719 210 210 210
-0.091137759 -0.77223295 -0.9020673 210 210 210
0.29356766 0.24769475 -0.60360414 210 210 210
-0.0089935567 -0.18278538 -0.78258592 210 210 210
0.92573786 0.67047858 -0.53228039 210 210 210
-0.26220363 1.0177211 -0.26629367 210 210 210
-0.99806494 -0.062614433 -0.56286967 210 210 210
-0.28222197 1.1359284 -0.1956789 210 210 210
0.87985712 0.97012156 -0.66157824 210 210 210
-0.34047812 0.39035085 -0.62022668 210 210 210
-0.1789671 0.076242775 -0.68851352 210 210 210
0.71935678 0.18239442 -0.65145105 210 210 210
1.2072917 0.51699305 -0.43366402 210 210 210
-0.31764171 0.30038807 -0.5915817 210 210 210
0.27322674 -0.089743152 -0.72791541 210 210 210
-0.21197248 0.11031084 -0.6687144 210 210 210
0.30486387 0.75832391 -0.58012301 210 210 210
0.080483064 -0.1333801 -0.83708274 210 210 210
-0.38271281 0.24211678 -0.53222924 210 210 210
0.25210235 0.17700975 -0.62888765 210 210 210
0.52356178 -0.18613626 -0.79433703 210 210 210
-0.26526886 0.39343366 -0.23167594 210 210 210
-0.04777614 -0.46954146 -0.84302139 210 210 210
-0.49122378 0.75532001 -0.68522638 210 210 210
1.2645022 0.46821669 -0.47291377 210 210 210
0.7943545 -0.46953455 -1.1900105 210 210 210
-0.075428575 -0.79985875 -0.94165474 210 210 210
-0.69349128 0.52329803 -0.60159689 210 210 210
-0.21798821 -0.23519537 -0.74569118 210 210 210
-0.20616969 0.13121545 -0.6865533 210 210 210
-0.75588375 -0.032858618 -0.66354936 210 210 210
0.90182459 -0.3868933 -0.99393177 210 210 210
1.2358271 0.59938127 -0.55155551 210 210 210
1.0516515 -0.037153907 -0.95774448 210 210 210
0.29908815 0.75703931 -0.57551527 210 210 210
1.0517074 0.048256002 -0.84084481 210 210 210
-0.69039071 0.51339036 -0.5850262 210 210 210
1.2013445 0.51952386 -0.43191826 210 210 210
1.1093097 0.56268805 -0.44837734 210 210 210
0.47666439 0.091975324 -0.71374607 210 210 210
-0.165172 -0.071514636 -0.65075982 210 210 210
1.1968694 0.53967661 -0.46687758 210 210 210
-0.090929732 -0.79752523 -0.94625419 210 210 210
-0.18781005 0.11357462 -0.6877749 210 210 210
-0.48781857 0.63533342 -0.72177887 210 210 210
0.29425511 -0.43977487 -0.80500787 210 210 210
1.1965966 0.61674303 -0.53673458 210 210 210
0.88716692 -0.37434816 -0.9617787 210 210 210
-0.19927891 0.092499577 -0.68018287 210 210 210
0.40639216 -0.66809547 -0.61058676 210 210 210
-0.48120651 0.6840865 -0.66986489 210 210 210
0.23141044 -0.10462645 -0.78088045 210 210 210
1.219644 0.53498924 -0.46881029 210 210 210
1.2181518 0.53181177 -0.44168144 210 210 210
1.2060612 0.53390503 -0.43903258 210 210 210
0.27792007 0.29872847 -0.50093114 210 210 210
0.20206937 0.1887362 -0.60928708 210 210 210
-0.7729395 -0.0015237989 -0.67645758 210 210 210
0.8977713 -0.35432613 -0.99104238 210 210 210
0.16057384 -0.096122377 -0.86590081 210 210 210
-0.34310666 0.78176665 -0.29682615 210 210 210
0.12454329 -0.60864198 -0.9605239 210 210 210
2.0024827 0.82088768 -0.69739944 210 210 210
1.1894007 0.53031123 -0.46410933 210 210 210
1.1935062 0.53332829 -0.4407059 210 210 210
-0.17417151 0.052390762 -0.6865297 210 210 210
0.45045924 0.10990669 -0.7743398 210 210 210
-0.64365017 0.69996679 -0.68128014 210 210 210
0.21928489 0.1488294 -0.67409915 210 210 210
1.937349 0.80884963 -0.71111268 210 210 210
-0.3518391 -0.061604355 -0.73208147 210 210 210
0.02045737 0.038414873 -0.70727426 210 210 210
1.0574195 0.0018224142 -0.87202621 210 210 210
0.81015408 0.027163083 -0.73282695 210 210 210
1.2469345 0.52991718 -0.53304774 210 210 210
0.84395075 -0.15857551 -0.7946524 210 210 210
0.80776328 -0.47758037 -1.1622008 210 210 210
0.99570942 -0.064319678 -0.978971 210 210 210
-0.28636679 -0.052398875 -0.71768916 210 210 210
0.92106605 0.82467353 -0.29802608 210 210 210
-0.32587361 0.24835519 -0.45394129 210 210 210
0.77172565 0.11994443 -0.68367273 210 210 210
-0.30237293 0.10844835 -0.78040272 210 210 210
-0.3686395 0.4384388 -0.67315441 210 210 210
0.86820894 -0.030588064 -0.75404692 210 210 210
0.14841114 -0.56038034 -0.96550435 210 210 210
0.73854584 0.23261577 -0.69378436 210 210 210
-0.20873955 0.11544092 -0.67872638 210 210 210
0.2778185 0.56327718 -0.38442981 210 210 210
0.02446405 -0.83466673 -0.93048024 210 210 210
-0.011221235 -0.46735364 -0.84281969 210 210 210
0.78079689 -0.3902469 -1.1503423 210 210 210
-0.27710623 0.29327247 -0.60507077 210 210 210
1.1191131 0.5555796 -0.52014124 210 210 210
0.80252957 1.2868778 -0.61463642 210 210 210
0.83282036 -0.10985974 -0.76621026 210 210 210
0.97425073 -0.059006143 -0.96571785 210 210 210
0.80232668 0.98267394 -0.67702961 210 210 210
0.85656106 -0.34961328 -0.99570084 210 210 210
0.1576276 0.3522093 -0.52487057 210 210 210
-0.70383763 0.48006123 -0.58391505 210 210 210
0.20863077 -0.81382376 -0.58200705 210 210 210
1.946734 0.89384073 -0.78090817 210 210 210
-0.2196617 0.087717414 -0.6284371 210 210 210
-0.54920018 0.70777774 -0.70672393 210 210 210
0.88084728 -0.11336177 -0.79995501 210 210 210
0.001849378 -0.44628358 -0.85597634 210 210 210
0.87062395 -0.063793227 -0.76933014 210 210 210
0.6245783 0.92314744 -0.66969287 210 210 210
1.1224321 0.54024929 -0.49970371 210 210 210
0.45061365 0.11037467 -0.7528677 210 210 210
0.84079295 -0.0069973422 -0.72580105 210 210 210
0.86052102 -0.41084987 -1.0677396 210 210 210
0.64746767 1.0391663 -0.33371782 210 210 210
-0.53969073 0.76230961 -0.69310677 210 210 210
0.41244733 0.46765563 -0.4090288 210 210 210
1.1299952 0.59440023 -0.52784061 210 210 210
-0.20603172 -0.066817097 -0.73123956 210 210 210
1.9616747 0.85952556 -0.78174084 210 210 210
-0.30482888 0.097375378 -0.81241238 210 210 210
-0.15137787 0.22137333 -0.35506907 210 210 210
0.13633907 -0.15913163 -0.83667886 210 210 210
0.89467287 -0.38523427 -0.98608631 210 210 210
0.8792094 1.295804 -0.58721656 210 210 210
0.81352049 -0.026260613 -0.71864134 210 210 210
-0.55978209 0.76298207 -0.7023443 210 210 210
0.78341985 1.2970973 -0.60470623 210 210 210
-0.20087385 0.079393797 -0.41072771 210 210 210
0.79275984 0.020819174 -0.68897098 210 210 210
-0.34225798 0.047552101 -0.83929265 210 210 210
0.094658136 -0.47468826 -0.90625042 210 210 210
1.0569896 -0.079383597 -0.95058703 210 210 210
0.8603642 0.82641375 -0.30091783 210 210 210
0.40580487 0.56457442 -0.39342839 210 210 210
-0.7074787 0.47728705 -0.5847156 210 210 210
0.79516315 1.2540759 -0.62935621 210 210 210
0.87297523 -0.24524115 -0.86788654 210 210 210
-0.30587631 0.19490883 -0.76537907 210 210 210
0.26937997 -0.095608294 -0.73134547 210 210 210
0.81782597 -0.042685471 -0.72763628 210 210 210
0.24294919 0.18242577 -0.62469304 210 210 210
0.23423523 -0.10949933 -0.77546632 210 210 210
-0.66154963 0.34687144 -0.57823694 210 210 210
0.2975972 0.17652173 -0.61675739 210 210 210
0.85069811 -0.14514038 -0.79208666 210 210 210
0.81173009 -0.44680232 -1.1833173 210 210 210
-0.66841376 0.39686489 -0.56407064 210 210 210
0.95006019 0.64576352 -0.5830512 210 210 210
-0.18401651 0.099413373 -0.68844163 210 210 210
-0.2762785 0.35996166 -0.22733754 210 210 210
-0.24253005 0.10828198 -0.42279404 210 210 210
-0.016312735 -0.47187871 -0.8423726 210 210 210
-0.17551793 0.06029794 -0.69114685 210 210 210
0.1264572 -0.57919908 -0.9603321 210 210 210
-0.27484447 0.28727075 -0.77171659 210 210 210
-0.44500324 0.373339 -0.57251412 210 210 210
-0.170389 -0.25909781 -0.79605931 210 210 210
0.86891389 -0.20435937 -0.83270973 210 210 210
-0.36549595 0.01855219 -0.81283301 210 210 210
1.2334799 0.52336413 -0.52433884 210 210 210
-0.18521826 0.047488518 -0.68689871 210 210 210
1.257816 0.51567119 -0.52495295 210 210 210
0.89999795 -0.35599566 -0.98632514 210 210 210
2.0153787 0.77261072 -0.74866134 210 210 210
0.86067104 -0.14219515 -0.79692525 210 210 210
-0.1373556 0.28214672 -0.33155742 210 210 210
0.35330603 -0.018077767 -0.7113871 210 210 210
0.38687134 0.44249502 -0.43384686 210 210 210
0.86581004 -0.46873349 -1.0914416 210 210 210
-0.11462557 -0.043609168 -0.68196177 210 210 210
0.83710402 -0.039688364 -0.73787242 210 210 210
0.48382577 0.10651358 -0.72853589 210 210 210
0.70110995 0.20597792 -0.68131626 210 210 210
-0.68630105 0.55521709 -0.62643427 210 210 210
0.60635149 0.16103104 -0.69501019 210 210 210
0.15220714 -0.83061665 -1.2877868 210 210 210
-0.15590423 0.2697632 -0.34378007 210 210 210
0.36079618 -0.39705777 -0.80446863 210 210 210
0.87128645 -0.10576749 -0.78805649 210 210 210
-0.77335596 0.83915585 -0.61650431 210 210 210
0.85256726 -0.07895942 -0.7654857 210 210 210
-0.86757421 0.082127221 -0.63401711 210 210 210
0.93742472 0.77052927 -0.61768615 210 210 210
0.86085129 -0.11459783 -0.7867198 210 210 210
0.28487992 -0.12148084 -0.82432353 210 210 210
0.66361177 0.22021508 -0.69650024 210 210 210
-0.23358296 0.86507827 -0.21433511 210 210 210
0.87576711 -0.058522496 -0.77136976 210 210 210
0.21390365 -0.17288826 -0.86034185 210 210 210
0.35890141 0.41928139 -0.45759442 210 210 210
0.68082708 0.16659811 -0.68110222 210 210 210
1.2213739 0.54132015 -0.51244992 210 210 210
0.7693246 -0.48272389 -1.2106456 210 210 210
-0.085301235 -0.07731083 -0.62833118 210 210 210
0.88523424 -0.097511679 -0.79645908 210 210 210
1.2173777 0.5041067 -0.43819806 210 210 210
0.88759196 -0.1130985 -0.80428457 210 210 210
0.50245386 0.11668056 -0.72239006 210 210 210
0.25230625 0.18248005 -0.62357503 210 210 210
0.84542561 -0.050772198 -0.75319737 210 210 210
1.2567285 0.49395588 -0.46507832 210 210 210
-0.93285465 0.1085664 -0.62279463 210 210 210
0.52009255 0.017953698 -0.67362738 210 210 210
-0.24091388 0.050594248 -0.64148849 210 210 210
1.2382802 0.53884071 -0.47916201 210 210 210
-0.70173174 0.50460559 -0.58169031 210 210 210
-0.86821347 0.071380205 -0.59903395 210 210 210
-0.65983635 0.3822479 -0.54574001 210 210 210
0.47838038 -0.52237689 -0.420955 210 210 210
-0.67525476 0.33308586 -0.57623553 210 210 210
0.84952575 -0.11026907 -0.77903855 210 210 210
0.97684652 0.84795076 -0.64246982 210 210 210
1.1396232 0.54270822 -0.46637088 210 210 210
0.85486364 -0.078003719 -0.77011812 210 210 210
-0.2767382 0.12485505 -0.75329083 210 210 210
1.21907 0.50701773 -0.43540663 210 210 210
0.84891546 -0.064547434 -0.76438969 210 210 210
-0.21102689 0.089584395 -0.66830367 210 210 210
0.48384017 0.12103235 -0.72997797 210 210 210
0.3509303 0.16471972 -0.71797442 210 210 210
0.46428859 0.11873389 -0.75734133 210 210 210
0.12162848 -0.090143949 -0.83784413 210 210 210
0.91508216 0.8593899 -0.24680287 210 210 210
0.90893072 0.69896305 -0.57976639 210 210 210
0.54555494 0.11115555 -0.70698196 210 210 210
0.94633013 0.84386903 -0.29732379 210 210 210
-0.20464952 0.10301616 -0.67426187 210 210 210
-0.18857381 -0.022807121 -0.75228477 210 210 210
0.35344562 0.15559682 -0.68999267 210 210 210
0.70111763 0.1684681 -0.65138733 210 210 210
0.7050451 0.1711947 -0.65123177 210 210 210
1.012307 0.90589195 -0.65726042 210 210 210
0.71532279 0.17810003 -0.6509794 210 210 210
0.881262 -0.12819807 -0.80996686 210 210 210
0.51551688 0.14414404 -0.77053452 210 210 210
0.71378082 0.17617966 -0.65046507 210 210 210
1.1935405 0.51203161 -0.4294619 210 210 210
-0.53003263 -0.53678346 -0.59828734 210 210 210
0.83566278 -0.070839681 -0.75042146 210 210 210
0.84883511 -0.061608732 -0.76689476 210 210 210
-0.16605431 -0.018531123 -0.69075847 210 210 210
0.33879066 0.49883795 -0.40203917 210 210 210
0.7960121 -0.42862895 -1.111516 210 210 210
0.67055261 1.1908597 -0.67968607 210 210 210
0.77984893 1.006502 -0.67804658 210 210 210
-0.22345129 0.086478986 -0.64326346 210 210 210
1.2380062 0.52765936 -0.50234848 210 210 210
-0.30571091 0.13626699 -0.76714826 210 210 210
0.84809953 -0.056055143 -0.76585901 210 210 210
-0.21255764 0.088662855 -0.63155717 210 210 210
0.25660726 0.17430145 -0.63330144 210 210 210
-0.3713105 0.43182835 -0.61091751 210 210 210
-0.11657257 0.118564 -0.69123238 210 210 210
0.79263967 0.028947538 -0.68639481 210 210 210
0.87552392 0.72159225 -0.63055539 210 210 210
1.2446412 0.51911873 -0.44464648 210 210 210
-0.19236201 0.049273379 -0.69132793 210 210 210
1.0864764 0.84623265 -0.66720074 210 210 210
-0.19124661 0.041327175 -0.68071997 210 210 210
1.04466 -0.035151824 -0.9422521 210 210 210
0.84644049 -0.32310525 -1.1180375 210 210 210
-0.44226792 -0.026715191 -0.80684692 210 210 210
0.66590339 1.0768912 -0.23570433 210 210 210
-0.49071825 0.80386776 -0.71134299 210 210 210
-0.20763624 0.11234571 -0.67522234 210 210 210
1.0010272 0.80228621 -0.30723029 210 210 210
0.50445682 0.11293133 -0.71985924 210 210 210
0.86355251 -0.19210035 -0.82391012 210 210 210
0.73655325 0.18527368 -0.65536731 210 210 210
0.48274457 0.12564856 -0.74754351 210 210 210
0.46587721 0.11998736 -0.75829065 210 210 210
-0.83813542 1.1520572 -0.65383708 210 210 210
1.0518159 0.89804757 -0.24521621 210 210 210
-0.27596378 0.097825184 -0.63315284 210 210 210
1.1276127 0.69054687 -0.58435887 210 210 210
0.67324311 1.2272822 -0.66485 210 210 210
-0.21867293 0.37081292 -0.27430159 210 210 210
0.50667453 0.069867425 -0.72000343 210 210 210
0.98158091 -0.12661538 -1.0174423 210 210 210
1.1622748 0.58993524 -0.48400345 210 210 210
-0.25707555 0.040554784 -0.63804549 210 210 210
1.1341522 0.58279771 -0.50916666 210 210 210
0.06725575 -0.070247687 -0.89813906 210 210 210
1.1729404 0.52897787 -0.4391495 210 210 210
0.82537508 -0.0074273353 -0.74610734 210 210 210
1.1473478 0.54480541 -0.44003275 210 210 210
1.2179139 0.53138125 -0.44245657 210 210 210
-0.014590035 0.29768959 -0.64615381 210 210 210
0.5065937 0.072881319 -0.71973431 210 210 210
-0.21076672 0.3775039 -0.27879822 210 210 210
-0.19384405 0.088964097 -0.68407595 210 210 210
1.2671626 0.51671076 -0.53415436 210 210 210
1.2107302 0.53230393 -0.44099048 210 210 210
0.48898011 0.10822444 -0.7279039 210 210 210
0.7429927 -0.47058922 -1.1233889 210 210 210
-0.23376608 0.049953829 -0.64759433 210 210 210
0.81469655 0.86427671 -0.39759442 210 210 210
0.54283279 0.016507862 -0.67063808 210 210 210
0.84022903 -0.27923676 -0.85462815 210 210 210
-0.25480714 0.0029291527 -0.79918468 210 210 210
-0.8739816 0.84066755 -0.63703793 210 210 210
0.46910372 0.12205295 -0.75912827 210 210 210
0.9445709 -0.28644997 -1.1200998 210 210 210
-0.17914557 0.097325087 -0.69033587 210 210 210
0.10942584 -0.079213746 -0.82232571 210 210 210
-0.11763073 -0.037613194 -0.68009526 210 210 210
0.86477298 -0.40232605 -1.0424124 210 210 210
0.48675445 0.10746317 -0.72303545 210 210 210
0.85934156 -0.21586643 -0.83152133 210 210 210
0.45872211 0.10713512 -0.72926378 210 210 210
1.1821278 0.53530288 -0.44318581 210 210 210
0.79936326 -0.12562054 -0.81394756 210 210 210
2.0137222 0.82407248 -0.69913775 210 210 210
-0.18498585 0.079679914 -0.68809664 210 210 210
1.2362598 0.45189437 -0.45827967 210 210 210
0.10888004 0.010231983 -0.57971138 210 210 210
0.48949262 0.10810977 -0.7326026 210 210 210
-0.20798296 0.12358645 -0.68186712 210 210 210
0.84056401 -0.47940281 -1.0630127 210 210 210
0.89184761 -0.12145426 -0.8124944 210 210 210
0.7660833 -0.40308726 -1.15536 210 210 210
-0.10053035 0.8545965 -0.37874705 210 210 210
0.2746456 0.21137588 -0.61017841 210 210 210
0.15869653 -0.20621595 -0.85006028 210 210 210
0.79186696 -0.45610952 -1.0831634 210 210 210
-0.6530894 0.5104655 -0.5889051 210 210 210
0.012295258 -0.47505426 -0.8398878 210 210 210
0.4647423 0.11936592 -0.75840545 210 210 210
-0.6695537 0.39576298 -0.55497223 210 210 210
0.56781191 0.23545194 -0.69535702 210 210 210
0.50074124 0.52680427 -0.12515491 210 210 210
0.94626868 -0.22807007 -1.0729432 210 210 210
1.977782 0.83498257 -0.71576732 210 210 210
-0.69289595 0.31439814 -0.57583934 210 210 210
0.22599927 0.17033108 -0.71016037 210 210 210
0.45411292 0.11045967 -0.75477296 210 210 210
-0.64485347 0.68265182 -0.68972874 210 210 210
0.11445573 0.53812331 -0.34961584 210 210 210
0.72122765 0.17941386 -0.6531831 210 210 210
-0.17844607 0.055366985 -0.69146103 210 210 210
0.25996822 0.20252365 -0.61245918 210 210 210
0.86584091 -0.17842288 -0.81830734 210 210 210
0.47572482 0.10720337 -0.72335714 210 210 210
1.2332853 0.54248655 -0.43826199 210 210 210
0.29957631 0.19643901 -0.60648012 210 210 210
-0.22283632 0.15127127 -0.68829954 210 210 210
-0.56315225 0.69977736 -0.70042992 210 210 210
0.81252968 -0.44961125 -1.2120402 210 210 210
1.0398034 0.7068249 -0.61292773 210 210 210
-0.69504046 0.28224719 -0.58038974 210 210 210
0.24950862 0.50479996 -0.41793847 210 210 210
-0.37061301 0.020901414 -0.760131 210 210 210
-0.22832982 0.065636739 -0.65427589 210 210 210
1.2268039 0.49758282 -0.4973751 210 210 210
0.46817511 0.10482176 -0.73139292 210 210 210
-0.66535211 0.34375241 -0.57778221 210 210 210
-0.2759611 0.10915828 -0.7454235 210 210 210
-0.5652011 0.69904089 -0.70541531 210 210 210
0.29671967 0.18221723 -0.61036831 210 210 210
-0.82844406 0.059083421 -0.6101889 210 210 210
0.042837661 0.54809189 -0.32204863 210 210 210
1.9794128 0.83297032 -0.73162806 210 210 210
0.89429814 0.84938306 -0.24545878 210 210 210
0.21554115 0.18053384 -0.70752937 210 210 210
-0.76578891 -0.032518968 -0.69246012 210 210 210
0.86838084 -0.32796139 -0.94798458 210 210 210
0.52021265 0.10704766 -0.70928013 210 210 210
1.0122797 0.84596175 -0.31155008 210 210 210
-0.20155324 0.069064774 -0.67951542 210 210 210
-0.86588907 0.063366584 -0.61763412 210 210 210
-0.69743657 0.49965408 -0.5842309 210 210 210
0.43534142 0.56586385 -0.41513082 210 210 210
0.70496243 0.20426685 -0.67892259 210 210 210
0.48750257 0.59854913 -0.41267973 210 210 210
1.093931 0.76788706 -0.46820292 210 210 210
0.4514361 0.11131293 -0.74764073 210 210 210
0.85136849 1.2773862 -0.60046762 210 210 210
0.67700732 1.0736079 -0.34224752 210 210 210
0.2076709 0.1760637 -0.70216399 210 210 210
-0.20332703 0.11984702 -0.68299127 210 210 210
-0.90031332 1.0972515 -0.67741203 210 210 210
-0.68495387 0.63205343 -0.64933056 210 210 210
-0.27334285 0.82482904 -0.30377021 210 210 210
0.78095663 1.0074345 -0.6661008 210 210 210
-0.18959442 0.074100718 -0.68675363 210 210 210
0.51405895 0.13721904 -0.75079322 210 210 210
1.1591522 0.54909551 -0.41517133 210 210 210
-0.68761969 0.48394263 -0.5793131 210 210 210
0.90531659 -0.39124098 -0.99984246 210 210 210
1.0972327 0.50161618 -0.46439418 210 210 210
0.91251898 -0.28963944 -0.90784168 210 210 210
0.81196165 1.2567012 -0.62316942 210 210 210
-0.53255415 0.76323342 -0.70089215 210 210 210
1.258393 0.51747227 -0.50893205 210 210 210
0.4620586 0.11628709 -0.75355387 210 210 210
0.87513036 -0.29923141 -0.88482726 210 210 210
1.0192683 0.7812587 -0.65461898 210 210 210
-0.27741748 1.1611315 -0.19546692 210 210 210
-0.55506659 0.65981501 -0.2801457 210 210 210
1.2317561 0.4762592 -0.4558076 210 210 210
0.68550307 1.2175062 -0.66966587 210 210 210
-0.68985301 0.51286906 -0.60665935 210 210 210
1.1500242 0.5221107 -0.54081243 210 210 210
0.80244642 0.010540629 -0.69890386 210 210 210
0.82321227 -0.037365615 -0.7285375 210 210 210
0.59934872 1.3429973 -0.63528633 210 210 210
0.87526411 -0.11052012 -0.79973257 210 210 210
1.2260039 0.49369738 -0.45427668 210 210 210
0.85705167 -0.087650098 -0.76997006 210 210 210
-0.4419992 -0.058502849 -0.78837067 210 210 210
-0.28640574 0.83813506 -0.30020326 210 210 210
0.91219074 -0.40515089 -1.019156 210 210 210
0.43239874 0.13016495 -0.80671293 210 210 210
0.73410821 1.2101327 -0.66954637 210 210 210
-0.66070539 0.53529787 -0.64585906 210 210 210
0.44513705 0.11084335 -0.7669304 210 210 210
0.86783248 -0.14027846 -0.80113822 210 210 210
1.2243466 0.49071327 -0.49626538 210 210 210
0.86328477 -0.4043296 -1.0482224 210 210 210
0.89289206 -0.45106715 -1.0651823 210 210 210
-0.66330403 0.6046043 -0.63444626 210 210 210
0.86559594 -0.28402379 -0.8707397 210 210 210
0.4518618 0.11658739 -0.71139407 210 210 210
0.81829405 -0.074177943 -0.75017732 210 210 210
0.80261695 -0.18382086 -0.80593997 210 210 210
1.0507206 -0.090071931 -0.94317186 210 210 210
-0.77275747 -0.029527502 -0.69716126 210 210 210
-0.67807335 0.53996837 -0.58946216 210 210 210
1.2207452 0.49877402 -0.44245329 210 210 210
1.0127313 0.84935528 -0.2629362 210 210 210
0.28189251 0.21859218 -0.60456944 210 210 210
-0.15314107 0.40366396 -0.38549423 210 210 210
-0.69378716 0.51543045 -0.58568758 210 210 210
0.81327569 0.020683348 -0.7048915 210 210 210
0.46731517 0.12068334 -0.75802767 210 210 210
-0.23498568 0.052064545 -0.64723855 210 210 210
0.51052165 0.14047763 -0.76782781 210 210 210
0.80894625 0.043244265 -0.69417363 210 210 210
0.80293679 -0.081281573 -0.76069766 210 210 210
0.91673964 -0.30895567 -1.1154336 210 210 210
-0.57246763 0.72676104 -0.70744151 210 210 210
0.89931005 -0.42773467 -1.0516721 210 210 210
0.78804266 0.057471752 -0.68578583 210 210 210
0.27520046 0.17168324 -0.70621091 210 210 210
-0.21085982 0.20705551 -0.36240941 210 210 210
0.43915036 0.10974627 -0.76682198 210 210 210
0.80008733 0.021436919 -0.69449115 210 210 210
0.86382526 -0.14933676 -0.81108707 210 210 210
1.0434295 0.80264908 -0.62973535 210 210 210
-0.59449166 0.48758146 -0.55351943 210 210 210
-0.49955079 0.76178789 -0.68624479 210 210 210
0.86881876 -0.11940199 -0.79252583 210 210 210
-0.64677072 0.66332841 -0.67642665 210 210 210
-0.24080113 0.12358531 -0.63927084 210 210 210
-0.56650198 0.7395702 -0.72089845 210 210 210
0.47097605 0.12116812 -0.74457163 210 210 210
0.94572812 -0.28316614 -1.1164733 210 210 210
-0.21804471 0.056677055 -0.66381353 210 210 210
-0.20936674 0.05868087 -0.67285591 210 210 210
-0.58577693 0.69570786 -0.61688995 210 210 210
1.2081904 0.56290388 -0.52058178 210 210 210
1.0670867 -0.0040841685 -0.90352333 210 210 210
0.82374054 0.034420807 -0.71258599 210 210 210
-0.28521386 -0.16694629 -0.7902841 210 210 210
0.45347992 0.11030489 -0.75469351 210 210 210
0.94872588 -0.21721816 -1.067147 210 210 210
0.60578698 1.166706 -0.21776552 210 210 210
1.2092282 0.50603718 -0.4970167 210 210 210
0.88445419 -0.36289996 -0.98609722 210 210 210
0.85066634 -0.39344433 -1.0903043 210 210 210
0.87020332 -0.28897929 -0.90185952 210 210 210
1.2529371 0.57484865 -0.51250875 210 210 210
0.48275965 0.10555406 -0.73192024 210 210 210
0.84777784 -0.41304582 -1.0333242 210 210 210
0.85119861 -0.33972415 -1.1125408 210 210 210
0.7640112 0.16552909 -0.65565866 210 210 210
-0.0013776929 -0.4601886 -0.84686655 210 210 210
0.89995641 -0.38043058 -1.0073516 210 210 210
-0.45714369 0.66368049 -0.6923064 210 210 210
1.1503003 0.5403406 -0.47501504 210 210 210
0.36741325 0.54753584 -0.4088743 210 210 210
0.8389191 -0.11793981 -0.8035627 210 210 210
-0.92778021 0.06320855 -0.61456591 210 210 210
0.72893113 0.18362139 -0.65080434 210 210 210
0.00018558056 -0.075047322 -0.69483197 210 210 210
-0.24934809 0.098923706 -0.6245811 210 210 210
0.70394939 0.1877795 -0.66119105 210 210 210
-0.23529764 0.084756196 -0.65763634 210 210 210
0.62730551 1.2167503 -0.70624888 210 210 210
-0.17075311 0.058759823 -0.68745512 210 210 210
1.2554011 0.54105395 -0.48424822 210 210 210
0.9176327 0.99853647 -0.68031436 210 210 210
0.040582128 -0.43331927 -0.87043661 210 210 210
0.88804698 0.98256493 -0.66937739 210 210 210
0.8871612 -0.13374782 -0.81304765 210 210 210
1.2990537 0.78248072 -0.68058282 210 210 210
-0.007895573 0.26404294 -0.68143827 210 210 210
0.87474686 -0.11555938 -0.79559571 210 210 210
2.011451 0.82947087 -0.70571303 210 210 210
0.6612584 0.30169672 -0.67316282 210 210 210
0.45922342 0.13207409 -0.76305217 210 210 210
0.70882142 0.17343614 -0.65072167 210 210 210
0.21416481 0.17909926 -0.70421082 210 210 210
0.50676936 0.14153509 -0.77511513 210 210 210
-0.55040067 0.70612133 -0.70415258 210 210 210
-0.17438179 0.066763572 -0.69312304 210 210 210
0.87952352 0.81078923 -0.36504391 210 210 210
0.95914304 0.89454651 -0.38262203 210 210 210
-0.18604313 0.26353472 -0.37899515 210 210 210
1.1260409 0.58407742 -0.52538139 210 210 210
0.71164244 0.97879636 -0.42367625 210 210 210
-0.38567591 -0.11110162 -0.45855069 210 210 210
0.84133923 -0.34938413 -0.91553396 210 210 210
0.24275315 0.75655347 -0.61343026 210 210 210
1.1995642 0.5125668 -0.49430451 210 210 210
-0.32953864 0.078288026 -0.53525823 210 210 210
0.665317 0.21441683 -0.69234806 210 210 210
-0.21072961 0.058402747 -0.67332286 210 210 210
0.50336361 0.068494 -0.721802 210 210 210
0.82273328 -0.43523371 -1.193835 210 210 210
-0.16457932 0.079647876 -0.69206065 210 210 210
-0.91722876 0.075611912 -0.61029118 210 210 210
0.852687 0.75511014 -0.65674007 210 210 210
-0.24577872 0.13736737 -0.65988529 210 210 210
-0.32549378 0.10426277 -0.76111907 210 210 210
0.89970493 -0.41957721 -1.0276864 210 210 210
-0.28137553 0.29194865 -0.77211136 210 210 210
0.6094535 0.077415213 -0.66127223 210 210 210
-0.0079808943 0.2541534 -0.67124999 210 210 210
1.0003016 -0.19182196 -1.0537425 210 210 210
0.94316876 0.652089 -0.57766569 210 210 210
0.86232042 -0.26092416 -0.85427237 210 210 210
-0.77928823 -0.034875281 -0.73513168 210 210 210
-0.007251617 0.26666972 -0.67931771 210 210 210
0.51059979 0.14072821 -0.76862198 210 210 210
-0.29684547 0.13706228 -0.7669242 210 210 210
1.177919 0.6330905 -0.56948239 210 210 210
-0.29872841 0.12861574 -0.76328695 210 210 210
0.32724923 0.15611966 -0.67927885 210 210 210
0.36592305 0.16196437 -0.68959355 210 210 210
1.0640762 0.89110422 -0.66508776 210 210 210
1.2210318 0.51915681 -0.43952268 210 210 210
1.0394678 -0.0011985762 -0.90768272 210 210 210
0.80225539 -0.12601812 -0.81166649 210 210 210
-0.22898628 0.060944002 -0.65590137 210 210 210
1.0800256 0.65785825 -0.36523145 210 210 210
-0.18658999 0.094672792 -0.68824351 210 210 210
-0.78370577 0.12295785 -0.65720111 210 210 210
0.92048192 -0.05695175 -0.91293353 210 210 210
0.29816267 0.54862297 -0.48903084 210 210 210
0.72221243 0.22233927 -0.68718165 210 210 210
1.2345924 0.5053736 -0.50564754 210 210 210
0.97448242 -0.085780144 -0.99789512 210 210 210
1.0568871 0.84825569 -0.26226246 210 210 210
-0.64155775 -0.34202391 -0.63313347 210 210 210
-0.70198065 0.50405663 -0.58334351 210 210 210
-0.49109465 1.1973957 -0.34962365 210 210 210
0.7319048 1.1368321 -0.67368305 210 210 210
0.021296825 -0.081382677 -0.88944238 210 210 210
1.2352766 0.46813419 -0.47803235 210 210 210
1.1429248 0.73386919 -0.44626656 210 210 210
-0.20599286 0.13994017 -0.68289131 210 210 210
-0.68782717 0.34041035 -0.59093237 210 210 210
0.82237405 1.2634519 -0.20167913 210 210 210
-0.296709 0.83842194 -0.29374471 210 210 210
0.56303769 0.98564667 -0.43580759 210 210 210
1.2257659 0.49653926 -0.50888991 210 210 210
1.0741767 0.81516439 -0.67625386 210 210 210
-0.21747203 0.089570627 -0.72646773 210 210 210
-0.15595159 -0.027409825 -0.66649866 210 210 210
-0.25557578 0.3386029 -0.46931314 210 210 210
0.46135646 1.3119969 -0.11812042 210 210 210
0.99879509 0.79476655 -0.26031733 210 210 210
0.87188816 -0.47522792 -1.0740534 210 210 210
-0.67969996 0.37468645 -0.57443029 210 210 210
0.77767414 1.2396115 -0.64429909 210 210 210
2.0770535 0.86712211 -0.79220682 210 210 210
1.0489955 0.76019973 -0.27988443 210 210 210
-0.33482987 -1.2382534 -0.49091494 210 210 210
0.82346052 0.99893415 -0.69253325 210 210 210
-0.68801814 0.59511107 -0.64052773 210 210 210
-0.89075667 0.11166506 -0.59646696 210 210 210
0.47229993 1.2011696 -0.19426349 210 210 210
0.86478704 -0.17961848 -0.81866175 210 210 210
1.2214715 0.5454945 -0.47125003 210 210 210
0.85224354 -0.013779288 -0.73655438 210 210 210
0.68116409 0.06428013 -0.70174801 210 210 210
-0.1739881 -0.10849817 -0.70169932 210 210 210
0.86912584 -0.13659813 -0.80097681 210 210 210
-0.67495388 0.39085081 -0.61298043 210 210 210
0.79233074 0.045366824 -0.67991382 210 210 210
0.81037974 -0.22766691 -0.82986975 210 210 210
1.0704775 0.76176232 -0.44691882 210 210 210
-0.9113574 0.15703847 -0.56194413 210 210 210
0.87047309 -0.10582819 -0.78786981 210 210 210
0.026036073 0.63750064 -0.49901539 210 210 210
-0.043030925 -0.81615734 -0.94921082 210 210 210
-0.6894688 0.59319317 -0.64194584 210 210 210
-0.055996183 -0.46455303 -0.8448543 210 210 210
0.5412221 0.15270324 -0.74913836 210 210 210
0.85742092 0.82893997 -0.30478773 210 210 210
1.9083748 0.81320047 -0.81055897 210 210 210
0.21461716 0.18101199 -0.70770794 210 210 210
0.6248275 0.94544107 -0.66551208 210 210 210
1.1248385 0.52774453 -0.40867072 210 210 210
0.053576741 0.41619447 -0.67751849 210 210 210
0.72668409 0.1702188 -0.64818424 210 210 210
0.53503889 1.1823547 -0.18889344 210 210 210
0.83768576 0.041014761 -0.707587 210 210 210
-0.82984936 0.080484219 -0.62602049 210 210 210
-0.56543154 -0.32446831 -0.63646042 210 210 210
1.2448968 0.50794983 -0.44575092 210 210 210
-0.25002974 0.046906415 -0.72891808 210 210 210
1.1624869 0.58306336 -0.44191313 210 210 210
0.89592952 -0.42694646 -1.0588509 210 210 210
0.84609121 -0.34085569 -0.97764266 210 210 210
-0.55449522 -0.29832938 -0.77784121 210 210 210
0.45705053 0.10830443 -0.69620109 210 210 210
1.0661062 0.8898747 -0.66280055 210 210 210
0.19099239 -0.69593883 -0.79219747 210 210 210
-0.15692766 0.34351313 -0.35101846 210 210 210
-0.59915197 -0.45840681 -0.60365343 210 210 210
0.97384804 0.96898383 -0.69030893 210 210 210
0.68761486 1.2005777 -0.69150078 210 210 210
-0.29135412 0.83537483 -0.29520991 210 210 210
0.62863296 1.1275136 -0.68628252 210 210 210
-0.19264527 0.13390358 -0.69064713 210 210 210
-0.17715311 0.096469581 -0.69086188 210 210 210
0.89490974 0.81553304 -0.29078168 210 210 210
0.86678332 -0.45536721 -1.0398738 210 210 210
2.0194302 0.7692191 -0.70787108 210 210 210
0.90932304 -0.31836072 -0.93573701 210 210 210
0.85913765 -0.11838304 -0.80088228 210 210 210
-0.39827555 0.45248324 -0.60757029 210 210 210
0.72909379 0.18568191 -0.65255409 210 210 210
0.91713184 0.82602477 -0.29850477 210 210 210
0.81950337 0.02376713 -0.7207458 210 210 210
-0.27354801 0.012209118 -0.72662723 210 210 210
1.2443664 0.53677958 -0.44543082 210 210 210
0.5060094 0.14084448 -0.77916801 210 210 210
0.83507526 0.9438591 -0.68116927 210 210 210
-0.50000942 -0.33991838 -0.75959927 210 210 210
0.43659616 0.12121449 -0.78332567 210 210 210
0.90011841 -0.35420489 -0.98472428 210 210 210
0.97320384 0.68026936 -0.34337157 210 210 210
-0.35278782 0.56900114 -0.48219794 210 210 210
1.0888735 0.60318631 -0.44575852 210 210 210
-0.13351411 -0.046071637 -0.64284092 210 210 210
-0.0064861891 0.25320143 -0.67595804 210 210 210
0.83220696 0.94220996 -0.67470104 210 210 210
0.88534099 0.86627311 -0.29098669 210 210 210
-0.15079556 -0.040295999 -0.64617693 210 210 210
-0.2099393 0.045787446 -0.67020118 210 210 210
-0.57084626 -0.28130534 -0.76653457 210 210 210
-0.011853214 -0.82007831 -0.95561439 210 210 210
0.46117336 0.10794134 -0.72156972 210 210 210
1.0380471 0.71319693 -0.42998692 210 210 210
0.74040979 1.0944998 -0.79021138 210 210 210
1.1670697 0.59878445 -0.5112077 210 210 210
-0.15897295 0.24961855 -0.36855865 210 210 210
0.81697112 0.85083598 -0.40464768 210 210 210
-0.90479147 -0.20846617 -0.58460766 210 210 210
-1.5352042 0.17484397 -0.34813187 210 210 210
-0.12435264 0.021766657 -0.65074891 210 210 210
0.83254707 -0.042324059 -0.7827999 210 210 210
0.84744138 -0.30393082 -1.126729 210 210 210
1.2409186 0.53107256 -0.51055491 210 210 210
0.60004455 0.25291622 -0.68423194 210 210 210
0.85419554 -0.047161359 -0.76521474 210 210 210
-0.076646753 -0.82863349 -0.98118204 210 210 210
0.99297386 0.84638423 -0.30350915 210 210 210
-0.025616901 -0.82732016 -0.93559867 210 210 210
-0.40702981 0.49151799 -0.62144309 210 210 210
0.38883173 0.50711542 -0.10763171 210 210 210
0.4916496 0.12462647 -0.72845799 210 210 210
0.71623445 1.0115675 -0.32161948 210 210 210
-0.23840612 0.10868307 -0.73321825 210 210 210
1.8631936 0.81445795 -0.74585003 210 210 210
2.0000277 0.82662672 -0.71074516 210 210 210
0.62254322 1.4268143 -0.65784991 210 210 210
0.85485476 -0.29077592 -0.91214269 210 210 210
-0.66478187 0.62799215 -0.64581162 210 210 210
-0.21094988 -0.11988442 -0.7263419 210 210 210
-0.22802989 0.38013858 -0.26399586 210 210 210
-0.64472795 0.11084879 -0.53545254 210 210 210
-0.63454676 0.70358795 -0.70097965 210 210 210
0.14504448 0.49353194 -0.49067754 210 210 210
0.6928727 1.0698717 -0.34450728 210 210 210
0.48535025 1.3119469 -0.1228868 210 210 210
-0.30217713 0.73329645 -0.64737505 210 210 210
0.86950201 0.82498002 -0.30301911 210 210 210
0.16684274 0.85868204 -0.66115099 210 210 210
1.0307038 0.74743885 -0.40748087 210 210 210
-0.17558812 -0.096360631 -0.62491602 210 210 210
-0.69470376 0.53208023 -0.61089653 210 210 210
0.45898804 0.11731116 -0.74292684 210 210 210
0.97676551 0.71881342 -0.41370511 210 210 210
0.5143435 0.47215495 -0.63539076 210 210 210
0.49165592 0.13014267 -0.74972099 210 210 210
-0.20794706 0.5461126 -0.30634111 210 210 210
-0.66168112 0.61073178 -0.63875902 210 210 210
0.52680671 0.14532278 -0.71890849 210 210 210
0.85567099 -0.085888714 -0.78315973 210 210 210
0.81158739 -0.4460541 -1.2020775 210 210 210
0.69363254 0.037199061 -0.69094408 210 210 210
-0.86302149 -0.13661718 -0.64056236 210 210 210
-0.56951338 0.23330089 -0.5783577 210 210 210
1.2371459 0.51327276 -0.52297407 210 210 210
-0.84667194 0.69614279 -0.615188 210 210 210
0.065771222 -0.84746945 -1.3093035 210 210 210
0.53034133 0.16758206 -0.71904367 210 210 210
0.63707417 1.2702701 -0.14619385 210 210 210
1.187147 0.53161037 -0.55870098 210 210 210
0.44482991 0.1171392 -0.77715403 210 210 210
1.2204185 0.49973381 -0.51545513 210 210 210
0.86201155 -0.45217428 -1.0357825 210 210 210
-0.31771705 0.017545618 -0.76852256 210 210 210
0.86487758 -0.39626101 -1.1034019 210 210 210
-0.70705193 0.32235682 -0.57364678 210 210 210
-0.18500791 -0.27108365 -0.78880227 210 210 210
-0.98648471 -0.011568113 -0.55061662 210 210 210
0.66546202 1.1259767 -0.66929901 210 210 210
0.52864677 0.13400909 -0.73438495 210 210 210
1.0137498 0.97323203 -0.34299448 210 210 210
0.62398273 1.0196943 -0.45054969 210 210 210
0.8663066 -0.16599353 -0.81182152 210 210 210
1.2366884 0.51353079 -0.51138836 210 210 210
0.86111474 -0.14903811 -0.80101496 210 210 210
0.85661656 -0.13046001 -0.79038328 210 210 210
1.1464276 0.5317995 -0.46127447 210 210 210
-0.55494559 -0.31627038 -0.78060228 210 210 210
1.0053816 0.87401193 -0.66365635 210 210 210
-0.29056165 -0.041535739 -0.74779063 210 210 210
0.88172543 -0.084484234 -0.78739458 210 210 210
1.2038566 0.49638015 -0.46370542 210 210 210
-0.58539575 0.73161155 -0.73942339 210 210 210
1.2166954 0.5021103 -0.43772793 210 210 210
0.79319334 -0.46510288 -1.217856 210 210 210
0.84571016 -0.002272784 -0.72916985 210 210 210
-0.24501447 0.7912904 -0.34025678 210 210 210
-0.0083300909 0.31826505 -0.66723245 210 210 210
-0.72067595 -1.0355796 -0.55096644 210 210 210
-0.54447854 -0.55098087 -0.59428364 210 210 210
1.2395405 0.52961314 -0.52001905 210 210 210
-0.44479278 -0.16840397 -0.51449937 210 210 210
-0.12812188 -0.070271075 -0.63586444 210 210 210
0.46700406 0.11720256 -0.7446155 210 210 210
0.12731768 0.31467193 -0.59775269 210 210 210
0.88077474 -0.22674896 -0.86303902 210 210 210
0.047824673 0.090730391 -0.6718266 210 210 210
0.53969836 0.13298208 -0.7222538 210 210 210
1.2353544 0.56322914 -0.56644392 210 210 210
0.70433527 0.18561898 -0.65956783 210 210 210
-0.23276415 0.053550024 -0.65065199 210 210 210
0.74247038 0.16265491 -0.67307502 210 210 210
0.81061351 -0.061380766 -0.7853632 210 210 210
-0.2690784 0.10433969 -0.63032144 210 210 210
-0.094108663 -0.8297804 -0.96814722 210 210 210
1.0475948 0.90587473 -0.66648972 210 210 210
0.54123294 0.13412575 -0.71736377 210 210 210
-0.10396855 -0.070776001 -0.63659054 210 210 210
0.77639854 -0.4049609 -1.142897 210 210 210
0.45049533 0.11270145 -0.7644096 210 210 210
0.77873951 -0.41631719 -1.1363683 210 210 210
0.66759211 0.057375409 -0.70113486 210 210 210
0.84298658 0.92222935 -0.36141983 210 210 210
-0.56009984 -0.33029062 -0.68544871 210 210 210
-0.068925418 -0.085280724 -0.61694145 210 210 210
0.79111725 -0.39681113 -1.135309 210 210 210
-0.64077258 0.67392492 -0.68734497 210 210 210
0.44782239 0.11143997 -0.7647112 210 210 210
0.90605819 0.80417281 -0.59148979 210 210 210
1.2533914 0.50496423 -0.51749414 210 210 210
1.205618 0.48607367 -0.46091908 210 210 210
0.43333238 0.12200703 -0.81735402 210 210 210
1.2038566 0.49638015 -0.46370542 210 210 210
1.1956582 0.51336032 -0.49241716 210 210 210
1.2734934 0.51049882 -0.52489883 210 210 210
-0.59918505 -0.36395204 -0.65796721 210 210 210
0.50515068 0.13647828 -0.764772 210 210 210
-0.23214816 0.36396492 -0.45299032 210 210 210
-0.13332152 -0.028001154 -0.67453027 210 210 210
0.78586769 0.10356077 -0.66369313 210 210 210
0.87008834 -0.1031205 -0.78601032 210 210 210
0.086484194 -0.89294779 -1.2923988 210 210 210
0.51721197 1.4902694 -0.55646735 210 210 210
-0.26134995 0.29227692 -0.60289311 210 210 210
-0.0063097384 0.26096374 -0.67406398 210 210 210
-0.67930406 0.52140957 -0.59068084 210 210 210
0.67295796 1.1218379 -0.79652232 210 210 210
0.67652893 1.2013849 -0.68059963 210 210 210
0.9995324 0.92838132 -0.66374797 210 210 210
0.50794309 0.13882102 -0.76891237 210 210 210
1.9558467 0.79093802 -0.69682401 210 210 210
-0.2833415 1.1334836 -0.19429913 210 210 210
1.2215497 0.55037755 -0.44917724 210 210 210
-0.2302023 0.13409424 -0.67186582 210 210 210
1.1628712 0.54140848 -0.49055567 210 210 210
0.95849931 0.92592186 -0.6649946 210 210 210
-0.20911373 0.43120959 -0.3110227 210 210 210
1.0046853 0.79089814 -0.40153661 210 210 210
-0.63282955 0.48691493 -0.5905748 210 210 210
-0.69961649 0.2534779 -0.54261792 210 210 210
0.20481132 0.68369502 -0.21193148 210 210 210
1.0837005 0.60751283 -0.54779017 210 210 210
0.87483257 -0.37229702 -0.95979762 210 210 210
0.75127375 1.0644038 -0.32283548 210 210 210
1.2389742 0.49949971 -0.49610212 210 210 210
1.2637205 0.51564354 -0.51803464 210 210 210
-0.0096834488 0.26358148 -0.67419523 210 210 210
0.50708699 0.066220723 -0.71367872 210 210 210
-0.75763345 -0.0049570622 -0.69097209 210 210 210
-0.22206907 0.011630503 -0.77481306 210 210 210
0.80216628 0.76745886 -0.48416799 210 210 210
-0.62737495 -0.39245918 -0.62869316 210 210 210
1.1931888 0.48510936 -0.49942327 210 210 210
0.45389396 0.11625525 -0.76828188 210 210 210
0.78518337 0.81394082 -0.61663091 210 210 210
-0.10747878 -0.06623929 -0.67235506 210 210 210
0.73401201 0.21249007 -0.65155596 210 210 210
0.49701965 0.13340929 -0.75059444 210 210 210
-0.19295116 0.9016974 -0.31839213 210 210 210
-0.20307748 -0.16178069 -0.69840997 210 210 210
-0.14643809 -0.064671494 -0.63119084 210 210 210
1.1157528 0.57383174 -0.52538913 210 210 210
0.72467667 0.98564267 -0.42277619 210 210 210
-0.5345661 -0.31989524 -0.77173686 210 210 210
0.96177548 0.75923461 -0.5929687 210 210 210
0.53722274 0.11953442 -0.7178781 210 210 210
0.78784317 0.07459873 -0.66928446 210 210 210
0.56026554 0.92604452 -0.66614825 210 210 210
0.83954048 -0.055941187 -0.75020659 210 210 210
0.32841554 0.75065345 -0.62202412 210 210 210
-0.23054811 0.075570568 -0.74025995 210 210 210
-0.61183381 -0.35724983 -0.67006344 210 210 210
-0.63976377 -0.27338636 -0.66512603 210 210 210
-0.90429449 1.1014826 -0.67500347 210 210 210
0.58715421 0.23000902 -0.69260818 210 210 210
0.75936246 -0.40017036 -1.1713531 210 210 210
-0.68672234 0.47454047 -0.5920471 210 210 210
0.58382231 1.53684 -0.050364759 210 210 210
0.91524518 0.69141871 -0.584692 210 210 210
1.1912847 0.5880177 -0.46985701 210 210 210
0.69040877 0.21241841 -0.68279004 210 210 210
0.50672501 0.11406954 -0.72001499 210 210 210
1.0039551 0.80815375 -0.31069675 210 210 210
1.2018631 0.53571135 -0.44232714 210 210 210
-0.55935109 -0.30720261 -0.78833789 210 210 210
1.2377521 0.548141 -0.50968641 210 210 210
-0.19021364 0.043531395 -0.68462467 210 210 210
1.9958882 0.8634733 -0.73634189 210 210 210
0.8316747 -0.081227399 -0.75143313 210 210 210
0.83228171 -0.1157684 -0.77028674 210 210 210
0.75536191 0.14508274 -0.67439002 210 210 210
-0.19487107 0.39452955 -0.19652371 210 210 210
-0.500709 -0.45802146 -0.73972517 210 210 210
0.14669466 0.53891903 -0.35390124 210 210 210
-0.21049333 0.06051008 -0.67092019 210 210 210
-0.26348475 0.082169175 -0.67513818 210 210 210
-0.66390967 0.66543448 -0.67489183 210 210 210
0.86891609 0.86773056 -0.27352753 210 210 210
0.81426662 -0.51504797 -1.1229452 210 210 210
0.45193714 0.11366469 -0.76523989 210 210 210
0.8122986 -0.0078232698 -0.71010977 210 210 210
1.1344345 0.56959838 -0.53735358 210 210 210
0.7887305 -0.46752894 -1.1999097 210 210 210
0.39070958 0.50056612 -0.10842615 210 210 210
-0.22614107 0.014370481 -0.70534658 210 210 210
-0.1825085 0.051738143 -0.69124144 210 210 210
1.2077901 0.58429402 -0.42872378 210 210 210
-0.77270955 -0.13451125 -0.64581758 210 210 210
0.72270435 0.19320463 -0.65925652 210 210 210
-0.14323138 -0.059892356 -0.63020754 210 210 210
-0.636657 0.35788855 -0.62141228 210 210 210
1.2200308 0.51172972 -0.44190273 210 210 210
0.74669439 0.15037268 -0.66116011 210 210 210
-0.57295907 0.73052311 -0.70641536 210 210 210
-0.32052681 0.059970636 -0.76584077 210 210 210
1.2049268 0.44879591 -0.45664343 210 210 210
-0.24056792 0.31725591 -0.60095912 210 210 210
0.52431828 0.13446108 -0.71594787 210 210 210
-0.17954922 -0.10640306 -0.74164516 210 210 210
-0.1711369 -0.76328146 -0.75445825 210 210 210
1.0036898 0.8110972 -0.31055117 210 210 210
0.84739882 -0.48215258 -1.0612385 210 210 210
-0.21626154 0.32696337 -0.80758202 210 210 210
1.8633894 0.88367528 -0.81016582 210 210 210
-0.11310983 -0.0468003 -0.67515117 210 210 210
0.88140047 -0.088172466 -0.78950065 210 210 210
-0.054243494 -0.8185119 -0.9558562 210 210 210
0.8507387 -0.38222617 -1.1020051 210 210 210
-0.42852649 0.50242418 -0.62498021 210 210 210
-0.44474435 -0.61037517 -0.68557739 210 210 210
0.91075379 0.87365705 -0.294485 210 210 210
1.184365 0.55717778 -0.5035544 210 210 210
0.6730929 0.21850897 -0.72343463 210 210 210
0.98730558 0.88472629 -0.66476285 210 210 210
0.86207736 -0.095191091 -0.77699029 210 210 210
0.86144984 -0.042533468 -0.75332046 210 210 210
-0.37367162 -0.072407104 -0.53019673 210 210 210
1.2038698 0.49521771 -0.44400179 210 210 210
0.50277102 0.13059528 -0.73625398 210 210 210
0.55363315 1.2149588 -0.19540016 210 210 210
0.39864707 0.11947639 -0.83212018 210 210 210
0.85692841 -0.41400033 -1.0558606 210 210 210
0.55495501 0.14496733 -0.71491569 210 210 210
0.53989983 0.16126616 -0.78917235 210 210 210
1.1927308 0.5187698 -0.4391064 210 210 210
0.50494117 0.072930142 -0.72052145 210 210 210
1.0781238 0.58425939 -0.39078772 210 210 210
0.90027106 0.81740218 -0.29070291 210 210 210
0.98515779 0.91166878 -0.65261775 210 210 210
0.86051327 0.82745957 -0.30102229 210 210 210
-0.20405258 0.49177197 -0.27234447 210 210 210
0.50901896 0.065876946 -0.71369386 210 210 210
-0.22486077 0.094937593 -0.72270554 210 210 210
-0.52998126 0.77996171 -0.69992501 210 210 210
-0.77644235 0.13738568 -0.66020656 210 210 210
0.71690583 1.2640537 -0.16115053 210 210 210
-0.55749947 -0.27673164 -0.78801453 210 210 210
1.0165895 0.89718562 -0.36452836 210 210 210
-0.89908773 0.053541664 -0.61428869 210 210 210
-0.21485363 0.10276997 -0.71149731 210 210 210
-0.17856458 0.047317963 -0.68702328 210 210 210
0.95141363 1.2460115 -0.5862996 210 210 210
-0.48410386 0.84527683 -0.68278623 210 210 210
0.94332123 -0.23319831 -1.0753893 210 210 210
-0.16859253 0.067955159 -0.69371903 210 210 210
0.30710042 -0.072541878 -0.76181328 210 210 210
1.225122 0.50141537 -0.49480546 210 210 210
-0.13791171 -0.0054450016 -0.64571404 210 210 210
-0.12724239 -0.034560744 -0.68130785 210 210 210
-0.6874634 0.57273269 -0.6303553 210 210 210
1.0442958 0.80339324 -0.2688894 210 210 210
1.1130043 0.53992075 -0.44321465 210 210 210
0.85471296 -0.11338153 -0.7937122 210 210 210
0.4668591 0.11803038 -0.745121 210 210 210
-0.52451229 -0.45029294 -0.73734051 210 210 210
0.86471468 0.76024961 -0.52179968 210 210 210
-0.50973189 -0.35000446 -0.74615753 210 210 210
0.49504399 0.13867132 -0.78942782 210 210 210
0.47757101 0.79703373 -0.35626853 210 210 210
1.2234486 0.49859023 -0.50955558 210 210 210
-0.69839203 0.3361513 -0.58883417 210 210 210
0.77256119 0.061826721 -0.70832145 210 210 210
0.97232509 0.87431538 -0.25293308 210 210 210
1.1556033 0.59178001 -0.44860736 210 210 210
-0.63494331 0.37252527 -0.62784499 210 210 210
-0.75050861 0.12433539 -0.64911973 210 210 210
-1.4081656 0.26529562 -0.46415982 210 210 210
-0.53728628 -0.3485502 -0.76873207 210 210 210
-0.089220949 -0.83655322 -0.97503608 210 210 210
0.50704741 0.13786851 -0.76616347 210 210 210
1.2058445 0.45412657 -0.45272851 210 210 210
0.86068064 -0.45740736 -1.0413114 210 210 210
0.83292538 -0.50813729 -1.1068635 210 210 210
-0.50130647 0.70162195 -0.68337208 210 210 210
-0.6881811 -0.31298226 -0.6335339 210 210 210
0.49967879 0.082647227 -0.71852934 210 210 210
0.76994133 -0.48254016 -1.2060745 210 210 210
-0.32847077 -0.14120628 -0.7085675 210 210 210
-0.56854796 -0.32473168 -0.7662127 210 210 210
0.87861025 -0.16398144 -0.82079846 210 210 210
0.87037104 -0.023834202 -0.75408524 210 210 210
-0.23554718 0.48519862 -0.39557198 210 210 210
2.0395579 0.77385998 -0.70605677 210 210 210
0.43001425 0.13279812 -0.81126553 210 210 210
0.54559523 1.0719821 -0.44684049 210 210 210
-0.27517259 0.16857147 -0.74238735 210 210 210
-0.13533042 0.23791578 -0.72540808 210 210 210
0.56118917 0.15220802 -0.72130281 210 210 210
-0.16741258 0.54916948 -0.51573431 210 210 210
0.68868566 1.0830708 -0.33576044 210 210 210
0.87211031 -0.060633242 -0.77352595 210 210 210
-0.002701821 0.3385691 -0.67562258 210 210 210
0.91453707 -0.39562514 -1.0228788 210 210 210
0.62790018 0.12104096 -0.70779914 210 210 210
1.0339916 0.020300902 -0.83384639 210 210 210
0.49592853 0.13049306 -0.74482566 210 210 210
1.2638457 0.51513869 -0.52838933 210 210 210
0.30128264 0.17680334 -0.72071552 210 210 210
-0.17291059 -0.069434278 -0.74674052 210 210 210
-0.083642244 0.19846404 -0.67184031 210 210 210
-0.69098431 0.48628229 -0.58075565 210 210 210
0.52393848 0.10449637 -0.70352077 210 210 210
0.50332105 0.073549539 -0.72127408 210 210 210
-0.17491497 0.053097259 -0.68906158 210 210 210
-0.42277625 0.53617084 -0.49088398 210 210 210
0.93742472 0.90549695 -0.76605177 210 210 210
-0.27309418 0.12442959 -0.63443547 210 210 210
-0.46102124 -0.054022457 -0.79742658 210 210 210
0.84253901 -0.36111856 -1.1112691 210 210 210
-0.26452157 0.16090712 -0.51098299 210 210 210
1.0921546 0.82676113 -0.28160697 210 210 210
0.40468279 0.62103289 -0.46925461 210 210 210
-0.057506844 -0.81640923 -0.95543981 210 210 210
0.49162951 0.12472432 -0.72932374 210 210 210
0.9481194 0.83618963 -0.2996653 210 210 210
-0.75891906 0.24171074 -0.58723599 210 210 210
-0.26436147 0.035816174 -0.76503307 210 210 210
-0.31895941 0.16694151 -0.77064377 210 210 210
0.9726404 1.0167786 -0.76295662 210 210 210
-0.48723602 -0.22280595 -0.81506956 210 210 210
-0.31975156 0.2944203 -0.26387629 210 210 210
1.8888285 0.73930246 -0.71195531 210 210 210
-0.61764097 -0.18402712 -0.53877151 210 210 210
-0.22510578 0.090404429 -0.62581772 210 210 210
1.2110906 0.5138424 -0.43337262 210 210 210
-0.23963468 -0.0046277968 -0.74509859 210 210 210
-0.35972798 0.85488331 -0.35331726 210 210 210
-0.26201719 -0.14819799 -0.8021794 210 210 210
0.8179974 -0.44941428 -1.0612528 210 210 210
0.11354414 0.58623654 -0.35216603 210 210 210
0.86847264 -0.25601631 -1.1195902 210 210 210
0.45808858 0.10826931 -0.72480124 210 210 210
1.1914514 0.55919504 -0.4410246 210 210 210
0.92330724 0.75637603 -0.35101938 210 210 210
-0.41381466 -0.64055264 -0.65050423 210 210 210
-0.17588906 0.053001937 -0.69008499 210 210 210
0.68740124 1.0441335 -0.32409027 210 210 210
1.3561435 0.58106059 -0.78259569 210 210 210
0.90549219 0.84621245 -0.29006034 210 210 210
-0.51056242 0.8167479 -0.68450356 210 210 210
0.094657831 -0.85711884 -1.3150544 210 210 210
0.50249839 0.13647169 -0.78157318 210 210 210
0.94444406 0.92497814 -0.68479133 210 210 210
1.0214953 -0.050344251 -0.96400052 210 210 210
0.81607819 -0.33308917 -1.1441803 210 210 210
0.64367449 -0.48522362 -1.2667876 210 210 210
-0.31112322 -0.15263723 -0.71225595 210 210 210
0.070377186 -0.46470898 -0.87662697 210 210 210
1.1384394 0.74900115 -0.69463038 210 210 210
0.8809666 0.82047671 -0.41862616 210 210 210
0.38571814 0.0097361868 -0.73050529 210 210 210
0.89940912 0.89869368 -0.66835648 210 210 210
-0.79005247 0.5188027 -0.44912434 210 210 210
-0.13304044 -0.061162245 -0.63062376 210 210 210
-0.68917286 0.3071062 -0.58475465 210 210 210
0.49490613 1.1060485 -0.71141428 210 210 210
-0.1847122 -0.0083220582 -0.73353428 210 210 210
1.1881459 0.51885033 -0.42987019 210 210 210
0.90231901 0.80412674 -0.36965814 210 210 210
-0.19564459 0.13663556 -0.68933392 210 210 210
0.91837347 0.8588329 -0.66826731 210 210 210
0.73831218 0.27417439 -0.6827811 210 210 210
0.51240778 0.87874949 -0.37410119 210 210 210
1.0482605 -0.00024657653 -0.90950638 210 210 210
0.8630116 0.83656836 -0.46317434 210 210 210
-0.1059796 0.54944855 -0.611211 210 210 210
1.0628012 0.85530275 -0.6733796 210 210 210
-0.69450766 -0.26127434 -0.66147649 210 210 210
0.92256647 0.84523767 -0.28976342 210 210 210
0.63203126 1.0445683 -0.34041515 210 210 210
0.98557752 0.85268188 -0.30086669 210 210 210
0.59596378 1.524524 -0.07128112 210 210 210
-0.13255493 0.59592277 -0.61667305 210 210 210
1.1479465 0.54223269 -0.43052098 210 210 210
0.83728147 0.83310127 -0.44647929 210 210 210
0.78253716 0.049742587 -0.71643382 210 210 210
0.00028119312 0.2700941 -0.66964322 210 210 210
-0.17494097 -0.061699126 -0.6426419 210 210 210
0.85418272 0.95659059 -0.37156573 210 210 210
0.56043375 0.92576605 -0.66615969 210 210 210
0.85213029 0.925538 -0.47858474 210 210 210
0.90083969 0.85848749 -0.29192042 210 210 210
0.89420736 0.85531074 -0.36692801 210 210 210
0.89263868 0.85647112 -0.29178494 210 210 210
1.4433975 0.86832112 -0.82717079 210 210 210
0.33451346 0.25578243 -0.59556293 210 210 210
-0.32506749 0.0049514933 -0.73667872 210 210 210
0.66704339 1.0971777 -0.35326412 210 210 210
0.97851181 0.71608824 -0.41865715 210 210 210
0.87595296 -0.33517182 -0.93542922 210 210 210
-0.16233583 0.11481091 -0.70548099 210 210 210
1.2158458 0.55721766 -0.50860149 210 210 210
2.0150697 0.75942117 -0.70323831 210 210 210
-0.17551464 0.3767392 -0.25999263 210 210 210
0.87447011 -0.40278393 -1.0376707 210 210 210
1.1765528 0.52870315 -0.44848937 210 210 210
0.94794935 0.7401495 -0.50669289 210 210 210
1.2516854 0.52410972 -0.44904101 210 210 210
-0.28310794 -0.18231121 -0.70565784 210 210 210
-0.13211225 0.9180184 -0.35670426 210 210 210
-0.34953302 0.89609569 -0.3172878 210 210 210
0.45187658 0.1108396 -0.74492306 210 210 210
0.80036843 0.87477213 -0.39934576 210 210 210
0.46590015 0.1200681 -0.75849867 210 210 210
0.78222811 -0.40278724 -1.1384902 210 210 210
-0.16231479 0.3637538 -0.69853771 210 210 210
-0.86171728 0.0002448131 -0.62251258 210 210 210
0.42813629 1.3708827 -0.76680547 210 210 210
0.50299132 1.1049891 -0.65662873 210 210 210
-0.11937949 -0.00059223565 -0.65030456 210 210 210
-0.0096543161 0.25893703 -0.67956048 210 210 210
0.79096395 -0.0076612984 -0.74732697 210 210 210
0.84057277 -0.11261556 -0.82385617 210 210 210
-0.24225573 0.049449883 -0.64430583 210 210 210
-0.23260768 -0.16672523 -0.77333963 210 210 210
0.25807962 -0.45850641 -0.80487418 210 210 210
-0.69053191 0.34682441 -0.57298183 210 210 210
0.59087425 1.2906023 -0.69015223 210 210 210
0.13385494 0.17653006 -0.70442438 210 210 210
0.77159351 -0.39895129 -1.1578633 210 210 210
-0.35161576 0.6216948 -0.42673993 210 210 210
0.88368326 -0.41808033 -1.0706917 210 210 210
0.67876357 1.0963149 -0.33797872 210 210 210
0.85735112 -0.30222297 -0.9230054 210 210 210
-0.12991342 0.51013243 -0.30109638 210 210 210
0.65073848 0.19638371 -0.69403911 210 210 210
-0.68628645 0.58557761 -0.63562208 210 210 210
0.52461964 1.0536736 -0.43803149 210 210 210
1.1267004 0.58681911 -0.52141565 210 210 210
-0.061057236 0.36379868 -0.69272131 210 210 210
-0.67394739 -0.25928852 -0.66311634 210 210 210
0.17533089 0.3724272 -0.66631544 210 210 210
1.1112518 0.71437681 -0.46213552 210 210 210
1.1328098 0.58802342 -0.54069829 210 210 210
-0.21812177 0.032246675 -0.76718122 210 210 210
-0.64562529 0.44559115 -0.65119916 210 210 210
1.2211229 0.54448754 -0.45812559 210 210 210
-0.70910227 0.26657835 -0.57973027 210 210 210
0.68154091 0.12136474 -0.64728171 210 210 210
0.68776673 1.0596845 -0.68326205 210 210 210
0.60302877 0.17298633 -0.71164805 210 210 210
0.49757281 0.22508204 -0.729231 210 210 210
-0.25464809 0.26378298 -0.60846055 210 210 210
0.66869467 1.0989903 -0.22985208 210 210 210
-0.36497691 0.050678197 -0.77995354 210 210 210
-0.69275808 0.31815374 -0.58595061 210 210 210
1.54532 0.65727282 -0.78146476 210 210 210
-0.10843217 -0.06777107 -0.63983709 210 210 210
0.43609563 1.3416222 -0.11957179 210 210 210
1.1498492 0.554362 -0.488085 210 210 210
-0.76852834 -0.041440502 -0.6997326 210 210 210
-0.88337308 0.012417274 -0.62025303 210 210 210
0.096074998 0.0020127611 -0.64157945 210 210 210
0.64558637 1.0134482 -0.45467019 210 210 210
-0.1186149 0.51067024 -0.60851228 210 210 210
-0.47402084 0.40103775 -0.57967275 210 210 210
0.53843093 0.15972793 -0.78197414 210 210 210
0.70194829 0.79001009 -0.46462327 210 210 210
0.86011058 0.97212362 -0.38404316 210 210 210
0.79443574 0.81182009 -0.53388315 210 210 210
0.13898066 -0.61269945 -0.97183174 210 210 210
-0.81729835 0.073631085 -0.66220236 210 210 210
0.51478964 0.45772031 -0.62162751 210 210 210
1.044366 0.74442887 -0.45750698 210 210 210
-0.33546004 0.73287594 -0.24590594 210 210 210
-0.68431598 0.35919735 -0.59859097 210 210 210
-0.2257977 0.089818254 -0.625184 210 210 210
-0.7063663 0.31098506 -0.58785927 210 210 210
0.38625744 0.15668707 -0.7031545 210 210 210
0.72822171 0.83402371 -0.45928946 210 210 210
1.2029676 0.57749975 -0.42626595 210 210 210
-0.034986626 0.31815591 -0.68340772 210 210 210
0.8776589 -0.1481194 -0.82206523 210 210 210
0.9082886 -0.41566879 -1.0467756 210 210 210
0.13014369 0.15461983 -0.66766596 210 210 210
-0.14914028 -0.0221361 -0.64350724 210 210 210
-0.19953683 0.093617283 -0.67883486 210 210 210
0.91715485 -0.1853241 -1.0702102 210 210 210
-0.64309108 0.31745654 -0.5959211 210 210 210
1.0029273 0.90092432 -0.6535846 210 210 210
1.2075292 0.53227532 -0.43914497 210 210 210
-0.12301584 0.01780547 -0.64645642 210 210 210
0.15280099 0.26380655 -0.60825169 210 210 210
1.1747911 0.56409013 -0.50448167 210 210 210
-0.052045081 -0.47317177 -0.84121454 210 210 210
1.1073668 0.88098758 -0.27621403 210 210 210
1.2090955 0.58136779 -0.44979009 210 210 210
0.8937763 0.80725849 -0.36835346 210 210 210
0.90898234 0.89093387 -0.37772262 210 210 210
-0.83611625 -0.0067516947 -0.64274681 210 210 210
0.28703034 -0.34021726 -0.84549338 210 210 210
-0.34283501 -0.60557818 -0.77118582 210 210 210
0.54075104 0.15208739 -0.74821937 210 210 210
-0.25575227 0.09549918 -0.62515926 210 210 210
-0.18422972 0.42517659 -0.21362273 210 210 210
0.51222193 0.46189407 -0.63664991 210 210 210
1.1310406 0.83844835 -0.65198863 210 210 210
0.97638494 0.87648433 -0.30263317 210 210 210
-0.67508131 0.3987841 -0.57979321 210 210 210
0.44324589 1.2160555 -0.78602338 210 210 210
0.90322387 1.2902397 -0.18794656 210 210 210
0.88657123 0.81485707 -0.31100601 210 210 210
-0.24750304 0.32923046 -0.29912451 210 210 210
0.8169536 0.76749319 -0.49381572 210 210 210
0.89784348 -0.33512846 -1.1250117 210 210 210
0.65620166 1.0936449 -0.31971952 210 210 210
0.78811222 -0.45673919 -1.0892708 210 210 210
1.0168575 0.82208145 -0.45592454 210 210 210
0.57084948 1.1362182 -0.78251785 210 210 210
0.064445347 0.53905559 -0.33542481 210 210 210
1.2169802 0.55995548 -0.44508296 210 210 210
-0.68586463 0.56037354 -0.62580842 210 210 210
-0.36839259 -0.33303976 -0.75308055 210 210 210
0.82366657 -0.38936639 -1.1098816 210 210 210
0.99502033 0.72794741 -0.4177573 210 210 210
0.078900561 -0.023468172 -0.65211165 210 210 210
0.79443067 0.85154551 -0.40408385 210 210 210
0.48710668 0.56442362 -0.63116103 210 210 210
-0.22042073 0.09782552 -0.71618068 210 210 210
0.26180246 0.63543159 0.082318693 210 210 210
-0.13559559 0.034336399 -0.65588617 210 210 210
-0.33661184 0.38813326 -0.62260664 210 210 210
1.1441307 0.54667336 -0.46307704 210 210 210
0.8339029 -0.07889206 -0.77801532 210 210 210
-0.33935544 -0.14640124 -0.69238448 210 210 210
-0.58029276 0.74258953 -0.62711191 210 210 210
0.32911757 0.43135899 -0.48161173 210 210 210
-0.10307326 -0.11430044 -0.67013878 210 210 210
0.28060627 -0.45149285 -0.8071239 210 210 210
0.51649094 1.2963243 -0.12936594 210 210 210
-0.19003154 0.071825482 -0.68588716 210 210 210
-0.26006937 0.87823689 -0.29193377 210 210 210
-0.041351374 -0.46135849 -0.84898841 210 210 210
-0.19053228 0.057080142 -0.68879741 210 210 210
0.54962844 1.1862506 -0.7958045 210 210 210
0.46454951 0.10636014 -0.72775006 210 210 210
-0.4754121 -0.33121666 -0.76540405 210 210 210
0.78559953 -0.41860351 -1.1298167 210 210 210
-0.16864103 -0.091889426 -0.79545563 210 210 210
0.92101991 -0.34897915 -0.97582763 210 210 210
-0.21896794 0.37138319 -0.27346459 210 210 210
1.2115376 0.51070881 -0.43509182 210 210 210
1.1174949 0.82675189 -0.41398227 210 210 210
-0.89022106 0.99967968 -0.63174099 210 210 210
0.86788249 -0.10896077 -0.80005234 210 210 210
0.93876046 0.86294401 -0.24762602 210 210 210
-0.25463796 0.08540684 -0.76577777 210 210 210
-0.23114322 0.037159894 -0.64779979 210 210 210
-0.0087108072 0.26447546 -0.66427308 210 210 210
0.92827255 0.89952737 -0.66723126 210 210 210
-0.73745376 0.30387321 -0.57156926 210 210 210
0.51103741 0.14715929 -0.78825384 210 210 210
1.0497295 -0.053495303 -0.96648288 210 210 210
1.9978678 0.86757427 -0.74776936 210 210 210
-0.88597584 -0.11310916 -0.54435539 210 210 210
0.88139969 0.8340342 -0.27572143 210 210 210
0.68848628 1.0275496 -0.44616511 210 210 210
-0.19819191 -0.06737493 -0.7307536 210 210 210
-0.90416694 0.068088576 -0.63691652 210 210 210
0.65452808 1.2485706 -0.68604505 210 210 210
-0.67742008 0.53865194 -0.58979565 210 210 210
0.74382496 1.027105 -0.68096948 210 210 210
-0.29586846 0.09646336 -0.64456379 210 210 210
-0.44157016 -0.35223463 0.20110196 210 210 210
0.92258376 0.90576994 -0.68060732 210 210 210
0.48316953 1.2143149 -0.19675893 210 210 210
0.6655885 0.26325119 -0.74876893 210 210 210
0.90887332 -0.27823961 -0.89742643 210 210 210
-0.076637678 0.83574587 -0.39828247 210 210 210
0.76877916 -0.39340383 -1.1598682 210 210 210
0.82786465 0.75692654 -0.48199219 210 210 210
0.18905537 0.49158084 -0.45493251 210 210 210
0.85546708 -0.40825287 -1.0767155 210 210 210
0.56799537 1.078503 -0.32513696 210 210 210
-0.007768149 0.25692546 -0.67550826 210 210 210
0.85037762 0.96415836 -0.31059593 210 210 210
1.0383393 0.78606087 -0.62683338 210 210 210
1.0232756 -0.046703476 -0.96075559 210 210 210
0.847651 -0.24560781 -0.89533937 210 210 210
0.045388814 -0.028234893 -0.76046646 210 210 210
1.1034518 0.87356019 -0.26691228 210 210 210
0.22352768 0.8649888 -0.65899128 210 210 210
-0.0057822866 0.238517 -0.65898073 210 210 210
0.011620268 -0.45614308 -0.85014278 210 210 210
-0.60566694 0.72194338 -0.73002511 210 210 210
1.2077644 0.72590482 -0.43903601 210 210 210
0.56816226 0.25504449 -0.69498199 210 210 210
-0.18592958 0.084210724 -0.68764973 210 210 210
0.86384338 0.75807607 -0.48251662 210 210 210
-0.65898627 0.66834134 -0.66872901 210 210 210
1.9973884 0.85481721 -0.73123187 210 210 210
1.1849623 0.52911305 -0.43539348 210 210 210
-0.25880924 -0.16099736 -0.67971236 210 210 210
-0.18165419 0.13003403 -0.70948386 210 210 210
-0.64844465 0.16583072 -0.54881161 210 210 210
0.5012933 0.13460895 -0.7890178 210 210 210
0.69020653 0.2220822 -0.6892066 210 210 210
-0.22721027 0.3587139 -0.26586652 210 210 210
0.31567293 0.54667884 -0.40267813 210 210 210
0.530846 0.44011816 -0.68560559 210 210 210
1.1516557 0.56964362 -0.44413167 210 210 210
0.99369788 0.88365757 -0.65553421 210 210 210
0.00061231805 -0.11495719 -0.56782991 210 210 210
0.1181441 -0.58852607 -0.95618063 210 210 210
-0.40403265 0.86676222 -0.69150895 210 210 210
-0.56101537 0.68453389 -0.6452989 210 210 210
-0.20512611 0.12562826 -0.68345839 210 210 210
-0.49631447 0.64993143 -0.55094486 210 210 210
-0.45151001 -0.04686201 -0.7962482 210 210 210
0.12883087 0.21911699 -0.64998978 210 210 210
-0.13027802 -0.083181851 -0.67238939 210 210 210
-0.69720107 0.3272936 -0.57262808 210 210 210
0.72538769 0.99659133 -0.42451838 210 210 210
-0.40105686 0.55658901 -0.4922401 210 210 210
0.85877723 -0.41177231 -1.0685053 210 210 210
-0.21628085 1.2286222 -0.18707898 210 210 210
1.1965595 0.76124012 -0.80037051 210 210 210
-0.29844221 -0.062582225 -0.69703591 210 210 210
1.1285539 0.57302451 -0.52191502 210 210 210
0.91818964 0.81945407 -0.29888403 210 210 210
0.21671358 -0.13585608 -0.85247362 210 210 210
0.90073025 0.8392477 -0.60509038 210 210 210
0.82138366 -0.059069496 -0.7866686 210 210 210
0.52494079 0.50231355 -0.71316957 210 210 210
1.0522066 0.025115551 -0.84169614 210 210 210
0.83066362 -0.060073793 -0.79074812 210 210 210
0.88067889 -0.25669658 -1.1029258 210 210 210
-0.49992555 0.53731954 -0.71043831 210 210 210
1.1891931 0.55172396 -0.47433496 210 210 210
-0.068616457 0.5177964 -0.28345874 210 210 210
-0.27253279 0.25097108 -0.21941116 210 210 210
0.59540194 1.0625148 -0.34573662 210 210 210
0.22650063 0.52256793 -0.40476227 210 210 210
0.79698986 0.95555943 -0.36184013 210 210 210
-0.1395898 -0.054253973 -0.63451433 210 210 210
-0.6873014 0.60399294 -0.64225024 210 210 210
0.77145964 0.94040179 -0.37765184 210 210 210
-0.32061371 -0.60345542 -0.75651765 210 210 210
0.72630107 1.5746434 -0.58235294 210 210 210
0.61246276 0.24192704 -0.68284637 210 210 210
0.8436749 0.88071883 -0.61945724 210 210 210
0.69463813 0.2160397 -0.67348605 210 210 210
0.41808555 1.5121595 -0.71097833 210 210 210
-0.22259228 0.18353033 -0.8459236 210 210 210
0.28299236 -0.10135505 -0.70991945 210 210 210
0.97247952 -0.18094377 -1.0494623 210 210 210
1.0533007 0.88631004 -0.66008359 210 210 210
1.0433892 0.90706503 -0.66657197 210 210 210
0.98835456 0.85974848 -0.30557984 210 210 210
0.51410365 0.46438688 -0.62745708 210 210 210
-0.13125962 0.0865568 -0.67291486 210 210 210
1.1883472 0.55132931 -0.44944429 210 210 210
0.073761411 -0.11868914 -0.85185844 210 210 210
-0.22614433 0.14666526 -0.66695791 210 210 210
1.5938753 0.65420073 -0.79126161 210 210 210
0.16962451 0.53093761 -0.35880598 210 210 210
1.2160507 0.53468114 -0.44353524 210 210 210
0.49568781 0.2244834 -0.72680134 210 210 210
1.2316097 0.58417737 -0.51396769 210 210 210
-0.44137183 0.40808952 -0.58527195 210 210 210
0.80706638 0.75636297 -0.49899682 210 210 210
0.49046913 1.2202328 -0.2048067 210 210 210
0.75776172 0.77588195 -0.48591092 210 210 210
0.50921792 0.073035613 -0.71688783 210 210 210
1.1007587 0.55813009 -0.47848159 210 210 210
0.44393638 1.1592474 -0.79324698 210 210 210
0.89406145 0.76767302 -0.34867406 210 210 210
0.70082647 1.0148157 -0.32162622 210 210 210
0.1445948 0.86242175 -0.67221487 210 210 210
-0.73866451 0.28095773 -0.57438856 210 210 210
0.62566441 1.0548431 -0.34120378 210 210 210
-0.0045389971 0.54941362 -0.57702959 210 210 210
-0.080636919 -0.48345107 -0.83443892 210 210 210
0.51259428 0.13968168 -0.76047283 210 210 210
0.51189744 0.4668251 -0.627105 210 210 210
-0.20255604 0.045998696 -0.68214172 210 210 210
0.30685425 -0.086835347 -0.71460092 210 210 210
-0.17761567 0.057366863 -0.69142067 210 210 210
0.31190059 -0.41763005 -0.80055511 210 210 210
0.90171474 0.87150836 -0.29411021 210 210 210
0.51572502 0.11773758 -0.71862423 210 210 210
0.80940288 0.75700897 -0.47836086 210 210 210
0.87519956 -0.10552739 -0.7956112 210 210 210
-0.22413877 0.10880851 -0.41368243 210 210 210
0.66390544 1.1899104 -0.69339365 210 210 210
0.86190838 0.99851418 -0.38723546 210 210 210
-0.67084032 0.16096787 -0.50884283 210 210 210
-0.8249802 0.66820639 -0.61380363 210 210 210
0.83357251 0.81330049 -0.45912233 210 210 210
0.6953218 1.1114951 -0.32846496 210 210 210
-0.7236141 0.22980295 -0.56312877 210 210 210
0.78180569 -0.015034874 -0.83827209 210 210 210
1.061164 0.80478585 -0.43741977 210 210 210
-0.5539642 -0.31458756 -0.80250114 210 210 210
0.64284831 0.11111055 -0.70146006 210 210 210
0.93861836 0.89458489 -0.65387034 210 210 210
1.0151489 0.74891841 -0.33651274 210 210 210
-0.48745206 0.81919438 -0.69942504 210 210 210
0.84485584 -0.36995211 -1.1053814 210 210 210
-0.0020141285 0.55930275 -0.51241159 210 210 210
-0.24393813 0.10358141 -0.7560969 210 210 210
0.52045178 1.0795379 -0.78580838 210 210 210
1.2359903 0.54335481 -0.45468903 210 210 210
2.0730565 0.96815658 -0.82686496 210 210 210
0.56566828 1.0618753 -0.4376789 210 210 210
1.1156683 0.55436349 -0.44006318 210 210 210
1.1038281 0.55685186 -0.45028466 210 210 210
1.1351559 0.55028611 -0.43395725 210 210 210
1.1575999 0.62739193 -0.38887006 210 210 210
0.73479438 1.0120342 -0.78630871 210 210 210
-0.37728968 0.05467768 -0.78381431 210 210 210
1.9499774 0.93685001 -0.83880717 210 210 210
0.65814513 1.0852603 -0.22885741 210 210 210
0.76283759 1.0072901 -0.43690741 210 210 210
-0.34537721 0.78965908 -0.29076618 210 210 210
0.13565874 0.04416284 -0.59004605 210 210 210
-0.69927806 0.25041062 -0.54087114 210 210 210
1.0441767 0.90615338 -0.24305263 210 210 210
0.83809948 0.80842346 -0.43600872 210 210 210
0.63238078 1.0417069 -0.44147643 210 210 210
-0.3847155 -0.61100376 -0.73506999 210 210 210
0.82096601 0.86332983 -0.39703697 210 210 210
1.2280291 0.58845955 -0.52681011 210 210 210
-1.0108558 0.34464526 -0.26094225 210 210 210
-0.25679147 0.045205306 -0.63984609 210 210 210
-0.27240261 0.064622335 -0.68824244 210 210 210
-0.21697211 0.21171103 -0.37791824 210 210 210
-0.29335657 0.17696491 -0.76919776 210 210 210
0.92737669 0.83493757 -0.59346533 210 210 210
0.67286026 1.1360952 -0.3364518 210 210 210
-0.70237672 0.23824009 -0.57186443 210 210 210
0.98913431 0.78035665 -0.45864242 210 210 210
0.47856092 0.10701549 -0.71903902 210 210 210
1.0156409 0.76800364 -0.42182285 210 210 210
1.1951402 0.57852197 -0.47423229 210 210 210
1.1742332 0.53001279 -0.44062871 210 210 210
-0.23850393 0.14995533 -0.64572579 210 210 210
-0.095326662 -0.82752979 -0.96691519 210 210 210
-0.0261705 0.63018137 -0.60369354 210 210 210
0.97188497 0.8524496 -0.46927202 210 210 210
-0.23984779 0.060777791 -0.64785552 210 210 210
-0.31010693 0.0063605183 -0.74538887 210 210 210
-0.27426535 0.27682823 -0.3393465 210 210 210
0.13483252 0.0771598 -0.5945996 210 210 210
1.0915694 1.0968752 -0.35853842 210 210 210
-0.25234336 0.27858159 -0.36309671 210 210 210
0.90308821 -0.25158513 -0.88026202 210 210 210
1.011833 -0.11988661 -1.0121424 210 210 210
-0.26410249 0.050896179 -0.64109647 210 210 210
1.8132582 0.74070954 -0.72507447 210 210 210
1.2334546 0.5588637 -0.44745862 210 210 210
-0.22052336 0.2347492 -0.4065775 210 210 210
0.048895366 0.55526036 -0.33365753 210 210 210
1.1735379 0.68159419 -0.49799928 210 210 210
0.45078585 0.110146 -0.75423157 210 210 210
-0.17480862 0.057692982 -0.69296694 210 210 210
-0.21250148 0.061167318 -0.67265606 210 210 210
0.95948166 0.83217818 -0.29783413 210 210 210
0.1181441 -0.58852607 -0.95618063 210 210 210
-0.18774408 0.11297536 -0.68792558 210 210 210
0.051257368 0.40992251 -0.67318714 210 210 210
-0.44463438 0.45235902 -0.60719478 210 210 210
1.0673631 0.030969789 -0.86263454 210 210 210
0.87923092 0.91411453 -0.34809121 210 210 210
-0.2897222 0.13226514 -0.76022398 210 210 210
0.93418652 -0.13645388 -1.0740849 210 210 210
0.68466008 0.21845482 -0.72729212 210 210 210
-0.22442839 0.39369583 -0.19466856 210 210 210
1.9696927 0.91772938 -0.85502988 210 210 210
-0.3855418 -0.11775238 -0.53043377 210 210 210
0.64145017 1.0446597 -0.34291223 210 210 210
0.81635422 -0.36421707 -1.09409 210 210 210
1.2523305 0.53563839 -0.48218626 210 210 210
-0.17965536 0.10504269 -0.6925348 210 210 210
-0.27792642 0.14049399 -0.76376122 210 210 210
0.80511963 0.92838305 -0.47778949 210 210 210
0.026263265 0.32199335 -0.51573801 210 210 210
0.74245137 1.0518491 -0.35482299 210 210 210
-0.0633903 -0.064396136 -0.614196 210 210 210
-0.11754279 -0.070118569 -0.67974269 210 210 210
0.61184078 1.0568132 -0.34615609 210 210 210
0.8590371 1.0084922 -0.67450374 210 210 210
0.91365266 0.87949008 -0.29819459 210 210 210
0.92061108 0.97915512 -0.40920869 210 210 210
-0.18760797 0.093474522 -0.68768024 210 210 210
0.28893873 -0.43916586 -0.81819296 210 210 210
-0.023116097 0.22169678 -0.6648379 210 210 210
1.2245235 0.72856647 -0.43612835 210 210 210
0.87011021 -0.088579461 -0.78382027 210 210 210
0.19247198 -0.69253516 -1.0630449 210 210 210
0.24630286 -0.17973232 -0.8597036 210 210 210
-0.4012472 0.50290585 -0.65672195 210 210 210
0.52189153 1.1799399 -0.80194062 210 210 210
0.9754464 -0.015552299 -0.89320493 210 210 210
-0.096643806 -0.12573722 -0.66161305 210 210 210
-0.18505549 0.092983693 -0.68856436 210 210 210
0.67760932 1.0593126 -0.78309751 210 210 210
-0.22053103 0.086765207 -0.62925047 210 210 210
0.74261427 1.0815954 -0.78470355 210 210 210
0.032843664 -0.44520628 -0.8553524 210 210 210
1.0946298 0.98731112 -0.77113277 210 210 210
-0.17961456 0.10465667 -0.69252509 210 210 210
0.90692234 0.87288976 -0.29577181 210 210 210
-0.20151958 0.10744484 -0.67674929 210 210 210
0.451978 0.11023621 -0.75378686 210 210 210
0.052484889 0.096365727 -0.67144388 210 210 210
-0.14137346 0.010030795 -0.65368354 210 210 210
1.2967091 0.83109933 -0.92591155 210 210 210
-0.14936727 0.76189005 -0.36308056 210 210 210
0.94649589 0.95599383 -0.66853064 210 210 210
1.1339014 0.63112009 -0.54641241 210 210 210
-0.19877118 0.065315582 -0.68296915 210 210 210
-0.012073327 -0.45155177 -0.8460896 210 210 210
-0.020432366 -0.47813493 -0.83991903 210 210 210
0.34589916 1.3744582 -0.77249116 210 210 210
0.90365368 0.87661064 -0.29797155 210 210 210
0.097376183 0.0029861717 -0.58571029 210 210 210
-0.77833295 -0.027556363 -0.72780496 210 210 210
0.90435773 -0.34108204 -0.9682864 210 210 210
-0.31933302 -0.61880624 -0.76546109 210 210 210
1.1009451 0.55236077 -0.45649284 210 210 210
0.43019074 1.1724572 -0.78757071 210 210 210
0.91757458 0.96423435 -0.78087521 210 210 210
0.64669007 1.260252 -0.17624655 210 210 210
0.64029789 1.0430492 -0.33316001 210 210 210
-0.44628048 -0.01717677 -0.79948843 210 210 210
0.18432575 0.25905886 -0.61009568 210 210 210
1.3449229 0.80837035 -0.89800274 210 210 210
0.24121942 0.62289429 -0.53222966 210 210 210
0.66473329 1.0228934 -0.24018356 210 210 210
0.15645912 0.092314065 -0.60405982 210 210 210
0.02678741 -0.45153907 -0.85381174 210 210 210
0.93744493 0.86249191 -0.29426724 210 210 210
-0.75414932 -0.25838742 -0.61875516 210 210 210
0.7825163 0.99465495 -0.36448106 210 210 210
-0.49540412 0.52333295 -0.49910322 210 210 210
0.94650203 0.8291043 -0.29296759 210 210 210
0.4395124 0.59639525 -0.53643882 210 210 210
-0.77836794 0.13734981 -0.66098195 210 210 210
2.1477995 1.0028368 -0.78981334 210 210 210
0.86560065 -0.33980355 -0.96070707 210 210 210
0.856493 -0.4049502 -1.0413246 210 210 210
0.68552357 0.26066387 -0.66109449 210 210 210
0.19036368 -1.016047 -1.1350563 210 210 210
1.1232656 0.53135419 -0.44798821 210 210 210
1.1379912 0.58341104 -0.52444929 210 210 210
-0.57675058 -0.27133134 -0.76663965 210 210 210
0.70872778 1.0076197 -0.45385703 210 210 210
0.11192692 0.38177961 -0.65398681 210 210 210
1.1670917 0.55151081 -0.43623009 210 210 210
0.33279327 0.16937542 -0.71319789 210 210 210
0.8191756 0.9437325 -0.39821666 210 210 210
0.43516836 0.1224248 -0.79221469 210 210 210
0.55381781 1.0697381 -0.43971241 210 210 210
0.50178337 1.0835251 -0.79467541 210 210 210
1.0674875 0.0011807048 -0.89500028 210 210 210
0.34215415 -0.13094808 -0.78467208 210 210 210
-0.11115116 -0.83442605 -0.79408246 210 210 210
-0.38770998 -0.66273856 -0.67790174 210 210 210
0.55006462 1.5111879 -0.063499637 210 210 210
0.84863251 0.76522207 -0.53183979 210 210 210
0.32567504 1.4538368 -0.74835151 210 210 210
0.97872865 0.95597464 -0.74853355 210 210 210
2.0495551 0.97936845 -0.82524383 210 210 210
1.2231107 0.55685991 -0.4350082 210 210 210
0.53572339 1.5414891 -0.052019823 210 210 210
-0.22421491 -0.089163177 -0.70584142 210 210 210
-0.20808636 0.27164271 -0.35026023 210 210 210
0.95639348 0.8923564 -0.61626464 210 210 210
0.29884794 -0.40925735 -0.82912153 210 210 210
0.25899643 -0.46210578 -0.80276209 210 210 210
0.20440853 0.4391506 -0.65502495 210 210 210
1.090753 0.8816815 -0.26217845 210 210 210
0.67039305 1.1553824 -0.22702093 210 210 210
0.11647684 -0.58034509 -0.92920506 210 210 210
0.67973542 1.0897559 -0.33193389 210 210 210
0.91155958 1.0053878 -0.37482181 210 210 210
0.61834085 1.3183237 -0.67758977 210 210 210
1.4920442 0.89858919 -0.92063314 210 210 210
-0.23355687 0.14702094 -0.62972194 210 210 210
0.035875123 -0.9641971 -0.58155483 210 210 210
0.86821187 -0.4038997 -1.0339208 210 210 210
0.88927662 -0.28956172 -1.0981201 210 210 210
0.83609653 -0.41364223 -1.0778455 210 210 210
-0.091652118 0.22351618 -0.69385999 210 210 210
1.0718243 0.87061924 -0.66370612 210 210 210
0.36908954 0.24487807 -0.83991683 210 210 210
-0.75743949 -0.20487952 -0.64459133 210 210 210
0.30732301 -0.15924132 -0.81835926 210 210 210
-0.97001588 0.98848093 -0.6738264 210 210 210
-0.50169647 0.84962392 -0.67593104 210 210 210
-0.31271234 0.28064144 -0.55676877 210 210 210
1.0679779 -0.020691955 -0.90584338 210 210 210
0.4405413 1.1616312 -0.7943638 210 210 210
1.1660144 0.57965201 -0.48611659 210 210 210
0.26892495 -0.1031483 -0.70701808 210 210 210
0.0436082 -0.12676968 -0.86236167 210 210 210
0.026396133 -0.0058108126 -0.57138044 210 210 210
-0.33279571 0.69530815 -0.37031659 210 210 210
-0.093160063 -0.46347776 -0.83655125 210 210 210
-0.66822904 0.33123627 -0.57770216 210 210 210
0.20250142 0.59690911 -0.57202715 210 210 210
-0.25356221 0.088788189 -0.62189066 210 210 210
-0.014537458 -0.82161969 -0.94313651 210 210 210
0.51182914 0.14744686 -0.78881627 210 210 210
-0.20962907 0.32881024 -0.30593616 210 210 210
0.26691931 -0.097443514 -0.73048484 210 210 210
-0.335008 -0.089200944 -0.74845505 210 210 210
-0.54580683 -0.32150072 -0.76036549 210 210 210
-0.98208708 0.99505472 -0.68154407 210 210 210
0.76981896 0.93808836 -0.38086352 210 210 210
-0.90515792 1.0487918 -0.66545933 210 210 210
1.1784688 0.56034458 -0.43355411 210 210 210
-0.20311107 0.087578788 -0.74177748 210 210 210
0.42613009 1.3481022 -0.77227223 210 210 210
0.31186444 1.382779 -0.79766876 210 210 210
0.86167872 -0.32300773 -0.94432473 210 210 210
-0.23490462 0.028093573 -0.65554374 210 210 210
-0.43999434 -0.61104637 -0.69864196 210 210 210
-0.33459395 0.0155853 -0.74700898 210 210 210
0.0013449723 0.5417068 -0.3067151 210 210 210
-0.040231135 0.57161427 -0.30747998 210 210 210
-0.0057743131 -0.46307653 -0.84560686 210 210 210
0.17944899 0.23914425 -0.69115156 210 210 210
-0.18732351 0.10278452 -0.69161534 210 210 210
-0.1961284 0.040502265 -0.70082617 210 210 210
0.44237956 1.1251305 -0.78474796 210 210 210
0.4087331 0.54189324 -0.41307762 210 210 210
0.70008057 0.81763786 -0.41213286 210 210 210
-0.11246417 -0.87386429 -0.88622832 210 210 210
-0.11288942 -0.06768892 -0.64100069 210 210 210
2.0271559 0.97418898 -0.82768971 210 210 210
0.98262995 0.85858279 -0.302167 210 210 210
0.52955872 0.097895131 -0.70512146 210 210 210
0.90897107 0.8735134 -0.2944319 210 210 210
1.0104123 0.80324644 -0.31976041 210 210 210
0.73611659 0.84175175 -0.43011108 210 210 210
-0.15874743 -0.014547342 -0.62492907 210 210 210
-0.15506797 0.26890498 -0.32877809 210 210 210
-0.11261424 -0.0054800352 -0.64067137 210 210 210
1.220107 0.52956587 -0.48913908 210 210 210
1.2068956 0.53177404 -0.43845141 210 210 210
0.54315865 1.1600881 -0.69062215 210 210 210
0.86334372 0.76929474 -0.54063112 210 210 210
-0.33775058 0.021767117 -0.72875082 210 210 210
-0.23447861 0.059106991 -0.64939207 210 210 210
0.62964284 0.98049694 -0.43433392 210 210 210
0.22780228 -0.10617512 -0.86006594 210 210 210
0.52525634 0.82723176 -0.37277991 210 210 210
-0.04479922 -0.19886343 -0.81861711 210 210 210
0.26368728 0.17226575 -0.63308454 210 210 210
0.082778826 0.034795996 -0.64709038 210 210 210
-0.17306541 0.053141847 -0.68656778 210 210 210
1.0024841 0.90569723 -0.66376787 210 210 210
1.1956273 0.5216729 -0.43269101 210 210 210
-0.037844844 -0.84214479 -0.74127382 210 210 210
-0.51411009 -0.43230206 -0.74343568 210 210 210
0.92187846 0.89583158 -0.38925532 210 210 210
0.91046882 0.87826806 -0.29702482 210 210 210
-0.32348028 -0.59735209 -0.75823742 210 210 210
1.2096496 0.54810363 -0.44647673 210 210 210
2.0879061 0.87131143 -0.77869058 210 210 210
0.38740247 1.2259721 -0.78808802 210 210 210
0.31248656 0.54482615 -0.40367535 210 210 210
1.1494929 0.59382486 -0.44715089 210 210 210
0.11043355 0.34199992 -0.50687695 210 210 210
-0.2117824 0.82762426 -0.31226593 210 210 210
-0.052660402 -0.48662037 -0.83795571 210 210 210
-0.64210945 0.27292877 -0.55869019 210 210 210
1.9380029 0.93738651 -0.8409006 210 210 210
0.76785797 0.91067034 -0.44811934 210 210 210
-0.18710223 0.064882204 -0.68761772 210 210 210
-0.21450786 0.053611435 -0.67185515 210 210 210
1.1692364 0.6881389 -0.64632601 210 210 210
0.64219403 1.0929487 -0.78369886 210 210 210
0.54815692 1.0427923 -0.78954619 210 210 210
2.1239355 0.94589877 -0.79930562 210 210 210
0.15638328 0.5489791 -0.51822376 210 210 210
-0.23958948 0.051181365 -0.64284021 210 210 210
-0.2365777 -0.10657071 -0.73879439 210 210 210
-0.16684157 -0.065020934 -0.80230618 210 210 210
-0.29176629 0.33031872 -0.30334583 210 210 210
-0.054740831 -0.46216434 -0.84449494 210 210 210
-0.41130224 -0.62898856 -0.69407135 210 210 210
0.39245403 1.2220716 -0.79429793 210 210 210
0.58722144 1.1368101 -0.78691 210 210 210
-0.24663658 0.027679874 -0.64883763 210 210 210
2.1214023 0.94868422 -0.80316722 210 210 210
0.38823491 -0.029635388 -0.69997859 210 210 210
2.189322 0.93553728 -0.75200039 210 210 210
0.0048919283 0.28169066 -0.66164511 210 210 210
2.0969386 0.9567247 -0.797885 210 210 210
1.0690302 0.79875988 -0.70837826 210 210 210
-0.21748972 -0.70295346 -0.70876509 210 210 210
-0.29998353 -0.11317849 -0.72862172 210 210 210
-1.4806145 0.24500264 -0.44730929 210 210 210
0.58301771 1.1911378 -0.7827965 210 210 210
0.56943244 0.53679293 -0.67810148 210 210 210
-0.23127602 0.035146896 -0.64699215 210 210 210
0.42733786 1.1758353 -0.78770673 210 210 210
0.64881617 1.0288326 -0.43491611 210 210 210
-0.24397807 0.039990842 -0.64423102 210 210 210
1.9877435 0.81533694 -0.70580512 210 210 210
-0.19252762 -0.24262588 -0.75122774 210 210 210
-0.015320196 -0.44350535 -0.85006028 210 210 210
1.9368212 0.89101076 -0.78345245 210 210 210
0.88392425 0.82419634 -0.29858127 210 210 210
0.92752945 0.87885588 -0.66055208 210 210 210
0.93403828 0.88767886 -0.65221 210 210 210
0.25382647 0.27054936 -0.5271492 210 210 210
1.1964434 0.57064837 -0.49112114 210 210 210
-0.61421579 -0.24882369 -0.66580313 210 210 210
0.22436473 0.77389538 -0.63189727 210 210 210
0.098864429 0.32585856 -0.51816338 210 210 210
0.55857706 1.2562687 -0.14395334 210 210 210
0.27856109 -0.41965663 -0.80641145 210 210 210
0.47875863 1.3153498 -0.11364952 210 210 210
0.2846266 -0.20912914 -0.82022899 210 210 210
-0.24759482 0.04219915 -0.64231461 210 210 210
0.8493011 -0.17621806 -0.83704656 210 210 210
0.88688934 0.8857044 -0.29552552 210 210 210
0.63717431 1.0685439 -0.34619978 210 210 210
0.85443896 -0.41335866 -1.052637 210 210 210
-0.17734264 0.085251309 -0.69004411 210 210 210
0.36342859 0.43660828 -0.45240381 210 210 210
-0.066417739 -0.44620371 -0.83897799 210 210 210
-0.55740243 0.22383568 -0.57398617 210 210 210
0.61638272 -0.47350624 -1.3371336 210 210 210
0.90224487 0.82044941 -0.33550653 210 210 210
1.8767524 1.0879363 0.27363825 210 210 210
0.51997602 0.47222444 -0.63975441 210 210 210
0.59631002 1.1259248 -0.7939018 210 210 210
-0.19364908 0.070468746 -0.68472099 210 210 210
0.2419945 0.39668366 -0.66480815 210 210 210
-0.049500495 0.61461031 -0.59215432 210 210 210
0.6721034 1.1409258 -0.22886437 210 210 210
-0.070781745 -0.47624004 -0.84046167 210 210 210
0.035402175 0.34556797 -0.64025176 210 210 210
0.69091958 1.0925685 -0.34577009 210 210 210
0.86503226 -0.41039881 -1.0596498 210 210 210
0.86929858 -0.40162644 -1.0429466 210 210 210
0.65845037 0.211265 -0.66823345 210 210 210
1.993659 0.81173301 -0.69873869 210 210 210
0.88853043 0.82198727 -0.29487288 210 210 210
0.88490653 0.82635695 -0.30276129 210 210 210
0.63820523 1.4966202 -0.6231792 210 210 210
0.39523005 0.51302946 -0.095942922 210 210 210
-0.020533403 -0.47816631 -0.83969378 210 210 210
0.077689953 -0.84525424 -1.3397136 210 210 210
-0.56934309 -0.42346618 -0.70061785 210 210 210
0.20959207 0.12618494 -0.64319682 210 210 210
-0.70699751 0.38117877 -0.5667702 210 210 210
0.92461145 0.83633745 -0.29643306 210 210 210
0.91128719 0.87227058 -0.30181292 210 210 210
-0.75222319 0.23258275 -0.57880425 210 210 210
1.1344023 0.53713077 -0.43407023 210 210 210
-0.19206116 0.12636431 -0.68876702 210 210 210
0.68406892 0.094625764 -0.6528725 210 210 210
0.13739434 0.53273076 -0.35489592 210 210 210
-0.14252478 0.1959828 -0.36145219 210 210 210
0.11632188 0.32552624 -0.50748646 210 210 210
0.93614131 0.82987171 -0.29335836 210 210 210
-0.52001458 -0.32408553 -0.76943988 210 210 210
0.92747098 0.86507469 -0.29068869 210 210 210
-0.20272908 -0.022962626 -0.75178069 210 210 210
0.74439043 0.8961097 -0.4391821 210 210 210
-0.2151705 0.030018056 -0.78577548 210 210 210
0.45173201 0.11180779 -0.72091007 210 210 210
0.39714384 1.4055586 -0.75687933 210 210 210
0.83359981 0.94170517 -0.53554869 210 210 210
0.22674786 -0.24334697 -0.87613356 210 210 210
0.27687585 -0.76443768 -0.58184618 210 210 210
-0.40932956 0.78659731 -0.6537562 210 210 210
0.81734633 0.082580581 -0.68613446 210 210 210
1.2476722 0.5168398 -0.47170314 210 210 210
-0.53175396 -0.32035604 -0.77744424 210 210 210
0.44944775 0.11253107 -0.76853687 210 210 210
0.70729607 0.99395299 -0.43069044 210 210 210
0.80631566 0.9072268 -0.52889615 210 210 210
0.66817611 0.21711166 -0.71641606 210 210 210
0.67955577 1.0926523 -0.23384753 210 210 210
-0.17014192 0.44364828 -0.22544299 210 210 210
1.0454638 0.75457472 -0.74705356 210 210 210
0.72154039 0.81076783 -0.46349031 210 210 210
-0.47774416 0.6433267 -0.68711501 210 210 210
0.78097123 0.98482132 -0.37825951 210 210 210
0.43330505 0.26825374 -0.81728697 210 210 210
0.7572034 0.14335857 -0.66729271 210 210 210
0.25019655 0.47369087 -0.38302615 210 210 210
0.79922003 1.0097883 -0.66311806 210 210 210
0.6945104 0.9725672 -0.43067679 210 210 210
1.1837325 0.57526642 -0.47740674 210 210 210
0.98372203 0.85911036 -0.64051908 210 210 210
0.53329891 1.0797238 -0.43394953 210 210 210
-0.21300967 0.017303852 -0.74570209 210 210 210
-0.75873238 -0.038673952 -0.68566978 210 210 210
-0.88519025 0.99812168 -0.68374312 210 210 210
1.1778797 0.5430637 -0.46902636 210 210 210
0.51049298 0.11559826 -0.71928746 210 210 210
0.99356437 0.88773155 -0.39232597 210 210 210
0.68087542 0.11938809 -0.64739704 210 210 210
-0.065844327 -0.46713087 -0.84474009 210 210 210
-0.68570793 0.48969296 -0.58136159 210 210 210
-0.15064681 0.31264547 -0.35882008 210 210 210
1.0471687 0.79655236 -0.2801832 210 210 210
0.87682682 1.0239475 -0.77591282 210 210 210
-0.65445781 0.66279364 -0.66035575 210 210 210
0.95099759 0.87169445 -0.37810329 210 210 210
0.46564513 1.3152897 -0.78164649 210 210 210
-0.048962146 -0.46884203 -0.84332544 210 210 210
-0.70219165 0.49786603 -0.5902406 210 210 210
0.99214125 0.86406481 -0.30709088 210 210 210
2.1589296 0.93688715 -0.77922487 210 210 210
0.50918907 0.11453993 -0.72171003 210 210 210
0.53747267 1.1773624 -0.78420359 210 210 210
0.36120608 1.478839 -0.73535252 210 210 210
0.51156503 1.2128818 -0.78498173 210 210 210
1.1482153 0.68682027 -0.64140296 210 210 210
-0.24365693 1.1498259 -0.19904375 210 210 210
1.877363 0.94303131 -0.88698566 210 210 210
0.70040119 1.0708915 -0.23486501 210 210 210
-0.43747514 -0.21603449 -0.79677153 210 210 210
0.43947539 0.56273961 -0.40835136 210 210 210
0.87060165 1.0369916 -0.79099435 210 210 210
0.98314315 0.69379455 -0.45640132 210 210 210
0.9180361 0.98047769 -0.75948167 210 210 210
0.54500479 1.1774333 -0.77906507 210 210 210
0.44543278 0.11148046 -0.74538153 210 210 210
0.52178818 1.2520764 -0.76690835 210 210 210
0.69256169 -0.40204915 -1.3307792 210 210 210
0.00078482192 0.26650175 -0.63418341 210 210 210
0.34039235 0.17082888 -0.72082216 210 210 210
0.87891006 0.91427767 -0.34791142 210 210 210
0.26051572 0.5547635 -0.41171995 210 210 210
0.66609174 1.0676057 -0.78383058 210 210 210
0.90744901 -0.32227793 -0.93993056 210 210 210
2.2264867 0.93386519 -0.74939501 210 210 210
0.83982503 1.0439959 -0.697124 210 210 210
-0.1570548 -0.033747427 -0.64794743 210 210 210
-0.033186909 0.52206123 -0.29906678 210 210 210
2.026037 0.86352366 -0.78294247 210 210 210
0.7301048 1.0866997 -0.78017795 210 210 210
0.67656404 1.0872496 -0.78083533 210 210 210
0.36220968 0.42695656 -0.45928076 210 210 210
-0.13004851 0.36690983 -0.35327524 210 210 210
2.0530393 0.96742082 -0.80979991 210 210 210
-0.48162925 -0.33804396 -0.76790142 210 210 210
0.50259411 0.47187519 -0.64231879 210 210 210
0.32462084 0.23792084 -0.82469606 210 210 210
0.7671423 0.97965062 -0.36951992 210 210 210
1.0159544 0.021934411 -0.80785668 210 210 210
0.80721432 0.88630873 -0.70666027 210 210 210
0.89779365 0.81578243 -0.29024932 210 210 210
-0.002354241 -0.54125774 -0.80944037 210 210 210
-0.21296394 0.99005431 -0.27850145 210 210 210
0.4473069 0.11008129 -0.75728363 210 210 210
0.86758488 0.9936102 -0.76152116 210 210 210
1.5799249 0.90601087 -0.91922092 210 210 210
-0.1231728 0.48678762 -0.2623499 210 210 210
0.92231643 -0.3513025 -0.97991109 210 210 210
0.93562341 1.0160908 -0.77221417 210 210 210
2.028785 0.96022463 -0.81486917 210 210 210
0.96050406 0.84601593 -0.6382432 210 210 210
0.53527838 1.3091693 -0.13179359 210 210 210
0.70302713 1.0583738 -0.34653038 210 210 210
-0.76253426 0.23123604 -0.58116132 210 210 210
0.50200021 0.46305105 -0.62084579 210 210 210
-0.20924571 -0.039093047 -0.71910858 210 210 210
-0.20603365 0.31224516 -0.27420929 210 210 210
0.88095033 0.95104104 -0.6712513 210 210 210
0.49246147 0.066922382 -0.72128612 210 210 210
-0.69344372 0.51899344 -0.58376813 210 210 210
-0.21006586 0.090531334 -0.6682108 210 210 210
0.45425451 1.1457795 -0.79256099 210 210 210
-0.35437718 -0.59016383 -0.77262509 210 210 210
0.39299864 0.6196574 -0.18859698 210 210 210
0.86871368 -0.35005018 -0.97245914 210 210 210
-0.11132036 -0.12144208 -0.66265625 210 210 210
0.72021252 1.3471473 -0.19986603 210 210 210
0.64734024 1.038069 -0.2377141 210 210 210
2.0131733 1.0067357 -0.84687907 210 210 210
0.058384877 0.54266649 -0.33154628 210 210 210
0.20194472 0.20010151 -0.71982372 210 210 210
0.53559524 0.13063167 -0.71889907 210 210 210
0.90974367 0.057327293 -0.71058315 210 210 210
1.9913256 0.80671287 -0.69616914 210 210 210
0.48894346 1.215264 -0.19712853 210 210 210
2.0004668 0.88547236 -0.80242896 210 210 210
-0.27139828 0.032033559 -0.74286282 210 210 210
1.9503459 0.75753194 -0.69838256 210 210 210
0.47015736 1.1918569 -0.19980291 210 210 210
-0.6820789 0.59860337 -0.63694012 210 210 210
0.67774791 1.0576808 -0.3616026 210 210 210
-0.21227618 0.12082629 -0.67406684 210 210 210
-0.29223719 0.27023587 -0.35000783 210 210 210
0.34341201 0.74874538 -0.59971118 210 210 210
0.87727213 0.9285062 -0.38809019 210 210 210
-0.17087774 0.33633024 -0.31406084 210 210 210
0.40236014 1.3750411 -0.76811838 210 210 210
0.25061032 0.5402028 -0.40827176 210 210 210
-0.65267497 0.5164786 -0.63974565 210 210 210
-0.20650628 -0.087152958 -0.8389228 210 210 210
-0.53330463 0.18259296 -0.57895356 210 210 210
1.2088938 0.54270303 -0.44540033 210 210 210
0.79993182 -0.45650357 -1.1937134 210 210 210
0.51167709 0.039933655 -0.69150716 210 210 210
-0.42487025 -0.0065060221 -0.82004887 210 210 210
0.44755164 -0.13954671 -0.75112724 210 210 210
-0.33377019 -0.14388189 -0.70304227 210 210 210
0.62658763 1.0875288 -0.22456051 210 210 210
-0.049195014 -0.45519346 -0.84923559 210 210 210
0.58217746 0.39732903 -0.71356338 210 210 210
2.0400581 0.97169572 -0.82550639 210 210 210
0.27200055 0.21718094 -0.61338961 210 210 210
0.25605518 -0.73997933 -0.25023478 210 210 210
0.43205056 1.2124113 -0.7949481 210 210 210
0.93278086 0.82912987 -0.29577568 210 210 210
0.066767827 0.74333584 -0.35168403 210 210 210
0.8273074 0.058764569 -0.70465273 210 210 210
-1.0453357 -0.77085835 -0.54789609 210 210 210
-0.76440746 -0.022530397 -0.6689198 210 210 210
0.19185686 -0.73519403 -0.7768743 210 210 210
0.99220997 0.77474022 -0.46119097 210 210 210
0.66799635 1.0481721 -0.34273037 210 210 210
1.0129019 0.72584385 -0.435175 210 210 210
0.36797076 0.17487933 -0.65257001 210 210 210
0.82323056 1.6476665 -0.011296793 210 210 210
0.41913557 1.3549356 -0.77225929 210 210 210
0.91451931 0.86665571 -0.29450807 210 210 210
1.2345105 0.52423161 -0.45353818 210 210 210
0.5356853 0.1468408 -0.74267864 210 210 210
0.8711465 0.99991924 -0.24475275 210 210 210
0.86200887 -0.48158374 -1.1181812 210 210 210
0.8542158 0.96260601 -0.6700688 210 210 210
1.0953232 0.86622143 -0.6490314 210 210 210
0.87101173 -0.35675967 -0.97894084 210 210 210
1.0352727 -0.10133722 -0.98725867 210 210 210
0.050979916 0.40916193 -0.67201912 210 210 210
0.71727502 0.85326248 -0.38468361 210 210 210
-0.058707964 -0.45141044 -0.84416473 210 210 210
0.93113422 -0.37089035 -0.99824166 210 210 210
-0.18552029 -0.085618481 -0.80277884 210 210 210
0.58473927 1.1242909 -0.33648747 210 210 210
-0.5822053 -0.28489521 -0.76858127 210 210 210
-0.18136615 0.38064051 -0.30567715 210 210 210
0.95383179 1.5556731 -0.13449772 210 210 210
-0.19471583 0.39653552 -0.19768725 210 210 210
-0.06111132 -0.82821858 -0.98959571 210 210 210
0.92434669 0.90254754 -0.66916537 210 210 210
0.6936453 -0.45729205 -1.2656143 210 210 210
0.49175966 0.12477894 -0.72901237 210 210 210
0.34733352 0.60989928 -0.49511129 210 210 210
1.0038148 0.80400753 -0.86961168 210 210 210
0.73471582 0.91830027 -0.38589877 210 210 210
-0.060994275 -0.45193899 -0.84350342 210 210 210
2.18716 0.94718599 -0.76312059 210 210 210
-0.07862287 0.60581332 -0.27015725 210 210 210
0.079559661 -0.063484535 -0.89868689 210 210 210
0.35936385 0.56947666 -0.46730405 210 210 210
-0.17496566 0.053323306 -0.68587416 210 210 210
0.89649141 -0.44122836 -1.0544019 210 210 210
-0.23122111 0.84632701 -0.31509686 210 210 210
-0.15959877 1.0340984 -0.25957942 210 210 210
-0.17348225 0.079864837 -0.69906431 210 210 210
-0.079089448 -0.48172423 -0.83463639 210 210 210
0.42937872 0.5022859 -0.52380818 210 210 210
-0.057042617 -0.46854511 -0.84324086 210 210 210
-0.26083142 0.36697805 -0.23208511 210 210 210
-0.24956624 1.1456367 -0.1983479 210 210 210
0.22164567 0.1819995 -0.70384318 210 210 210
1.6772439 0.90542686 -0.9012717 210 210 210
0.42087221 1.3002061 -0.77036691 210 210 210
0.14817943 0.10070605 -0.68464941 210 210 210
0.58739543 1.0076216 -0.78632659 210 210 210
-0.055051602 -0.46127528 -0.84809881 210 210 210
-0.4139345 0.11053631 -0.46848688 210 210 210
-0.20057765 0.5121994 -0.25722662 210 210 210
0.50323272 0.110461 -0.7184003 210 210 210
-0.036269695 -0.82136393 -0.94349909 210 210 210
-0.7914651 -0.060981814 -0.65500611 210 210 210
-0.65580291 0.49800518 -0.58518797 210 210 210
2.0502844 0.97180974 -0.81465691 210 210 210
-0.28296646 0.008504549 -0.78208095 210 210 210
0.30683804 1.2990566 -0.81412071 210 210 210
-0.57337749 -0.43818739 -0.63016158 210 210 210
-0.1347627 -0.00095412217 -0.7278797 210 210 210
0.2061218 0.16653937 -0.69999945 210 210 210
0.39202753 1.2895898 -0.77953446 210 210 210
2.0746791 0.98481786 -0.81086576 210 210 210
0.89703918 -0.21548678 -0.85719764 210 210 210
-0.70198989 0.2812255 -0.58126676 210 210 210
0.51021892 0.13804488 -0.75976783 210 210 210
-0.31328064 -0.1503163 -0.70624048 210 210 210
-0.75129235 0.28402969 -0.57206362 210 210 210
0.81322658 0.1159121 -0.6583966 210 210 210
0.71257263 0.93608445 -0.37807384 210 210 210
0.42488283 1.2945011 -0.78610867 210 210 210
-0.13865583 0.33448151 -0.34491858 210 210 210
1.0272394 -0.085338071 -0.99279296 210 210 210
0.50929552 1.0648652 -0.77789158 210 210 210
-0.19505139 0.58594841 -0.56248176 210 210 210
-0.18073715 0.093558542 -0.68890893 210 210 210
-0.33241135 0.73527646 -0.65480578 210 210 210
0.21463235 0.40069517 -0.66618735 210 210 210
-0.21432425 0.40526405 -0.29393795 210 210 210
0.56679094 1.1392959 -0.78702533 210 210 210
0.074934892 0.41972691 -0.67341179 210 210 210
-0.15536529 -0.024072289 -0.64467102 210 210 210
0.026015596 0.40116569 -0.6730637 210 210 210
1.0925196 0.65288848 -0.60535711 210 210 210
0.34607476 0.76073736 -0.59882003 210 210 210
0.67814034 0.21802077 -0.72168636 210 210 210
-0.25840387 0.29266885 -0.60898459 210 210 210
0.86200196 -0.39457309 -1.0917746 210 210 210
0.66575485 0.21623249 -0.71751308 210 210 210
-0.020156475 -0.39565387 -0.85576618 210 210 210
0.35719544 -0.011847858 -0.71899158 210 210 210
0.7225858 0.85259885 -0.616593 210 210 210
0.65843004 0.13089153 -0.65509647 210 210 210
0.88670611 1.1012934 -0.78002208 210 210 210
0.89703017 0.95211166 -0.66860944 210 210 210
0.48668525 0.032936286 -0.71672827 210 210 210
0.89267224 0.96467566 -0.66118932 210 210 210
-0.31132007 0.8841275 -0.34007484 210 210 210
-0.52094942 0.55631393 -0.55006886 210 210 210
1.5899153 0.87134331 -0.91270715 210 210 210
0.50719219 0.078002833 -0.74661052 210 210 210
0.72095734 0.18277816 -0.65153086 210 210 210
0.47387975 1.2319751 -0.78173393 210 210 210
2.0157466 1.0053977 -0.84504688 210 210 210
0.29990998 0.18935694 -0.60052609 210 210 210
1.9777173 0.94682664 -0.84511703 210 210 210
0.84568518 0.99307555 -0.56897217 210 210 210
0.28796357 1.4093231 -0.79145271 210 210 210
0.42382205 0.11672545 -0.76141292 210 210 210
0.43678242 1.391784 -0.75888616 210 210 210
0.86789751 0.90289646 -0.3703354 210 210 210
0.67526114 0.21946509 -0.72071528 210 210 210
-0.38057011 0.23852503 -0.53030676 210 210 210
-0.46538103 -0.046692021 -0.78537178 210 210 210
0.67444032 0.21508981 -0.7221601 210 210 210
-0.79132527 -0.30490094 -0.62706518 210 210 210
0.66669607 0.22181569 -0.71508157 210 210 210
0.82884848 -0.30942833 -1.1476021 210 210 210
0.75365132 -0.50323576 -1.2031077 210 210 210
0.54955757 0.15752956 -0.70501721 210 210 210
0.32236752 0.18337733 -0.62427777 210 210 210
0.42158428 0.5383085 -0.40743625 210 210 210
-0.008885215 0.32827914 -0.67568016 210 210 210
-0.36890197 0.64778948 -0.31598133 210 210 210
0.90617162 0.97724783 -0.37320742 210 210 210
-0.014330424 -0.82190096 -0.95317256 210 210 210
-0.16682173 0.066746965 -0.69261009 210 210 210
0.96219063 1.0141902 -0.80115968 210 210 210
0.24593414 0.3883546 -0.67877376 210 210 210
2.1142502 0.94243324 -0.80356508 210 210 210
-0.36525065 0.031607628 -0.76623493 210 210 210
-0.36952025 0.91894031 -0.29995176 210 210 210
1.1632706 0.56105244 -0.44070297 210 210 210
1.154529 0.59996599 -0.44348747 210 210 210
0.46920276 1.3228377 -0.77099913 210 210 210
0.83185595 0.9781673 -0.83822751 210 210 210
0.78082854 -0.47416067 -1.2212936 210 210 210
0.93768054 0.77753854 -0.45210862 210 210 210
-0.081655957 -0.078715235 -0.62765723 210 210 210
0.86681056 -0.099368513 -0.78191066 210 210 210
0.64988661 0.87821734 -0.61124092 210 210 210
0.069245726 0.53988838 -0.3360998 210 210 210
0.58460671 1.3175304 -0.68729687 210 210 210
0.74480212 0.76706791 -0.4826223 210 210 210
0.68041986 1.0929894 -0.23744915 210 210 210
0.86952275 -0.05743511 -0.7684918 210 210 210
0.43988338 0.17830084 -0.69435233 210 210 210
1.9751918 0.80375093 -0.70523703 210 210 210
-0.011980803 0.19879247 -0.60486627 210 210 210
-0.52948993 0.55209869 -0.66170251 210 210 210
0.37052926 -0.036486574 -0.70659155 210 210 210
-0.27752098 1.1649979 -0.19061363 210 210 210
1.2419356 0.51780236 -0.45662215 210 210 210
1.206175 0.5768224 -0.51103359 210 210 210
2.0469561 0.99314296 -0.83237964 210 210 210
-0.14381517 -0.030037232 -0.64140898 210 210 210
0.8502996 -0.23666358 -0.83642566 210 210 210
0.35540682 1.163717 -0.66215986 210 210 210
-0.43399414 0.50234771 -0.486525 210 210 210
0.42443916 1.1846025 -0.18677968 210 210 210
0.73118144 0.11220385 -0.65088505 210 210 210
-0.05230901 -0.46974781 -0.84331393 210 210 210
0.47395724 0.01629357 -0.7119121 210 210 210
0.908997 -0.42950928 -1.0465227 210 210 210
0.71937352 0.9137311 -0.3874763 210 210 210
0.82861137 0.90018862 -0.4038955 210 210 210
0.81588262 0.90275496 -0.49054986 210 210 210
0.83758968 0.97250271 -0.39444056 210 210 210
0.9565801 0.87558496 -0.30666661 210 210 210
0.58538425 -0.48164624 -1.330626 210 210 210
0.84891886 -0.30102721 -0.89239341 210 210 210
0.90249765 0.8509208 -0.64478809 210 210 210
1.1912675 0.4798499 -0.43501359 210 210 210
0.85154569 -0.3986859 -1.0894656 210 210 210
0.73126876 1.0513543 -0.773072 210 210 210
0.84398603 -0.46446288 -1.1277672 210 210 210
0.53258753 0.08333075 -0.73054761 210 210 210
0.63059896 1.1581559 -0.79003334 210 210 210
0.51858157 1.1979257 -0.77718771 210 210 210
-0.50724864 -0.34932393 -0.74785453 210 210 210
-0.35907614 0.06149593 -0.79220665 210 210 210
0.7411294 0.82567078 -0.59948158 210 210 210
-0.37868735 0.73771077 -0.5077877 210 210 210
-0.2073424 0.060257178 -0.67583692 210 210 210
0.75410497 0.99611515 -0.35934943 210 210 210
0.9550848 0.94246149 -0.24249417 210 210 210
-0.26111311 0.3956587 -0.34326673 210 210 210
0.72761405 0.89132077 -0.38749784 210 210 210
-0.234524 0.044242557 -0.73197138 210 210 210
0.73113191 0.18523812 -0.65275621 210 210 210
-0.53384852 0.53762919 -0.54568589 210 210 210
1.1088459 0.49253428 -0.47908205 210 210 210
0.88140267 -0.08361721 -0.7867884 210 210 210
-0.24237989 0.26634455 -0.60688144 210 210 210
0.86948371 -0.07915666 -0.77515411 210 210 210
0.87381715 0.96278155 -0.65189075 210 210 210
-0.63849127 0.386361 -0.62254447 210 210 210
-0.18809354 -0.083424397 -0.71794403 210 210 210
0.4544692 1.0978347 -0.33764815 210 210 210
0.94696659 0.78513056 -0.44285175 210 210 210
0.81172019 0.94092989 -0.43633682 210 210 210
-0.18037282 -0.072146893 -0.69691491 210 210 210
1.0864693 0.81298482 -0.27516118 210 210 210
0.43087429 0.136399 -0.8311711 210 210 210
0.66308671 0.70326763 -0.37820098 210 210 210
0.49950644 0.041368742 -0.72037268 210 210 210
0.80956274 1.0179567 -0.32484007 210 210 210
0.48776913 1.2139518 -0.19810914 210 210 210
0.6898458 1.065567 -0.32565498 210 210 210
0.92130566 0.85079342 -0.29211101 210 210 210
1.8952379 0.90581042 -0.87389123 210 210 210
-0.11371218 -0.033057287 -0.66816485 210 210 210
0.57075596 1.139699 -0.21221966 210 210 210
0.77671361 0.091844179 -0.66227543 210 210 210
0.32415214 0.7601034 -0.62629265 210 210 210
0.39955962 1.1896845 -0.78271234 210 210 210
1.1878722 0.46680841 -0.44009164 210 210 210
0.64085585 1.0834039 -0.78485632 210 210 210
0.61062896 1.1525397 -0.78422803 210 210 210
-0.25231853 0.28227463 -0.60349864 210 210 210
0.41343841 1.2458154 -0.18166855 210 210 210
1.9507631 0.8162334 -0.71654177 210 210 210
-0.24895743 0.27559796 -0.61139041 210 210 210
-0.4458544 0.8725608 -0.66784054 210 210 210
-0.30387297 0.056382135 -0.77853441 210 210 210
0.0469676 0.57432717 -0.34637594 210 210 210
0.89068997 0.88091487 -0.2939772 210 210 210
0.82475787 -0.41798276 -1.0861517 210 210 210
1.2104257 0.53325021 -0.4394339 210 210 210
-0.45726001 0.48225978 -0.49656308 210 210 210
-0.27190286 0.62350446 -0.45765787 210 210 210
-0.062516421 -0.48197639 -0.83699977 210 210 210
0.82375854 0.91928089 -0.47585377 210 210 210
-0.47349998 0.64769119 -0.71682608 210 210 210
-0.020351697 -0.82261676 -0.95746022 210 210 210
0.65122581 1.1735529 -0.22280495 210 210 210
0.27733529 0.83784759 -0.6161983 210 210 210
0.51939696 0.045343384 -0.71925664 210 210 210
0.69986403 0.23628323 -0.65448403 210 210 210
0.41994858 0.0013027879 -0.70236552 210 210 210
1.0440383 0.81041378 -0.73776895 210 210 210
-0.36200556 0.9143492 -0.29984665 210 210 210
0.71655542 0.99413371 -0.37141579 210 210 210
0.26953858 0.53569573 -0.36633202 210 210 210
0.74575502 0.99433142 -0.35932371 210 210 210
0.39227647 -0.0060821837 -0.71466416 210 210 210
0.93299311 0.85997534 -0.29408416 210 210 210
1.035977 0.15675692 -0.64175117 210 210 210
0.53770119 1.4459994 -0.59666425 210 210 210
0.89634186 0.87875611 -0.29691204 210 210 210
-0.29035577 1.2796396 -0.17184857 210 210 210
0.42388013 0.13589747 -0.82275641 210 210 210
-0.46603173 0.49996629 -0.48688945 210 210 210
0.90321589 1.0553424 -0.38238165 210 210 210
-0.0072877631 0.25547141 -0.67129225 210 210 210
-0.24908303 0.30697185 -0.60282904 210 210 210
0.17901365 0.39313966 -0.66047877 210 210 210
0.81320655 0.90007681 -0.4973675 210 210 210
0.99343699 0.77365977 -0.45021686 210 210 210
0.87257808 0.89870131 -0.37224504 210 210 210
-0.86891669 0.074746422 -0.59516197 210 210 210
0.78805679 0.87898439 -0.41643873 210 210 210
-0.35759589 0.042337354 -0.77609342 210 210 210
1.203271 0.49548179 -0.5182305 210 210 210
0.95545685 -0.26883256 -1.1084757 210 210 210
-0.028856089 -0.48317969 -0.83733046 210 210 210
0.52810878 0.15685613 -0.71701539 210 210 210
-0.37726858 0.88556075 -0.33246243 210 210 210
-0.3479993 0.88225299 -0.33740675 210 210 210
0.77346373 0.9962517 -0.35487497 210 210 210
0.92316943 0.85250127 -0.29044804 210 210 210
0.15302446 0.24918231 -0.67202908 210 210 210
-1.0225881 0.87606817 -0.57428473 210 210 210
-0.20577298 0.19761069 -0.70414597 210 210 210
0.88400334 -0.41533145 -1.0138593 210 210 210
0.76015878 0.93493998 -0.39757481 210 210 210
0.55292147 1.2197679 -0.2340111 210 210 210
0.08381249 0.54665202 -0.33974805 210 210 210
1.223981 0.49653247 -0.47821143 210 210 210
-0.28014275 0.1973715 -0.34998181 210 210 210
0.61658686 0.91471434 -0.66704702 210 210 210
0.86658257 -0.042392556 -0.75755543 210 210 210
0.90912032 0.90376592 -0.29554129 210 210 210
0.76921844 1.089132 -0.67832226 210 210 210
1.0512756 0.93678325 -0.66530627 210 210 210
1.0638849 0.7757979 -0.49020317 210 210 210
0.67936051 0.86207658 -0.40525931 210 210 210
0.89007944 -0.29653069 -0.89056444 210 210 210
0.57197887 0.047201872 -0.72485578 210 210 210
-0.20150892 0.11800055 -0.70630276 210 210 210
1.1327221 0.48861331 -0.55925417 210 210 210
-0.437543 0.48419639 -0.62692851 210 210 210
0.53809136 0.050880067 -0.72366178 210 210 210
1.2722028 0.80023831 -0.70537502 210 210 210
0.24691382 0.18660332 -0.62308127 210 210 210
0.7770068 0.89315921 -0.51936162 210 210 210
-0.19635177 0.35297996 -0.26131061 210 210 210
0.77869606 0.17479938 -0.65079004 210 210 210
0.78223133 -0.046294782 -0.72550189 210 210 210
0.48084533 1.2098074 -0.20893396 210 210 210
-0.26303679 0.41028163 -0.37923893 210 210 210
0.33060986 1.3342526 -0.77681613 210 210 210
0.91317225 0.95795435 -0.76558995 210 210 210
2.0856328 0.94476718 -0.8110556 210 210 210
-0.90171242 1.1379812 -0.67811096 210 210 210
-0.24163744 1.0762244 -0.22751051 210 210 210
-0.21645205 0.026745096 -0.78156227 210 210 210
-0.25236744 0.29372436 -0.61331069 210 210 210
-0.48636004 -0.33577052 -0.76750875 210 210 210
0.73573142 0.97123623 -0.35975587 210 210 210
-0.69210607 0.81487566 0.30327177 210 210 210
0.52301264 0.070340462 -0.72890383 210 210 210
1.065485 0.79001617 -0.69679695 210 210 210
-0.020558201 0.64093405 -0.60594952 210 210 210
0.57158566 -0.18141688 -0.7494455 210 210 210
-0.53680432 0.58539093 -0.4965446 210 210 210
0.798329 -0.24535 -0.8184517 210 210 210
0.47515222 1.2006135 -0.78839052 210 210 210
0.97229534 0.94137913 -0.86509532 210 210 210
0.069640368 0.53971732 -0.33627611 210 210 210
0.66670734 0.21311653 -0.71920317 210 210 210
-0.003075629 0.26746443 -0.67731953 210 210 210
0.15845925 0.23124032 -0.55321676 210 210 210
0.25811407 0.22155732 -0.81510848 210 210 210
0.57115209 1.1383411 -0.35469574 210 210 210
-0.23863718 -0.25019696 -0.76304686 210 210 210
-0.16178547 0.035532359 -0.72387755 210 210 210
-0.076342262 0.52066463 -0.58816487 210 210 210
-0.35739738 0.87790376 -0.33186737 210 210 210
-0.15012769 0.26039252 -0.31622896 210 210 210
-0.50638026 0.64859551 -0.47281915 210 210 210
0.71998578 0.17751935 -0.64960009 210 210 210
-0.099495672 0.6894452 -0.49296984 210 210 210
0.67147923 0.21791464 -0.71782899 210 210 210
0.02305341 0.28913999 -0.51124483 210 210 210
0.58267254 1.4263383 -0.60341072 210 210 210
0.48472121 1.2268757 -0.78973508 210 210 210
1.072405 0.83865893 -0.88742757 210 210 210
0.67801183 0.098450057 -0.6511122 210 210 210
-0.51529968 0.56083351 -0.5499177 210 210 210
0.48491937 1.1900831 -0.77702647 210 210 210
0.10727848 0.016227566 -0.69046724 210 210 210
-0.12804672 -0.82249624 -0.81575102 210 210 210
0.88929325 -0.43001783 -1.0708585 210 210 210
-0.05220627 -0.46308997 -0.84567499 210 210 210
0.91911596 -0.30839524 -1.1172811 210 210 210
-0.27754635 0.075884722 -0.7638852 210 210 210
0.38561586 1.3404887 -0.77146679 210 210 210
-0.54468977 0.61934978 -0.57731217 210 210 210
0.90585554 0.81952655 -0.29155204 210 210 210
-0.37131163 0.021563165 -0.76083374 210 210 210
-0.3579061 0.30437714 -0.56155074 210 210 210
0.42434627 1.3367175 -0.11564064 210 210 210
0.76866925 -0.0031795884 -0.68947846 210 210 210
-0.26384288 -0.26372477 -0.76721394 210 210 210
0.15143913 0.37446624 -0.65456837 210 210 210
-0.93911159 -0.57510102 -0.35495844 210 210 210
0.81276971 0.19720589 -0.64747262 210 210 210
1.1074673 0.54912162 -0.43910867 210 210 210
0.88132864 -0.29265442 -0.90010965 210 210 210
1.1126291 0.62231374 -0.51502174 210 210 210
0.85488677 -0.088057883 -0.77263355 210 210 210
0.0096615143 0.32311448 -0.69750392 210 210 210
0.63883024 1.0353451 -0.45172915 210 210 210
0.76524317 -0.42470694 -1.1395657 210 210 210
0.33491486 0.2510699 -0.83447069 210 210 210
-0.35783523 0.74721044 -0.17170298 210 210 210
-0.017258421 0.24182326 -0.66643101 210 210 210
0.97765964 0.86696708 -0.64779687 210 210 210
0.48688576 1.2113892 -0.20965387 210 210 210
0.86475849 -0.10871319 -0.78489673 210 210 210
1.1698774 0.59131169 -0.59882247 210 210 210
-0.17813343 0.2428674 -0.75813991 210 210 210
0.50412709 0.13565497 -0.78111535 210 210 210
0.24036649 0.54327142 -0.42142829 210 210 210
0.50219834 1.1728653 -0.78319335 210 210 210
0.16536143 0.40210217 -0.65945065 210 210 210
0.86669868 -0.45576748 -1.0388913 210 210 210
0.42694911 0.13291976 -0.82346725 210 210 210
0.52732301 0.056427039 -0.72202581 210 210 210
0.71604848 1.075061 -0.77974951 210 210 210
0.76149082 -0.51941937 -1.1787899 210 210 210
1.1601919 0.52634645 -0.43561807 210 210 210
-0.15993746 0.24738717 -0.34601876 210 210 210
0.91911429 -0.38820779 -1.0056554 210 210 210
-0.61086762 0.84825897 -0.6100924 210 210 210
-0.21719187 0.34708902 -0.28794989 210 210 210
0.94881105 -0.27833095 -1.1136239 210 210 210
1.0006379 0.920744 -0.66190112 210 210 210
0.97068697 -0.060527526 -0.97297275 210 210 210
1.0965894 0.5910306 -0.51141441 210 210 210
0.86680305 -0.46244437 -1.0528066 210 210 210
1.1928552 0.48492783 -0.472186 210 210 210
-0.18787666 0.043953821 -0.68473047 210 210 210
-0.28755179 1.0251189 -0.2529318 210 210 210
0.80907613 -0.43043733 -1.0945727 210 210 210
-0.30576852 0.71292132 -0.62139899 210 210 210
0.76419359 -0.48600751 -1.2257849 210 210 210
1.2573662 0.51513052 -0.52281594 210 210 210
0.76446122 -0.51084542 -1.1834326 210 210 210
1.223654 0.48689568 -0.46755198 210 210 210
0.45564181 -0.0012993468 -0.70825887 210 210 210
1.0131161 0.85245389 -0.64548516 210 210 210
0.86567026 -0.45573288 -1.1028031 210 210 210
-0.07089778 0.30803996 -0.66419947 210 210 210
0.41133612 0.16360807 -0.71870667 210 210 210
1.1137995 0.58205605 -0.52128243 210 210 210
-0.0073053311 -0.42937207 -0.86009163 210 210 210
-0.2222815 0.040865302 -0.77184445 210 210 210
-0.054715961 0.69318545 -0.56666869 210 210 210
-0.19309989 0.11953738 -0.68685162 210 210 210
0.61106378 0.075892635 -0.75373137 210 210 210
0.81520206 0.012259025 -0.70474088 210 210 210
0.77827406 -0.10484844 -0.79510039 210 210 210
0.63668162 0.093887031 -0.65054411 210 210 210
0.82483155 -0.041134968 -0.78170091 210 210 210
0.81624246 -0.039416071 -0.73178995 210 210 210
0.42232814 1.3625165 -0.72884983 210 210 210
0.67867166 1.0964136 -0.78108823 210 210 210
-0.034622945 -0.82696062 -0.93468195 210 210 210
0.61779922 0.1720911 -0.70365644 210 210 210
-0.22049259 0.036164921 -0.78164101 210 210 210
0.73832238 -0.3649331 -0.42012432 210 210 210
0.55920058 0.17682768 -0.71090889 210 210 210
-0.046330132 -0.46107504 -0.8488341 210 210 210
0.9295094 0.98189133 -0.40340576 210 210 210
-0.24757479 -0.041122545 -0.7570141 210 210 210
-0.20055908 0.054555196 -0.68300128 210 210 210
0.49304417 0.027566407 -0.71014082 210 210 210
0.50004387 1.1346923 -0.20756884 210 210 210
0.13956252 0.029963419 -0.60718763 210 210 210
-0.45100307 0.3779794 -0.58220083 210 210 210
0.086640038 0.000152976 -0.63537037 210 210 210
1.1840014 0.54446524 -0.44547337 210 210 210
0.85255194 0.12873289 -0.65778655 210 210 210
-0.82645017 1.1857381 -0.67299199 210 210 210
0.94090468 0.92071187 -0.7570259 210 210 210
1.1758163 0.5057081 -0.46013072 210 210 210
-0.49870461 0.80557895 -0.64401692 210 210 210
1.1845063 0.5362367 -0.4435598 210 210 210
-0.426474 0.54737103 -0.49220729 210 210 210
-0.18977477 0.084147744 -0.6859467 210 210 210
0.54089838 0.05722462 -0.73099184 210 210 210
-0.18546976 -0.074633025 -0.70566785 210 210 210
0.87095803 -0.11759847 -0.79375088 210 210 210
-0.18554464 0.081202514 -0.68677241 210 210 210
1.055308 -0.071234725 -0.92596895 210 210 210
0.91217005 -0.40875909 -1.0231551 210 210 210
-0.46977493 0.67876118 -0.69911397 210 210 210
-0.020062599 0.029300356 -0.68942571 210 210 210
0.54132295 0.082865059 -0.73191023 210 210 210
-0.23950006 0.95562571 -0.28604949 210 210 210
0.54232079 0.1068433 -0.74521309 210 210 210
0.52434742 0.046171375 -0.72163153 210 210 210
0.66973579 -0.52622533 -1.2910699 210 210 210
0.53341317 0.016763918 -0.6718173 210 210 210
0.47999483 0.036465742 -0.71955919 210 210 210
0.48017675 0.028492849 -0.71783042 210 210 210
0.46700436 0.5918712 -0.42748535 210 210 210
0.80480427 -0.30968696 -0.42456216 210 210 210
-0.24601789 0.063817427 -0.73812628 210 210 210
-0.22874913 0.43458471 -0.23557982 210 210 210
-0.2591359 0.36750126 -0.23628125 210 210 210
0.41678494 0.26611304 -0.58611447 210 210 210
-0.19610025 0.38518587 -0.57165098 210 210 210
0.41129729 -0.0045874654 -0.70203924 210 210 210
0.85337514 -0.0589993 -0.76106143 210 210 210
0.45897985 0.030990854 -0.72462952 210 210 210
0.50519037 0.4943496 -0.51934123 210 210 210
0.4819878 0.036643621 -0.71732408 210 210 210
0.86980927 -0.47760603 -1.0758342 210 210 210
-0.24230872 0.30160257 -0.61124408 210 210 210
0.53800464 0.085792966 -0.73344862 210 210 210
0.7237013 -0.20502661 -0.7585547 210 210 210
0.43584561 0.017358361 -0.71328717 210 210 210
0.47162494 0.0068521118 -0.713642 210 210 210
-0.40404031 0.54510635 -0.49153468 210 210 210
-0.77577543 -0.027333982 -0.69432968 210 210 210
-0.32681641 0.50361383 -0.50628787 210 210 210
-0.56774598 0.67460114 -0.61084884 210 210 210
1.1873447 0.51982445 -0.5569284 210 210 210
1.2387863 0.53404051 -0.53973234 210 210 210
0.44866604 -0.022243911 -0.71976942 210 210 210
0.58329672 -0.016236156 -0.78413153 210 210 210
0.80522025 -0.52103966 -1.1119038 210 210 210
-0.054826353 -0.46466458 -0.84596372 210 210 210
0.19082904 -0.0028649969 -0.79522038 210 210 210
0.84021556 -0.2879523 -0.86110556 210 210 210
0.33842289 -0.045844644 -0.70148808 210 210 210
0.85728443 -0.28201661 -0.86464387 210 210 210
-0.18598828 0.084270909 -0.68756998 210 210 210
0.25702891 -0.060209025 -0.84175891 210 210 210
0.50252259 -0.00080815866 -0.66973072 210 210 210
0.50024122 -0.10731246 -0.73378372 210 210 210
0.29701337 0.57744682 -0.3929553 210 210 210
-0.41455764 0.52368426 -0.49484482 210 210 210
-0.66277051 0.57243764 -0.61782843 210 210 210
-0.29485521 0.010070585 -0.78648484 210 210 210
0.53634256 0.084830008 -0.73630261 210 210 210
0.53983951 0.086199634 -0.73136079 210 210 210
0.50400019 0.053613413 -0.72314632 210 210 210
-0.17502527 0.2187625 -0.39463323 210 210 210
0.27675536 0.22797011 -0.60418046 210 210 210
2.8789802e-05 0.276537 -0.65685862 210 210 210
-0.35624728 -0.0020646309 -0.76168525 210 210 210
0.380613 -0.15324019 -0.77454603 210 210 210
0.32287723 0.50042242 -0.21457975 210 210 210
-0.3493579 0.74717259 -0.16962707 210 210 210
1.1702442 0.52738279 -0.57547969 210 210 210
0.75178927 0.063323878 -0.66095912 210 210 210
-0.015105811 -0.82109416 -0.95629025 210 210 210
0.40410027 0.021215823 -0.72460109 210 210 210
-0.31403729 -0.10999723 -0.71738237 210 210 210
-0.59944409 0.22436148 -0.56068486 210 210 210
1.9794273 0.82403344 -0.798908 210 210 210
0.79777092 -0.069837511 -0.73056912 210 210 210
-0.25644824 0.27023053 -0.60559708 210 210 210
0.6993655 0.1127787 -0.64880186 210 210 210
-0.57548547 0.68113643 -0.61426425 210 210 210
-0.16802296 0.061581947 -0.69013435 210 210 210
0.23116864 0.13467917 -0.58011162 210 210 210
0.57151264 0.049819119 -0.72701651 210 210 210
-0.080730662 -0.10492924 -0.60518861 210 210 210
0.48661792 0.019162258 -0.70906442 210 210 210
-0.19622211 0.85996652 -0.32184941 210 210 210
0.64321506 0.12958626 -0.66191953 210 210 210
-0.76460141 -0.03220256 -0.69285625 210 210 210
0.60526145 0.044004012 -0.66048235 210 210 210
0.41767627 -0.0071348082 -0.68511814 210 210 210
-0.85703254 1.0160929 -0.62398309 210 210 210
0.48718935 -0.026049234 -0.70944965 210 210 210
-0.5240562 0.63296294 -0.46628448 210 210 210
0.50567615 0.060856104 -0.72910178 210 210 210
0.66268766 0.1329436 -0.65375626 210 210 210
0.079575747 -0.01543396 -0.61636561 210 210 210
0.65322602 0.12150729 -0.65459812 210 210 210
0.54170513 0.0723444 -0.72805452 210 210 210
0.55997115 0.1263303 -0.71482998 210 210 210
0.5310297 0.1076631 -0.71285915 210 210 210
0.50985634 0.75208992 -0.37464252 210 210 210
-0.16872175 -0.042597063 -0.68293679 210 210 210
0.76443577 -0.52648109 -1.1580071 210 210 210
1.2081891 0.4585323 -0.45043537 210 210 210
0.77978277 0.002696465 -0.69162893 210 210 210
-0.64194012 0.40817192 -0.63427377 210 210 210
-0.24492893 0.25414318 -0.60888118 210 210 210
0.66977292 0.10201941 -0.65076774 210 210 210
0.82139301 -0.10582417 -0.75882417 210 210 210
1.046771 0.89877766 -0.66112226 210 210 210
1.9479966 0.78692245 -0.6981895 210 210 210
0.18915829 0.069692351 -0.58046854 210 210 210
0.53294075 0.051493675 -0.7292158 210 210 210
0.63324207 0.10363695 -0.65753448 210 210 210
0.28383094 0.17848247 -0.61986136 210 210 210
0.14275149 0.24030463 -0.64303863 210 210 210
-0.25553495 0.26579583 -0.60554218 210 210 210
0.77997118 -0.52793986 -1.1348132 210 210 210
0.40568599 0.18775271 -0.70991069 210 210 210
-0.28857082 0.24444588 -0.32754171 210 210 210
0.055998791 -0.023933377 -0.65557647 210 210 210
-0.55928564 0.6571244 -0.60185635 210 210 210
-0.18021071 0.21546373 -0.40731525 210 210 210
0.45024747 0.0043140035 -0.70081359 210 210 210
0.49061102 0.023984998 -0.71272695 210 210 210
0.13728194 0.041422125 -0.59253496 210 210 210
-0.19285785 0.096784629 -0.68476546 210 210 210
-0.15138963 0.90875578 -0.35293281 210 210 210
-0.50127918 0.54325271 -0.56859291 210 210 210
0.28182486 0.18280047 -0.62123632 210 210 210
0.26105589 0.50771809 -0.40693989 210 210 210
-0.34969756 0.33178473 -0.59241027 210 210 210
0.66024202 -0.12730508 -0.72242105 210 210 210
0.078589894 0.1402224 -0.65904927 210 210 210
0.8319912 0.57036585 -0.51625025 210 210 210
-0.22425905 0.037558381 -0.79488117 210 210 210
0.79111439 -0.1380036 -0.75985837 210 210 210
0.0033162206 0.32896817 -0.70464152 210 210 210
0.45007068 0.065079369 -0.74487203 210 210 210
-0.89623278 1.1371629 -0.67497391 210 210 210
0.61889237 0.093350075 -0.65371972 210 210 210
0.48247597 0.012249083 -0.72019404 210 210 210
-0.20658617 0.41411597 -0.27058995 210 210 210
0.50850368 0.039625172 -0.72026509 210 210 210
0.31972653 -0.031309884 -0.70743412 210 210 210
-0.069278486 -0.069074079 -0.62319028 210 210 210
0.11363623 0.35923228 -0.65378094 210 210 210
0.27523914 0.044203915 -0.73982567 210 210 210
0.44478768 0.020799385 -0.7152341 210 210 210
0.29617146 0.20151839 -0.59732068 210 210 210
-0.037758343 -0.828291 -0.93948644 210 210 210
0.5258165 0.046212826 -0.71663874 210 210 210
0.9433766 0.65198463 -0.6595372 210 210 210
-0.41493884 0.41547394 -0.61330211 210 210 210
-0.050187029 -0.4718492 -0.8418026 210 210 210
0.22042488 0.62723982 -0.57535106 210 210 210
0.097648017 0.28998476 -0.62376201 210 210 210
0.46661147 0.57772124 -0.41562775 210 210 210
-0.053335458 -0.46582264 -0.84464002 210 210 210
0.41767773 -0.019698292 -0.70819169 210 210 210
-0.037634242 -0.81798643 -0.90914017 210 210 210
-0.56114221 0.27373832 -0.49467328 210 210 210
0.70138162 -0.068560511 -0.70032972 210 210 210
0.643188 0.19555087 -0.69784451 210 210 210
-0.1875397 0.27790356 -0.36130413 210 210 210
0.087957121 0.13250965 -0.66312957 210 210 210
-0.76481611 -0.048349131 -0.70268309 210 210 210
0.95905411 0.93209833 -0.52016765 210 210 210
0.54552996 0.044861861 -0.66700912 210 210 210
0.39244998 -0.1533068 -0.77872306 210 210 210
0.6819247 0.21668844 -0.72721291 210 210 210
-0.42934421 -0.034988336 -0.77643734 210 210 210
0.013687612 0.30766356 -0.68310481 210 210 210
0.38470221 0.15596649 -0.72923636 210 210 210
0.48892909 0.03909817 -0.67554015 210 210 210
0.25716922 0.18691348 -0.62344801 210 210 210
0.53712481 0.1567893 -0.71210277 210 210 210
0.79127836 -0.019035982 -0.70569986 210 210 210
0.23315954 0.32679933 -0.66434073 210 210 210
-0.2859399 0.58887672 -0.31971341 210 210 210
0.0022593911 -0.16959862 -0.57058114 210 210 210
0.35606691 -0.04192701 -0.69923472 210 210 210
0.14050728 0.043892793 -0.60893607 210 210 210
-0.1458312 0.62310618 -0.34999996 210 210 210
-0.87304872 1.0572951 -0.66451216 210 210 210
0.76399779 -0.0011365522 -0.68727583 210 210 210
0.47753921 0.023816604 -0.71315116 210 210 210
-0.47756419 0.78213817 -0.69387001 210 210 210
0.44149151 0.13093443 -0.81565869 210 210 210
0.33805376 0.19860888 -0.59944516 210 210 210
-0.62888229 0.38740256 -0.62117791 210 210 210
-0.14259687 0.28690934 -0.34082258 210 210 210
0.66185421 0.13285565 -0.65352619 210 210 210
0.21323836 0.50710934 -0.44957811 210 210 210
0.57314873 0.09797243 -0.66732383 210 210 210
0.52837402 0.14688194 -0.7177816 210 210 210
0.47254065 0.015726984 -0.71151775 210 210 210
0.54012066 0.089663275 -0.74468845 210 210 210
0.91802704 -0.39781955 -1.016124 210 210 210
0.86752796 -0.38937289 -1.1828531 210 210 210
-0.26181027 1.0124722 -0.20463809 210 210 210
-0.32374385 -0.14982696 -0.74329782 210 210 210
0.35405195 0.1457884 -0.74180603 210 210 210
0.5754835 0.024824334 -0.66685563 210 210 210
-0.25852549 0.29392555 -0.60899246 210 210 210
0.51262605 0.042524558 -0.71710086 210 210 210
0.53718865 0.061001129 -0.71501833 210 210 210
0.82729799 -0.3368828 -0.91687453 210 210 210
0.69612616 0.10920554 -0.64985603 210 210 210
0.25991559 -0.016176241 -0.76849669 210 210 210
0.21805377 0.39315167 -0.68036252 210 210 210
0.54848588 0.07967139 -0.73148251 210 210 210
0.33091676 0.57640868 -0.41065088 210 210 210
0.84803921 -0.19657373 -0.81553292 210 210 210
-0.30413842 1.2879255 -0.17024441 210 210 210
0.6980316 0.11846355 -0.64791977 210 210 210
0.37243569 -0.15405717 -0.77345371 210 210 210
0.52046978 0.025361793 -0.72289836 210 210 210
0.50707501 0.032282807 -0.71658671 210 210 210
0.46172261 -0.49715391 -1.3459452 210 210 210
0.9626497 -0.083862893 -0.46398944 210 210 210
0.47118139 0.0095239403 -0.70813507 210 210 210
0.29597557 0.57604408 -0.3929987 210 210 210
0.4717558 -0.017562311 -0.71032715 210 210 210
-0.13281421 -0.050618164 -0.67781079 210 210 210
0.49306813 0.031372815 -0.71696585 210 210 210
0.33414239 0.015533057 -0.77448303 210 210 210
-0.36036873 -0.061288852 -0.70334882 210 210 210
-0.29270783 1.1947784 -0.18603987 210 210 210
0.27000129 0.21904108 -0.61205471 210 210 210
0.6397444 0.096973673 -0.65056413 210 210 210
0.2983962 0.18795852 -0.60441107 210 210 210
-0.061543025 0.5431034 -0.59569514 210 210 210
0.31044379 0.1954468 -0.59039581 210 210 210
0.59061795 0.043104813 -0.66116065 210 210 210
0.30224496 0.19519404 -0.59994012 210 210 210
0.86236757 -0.029759817 -0.74907756 210 210 210
0.61156827 0.060798869 -0.65955126 210 210 210
0.48077378 0.072041787 -0.72819471 210 210 210
0.52081853 0.037919559 -0.72394288 210 210 210
0.25287983 0.1784313 -0.62858886 210 210 210
0.49231228 1.2095966 -0.69597244 210 210 210
-0.049290359 -0.46864814 -0.8435061 210 210 210
0.29123545 0.188877 -0.61266565 210 210 210
0.3357594 -0.072116278 -0.76006597 210 210 210
0.82691729 -0.298334 -0.42390874 210 210 210
0.33792555 0.18859652 -0.60049438 210 210 210
0.81085193 -0.23946349 -0.82016617 210 210 210
0.30229071 0.27048558 -0.59837127 210 210 210
-0.055205569 0.32052231 -0.69639474 210 210 210
-0.19218324 0.13297217 -0.69201392 210 210 210
-0.43319222 0.41165996 -0.59854633 210 210 210
-0.32488734 -0.12537798 -0.71072114 210 210 210
0.66218311 0.10865366 -0.65934479 210 210 210
-0.24070725 1.0528899 -0.23724353 210 210 210
0.51969028 0.039666791 -0.71972853 210 210 210
0.80275053 -0.22424555 -0.80857998 210 210 210
-0.14680751 0.013218987 -0.64302874 210 210 210
0.13100165 0.18121058 -0.65176183 210 210 210
0.540133 0.077360176 -0.73212385 210 210 210
0.825454 -0.50676072 -1.0883195 210 210 210
0.80844277 -0.081925906 -0.74151999 210 210 210
-0.057064455 -0.46598336 -0.84531581 210 210 210
0.0055388389 0.29177123 -0.67556 210 210 210
0.49847686 0.035376005 -0.72015727 210 210 210
0.25985622 0.1847098 -0.62665397 210 210 210
0.61746496 -0.18870962 -0.73988241 210 210 210
-0.24823061 0.076670453 -0.69865203 210 210 210
0.66525 0.021536943 -0.66402394 210 210 210
-0.53134155 0.48761421 -0.74434459 210 210 210
0.28989336 0.1731292 -0.61980444 210 210 210
0.48128751 0.011797842 -0.72032177 210 210 210
0.52903003 0.063178621 -0.7317763 210 210 210
0.1336953 0.53998077 -0.3516345 210 210 210
0.052391522 0.54775977 -0.32748917 210 210 210
0.70353723 0.10049903 -0.65058768 210 210 210
-0.29150826 -0.086654246 -0.79947799 210 210 210
0.66965038 0.070731677 -0.65715003 210 210 210
0.45857829 -0.02539869 -0.71380109 210 210 210
0.87447631 -0.3856518 -1.1801728 210 210 210
0.45665646 0.01203371 -0.70664996 210 210 210
-0.14189292 0.23137639 -0.39575762 210 210 210
0.56879699 -0.0071148952 -0.68313944 210 210 210
-0.30166981 0.26836318 -0.65002084 210 210 210
0.35477376 0.20910393 -0.60896116 210 210 210
0.49762177 0.010038599 -0.71713287 210 210 210
0.43224275 -0.0042554005 -0.69789094 210 210 210
0.15121362 0.044921998 -0.62111264 210 210 210
0.8468771 -0.097888537 -0.78198099 210 210 210
0.84294826 -0.29064617 -0.4247219 210 210 210
-0.26747647 0.27254081 -0.60471523 210 210 210
0.40953028 0.010364602 -0.71531492 210 210 210
0.44207105 0.018795652 -0.71457487 210 210 210
-0.061156206 -0.46521389 -0.84379297 210 210 210
-0.12879553 0.65299302 -0.27405849 210 210 210
0.85555905 -0.05198963 -0.75854552 210 210 210
-0.68159449 0.61383611 -0.64181072 210 210 210
-0.29302862 -0.08711651 -0.7636525 210 210 210
0.31729919 0.19695458 -0.59086531 210 210 210
0.8323347 -0.50883788 -1.100318 210 210 210
0.77650309 -0.024458025 -0.7019459 210 210 210
-0.4007929 0.8702659 -0.68010467 210 210 210
-0.24736972 0.33113295 -0.39985868 210 210 210
0.29590026 0.19812571 -0.60491157 210 210 210
0.46437263 0.063894406 -0.74383247 210 210 210
-0.17290033 0.060754679 -0.69244421 210 210 210
0.29504836 0.19677988 -0.60793698 210 210 210
0.2793242 0.21044414 -0.60780734 210 210 210
0.66977865 -0.01823315 -0.67215073 210 210 210
0.95347679 -0.098110884 -0.45227179 210 210 210
0.72808373 -0.07282383 -0.70538956 210 210 210
0.85000104 -0.32232344 -0.89656979 210 210 210
-0.16881867 0.36699176 -0.62368947 210 210 210
-0.18329379 -0.079901561 -0.73184049 210 210 210
0.75447488 -0.05585736 -0.70652407 210 210 210
-0.092845432 -0.46478528 -0.83767009 210 210 210
-0.48000062 0.83687407 -0.69627953 210 210 210
-0.055943802 -0.45808065 -0.84764189 210 210 210
0.76269656 0.075057887 -0.66279298 210 210 210
-0.18956852 0.04440289 -0.67849207 210 210 210
0.38219705 -0.035587337 -0.72184038 210 210 210
-0.49269947 0.51281238 -0.48793378 210 210 210
0.45043662 -0.031235117 -0.71764737 210 210 210
1.0547421 -0.0020724519 -0.50255948 210 210 210
0.41875905 -0.012823874 -0.70828754 210 210 210
0.53789562 0.050720103 -0.72412342 210 210 210
0.25004604 0.16639157 -0.56550926 210 210 210
1.1054049 0.07110744 -0.68661547 210 210 210
1.0898232 0.015926616 -0.6569823 210 210 210
0.38212392 0.54869741 -0.40205342 210 210 210
-0.24498206 0.26303199 -0.60817885 210 210 210
-0.049024642 -0.46369877 -0.84627527 210 210 210
0.46121842 -0.0020721005 -0.70983154 210 210 210
0.43828216 -0.0090201022 -0.7027148 210 210 210
0.44315466 -0.0057445141 -0.70720237 210 210 210
-0.026835769 0.52551597 -0.30073425 210 210 210
0.38965628 -0.01574548 -0.70390934 210 210 210
0.508439 0.023674127 -0.7221728 210 210 210
-0.052898239 -0.80009729 -0.93435496 210 210 210
0.44859087 0.0022762748 -0.7007069 210 210 210
-0.12226918 0.52921075 -0.62195951 210 210 210
-0.87677628 0.082734622 -0.59640634 210 210 210
0.44626838 0.0042457408 -0.70328832 210 210 210
0.41593274 -0.0011657614 -0.70050418 210 210 210
0.72603762 0.017208448 -0.67625022 210 210 210
0.7727837 0.25795284 -0.59712845 210 210 210
0.68831956 0.026988646 -0.66390872 210 210 210
0.67772669 -0.15847211 -0.72608376 210 210 210
-0.78571218 0.10142579 -0.64778942 210 210 210
0.44306192 0.013213004 -0.70707834 210 210 210
0.28872418 0.23932257 -0.60504526 210 210 210
0.28643653 0.1807192 -0.61689818 210 210 210
-0.28249738 0.25182307 -0.39921245 210 210 210
0.67018974 0.10032669 -0.64996773 210 210 210
-0.21941113 0.25819698 -0.43986028 210 210 210
-0.14945307 0.52350199 -0.63024169 210 210 210
0.32980835 0.19866441 -0.59208035 210 210 210
0.3902764 -0.026641171 -0.70951843 210 210 210
0.3947666 -0.11815582 -0.78499424 210 210 210
0.41836873 -0.015142322 -0.71471727 210 210 210
0.55565172 0.079504311 -0.72042531 210 210 210
0.62556404 -0.16672179 -0.73378009 210 210 210
0.21331291 0.45343629 -0.41192356 210 210 210
0.77045 -0.46847707 -1.1407049 210 210 210
0.13517259 0.041687157 -0.60502732 210 210 210
-0.14172038 0.33702776 -0.35702115 210 210 210
-0.12513304 -0.14165583 -0.67192596 210 210 210
0.52154952 0.029315362 -0.67002469 210 210 210
-0.37175876 0.73010921 -0.64532155 210 210 210
-0.21335696 0.32997155 -0.27077648 210 210 210
0.50075698 0.028134497 -0.67092156 210 210 210
0.46028638 -0.021116702 -0.71423334 210 210 210
0.25661325 -0.31225416 -0.85828215 210 210 210
0.64310181 0.10378084 -0.65126735 210 210 210
0.78672564 -0.16954549 -0.77345145 210 210 210
0.69828522 0.11818746 -0.64797211 210 210 210
-0.78362703 -0.019035799 -0.73011166 210 210 210
-0.24655375 -0.017175661 -0.7300784 210 210 210
0.40551683 0.15452714 -0.71681201 210 210 210
-0.17870823 0.36421686 -0.25176114 210 210 210
-0.90031463 0.030661117 -0.61697745 210 210 210
0.44343168 -0.032143764 -0.71848583 210 210 210
0.44183686 -0.041635729 -0.71691161 210 210 210
0.60593349 0.43146473 -0.50648165 210 210 210
-0.052961815 -0.46109444 -0.84493524 210 210 210
-0.1054415 0.28068605 -0.74075592 210 210 210
0.8273136 -0.29293448 -0.422575 210 210 210
1.0879818 0.083099686 -0.65524542 210 210 210
-0.23931602 0.3205747 -0.60457885 210 210 210
0.7293517 0.8229301 -0.69403881 210 210 210
0.31173596 0.19458854 -0.60838854 210 210 210
0.63427788 0.067872129 -0.85566986 210 210 210
0.52525038 0.029174395 -0.72467816 210 210 210
0.48421857 -0.0068933489 -0.71772969 210 210 210
-0.38004008 0.70116615 -0.6896016 210 210 210
0.75234002 0.021043148 -0.67518574 210 210 210
-0.27395019 -0.0074019972 -0.74392945 210 210 210
0.74216902 -0.69561833 -1.0516613 210 210 210
-0.18215056 0.10425451 -0.6898976 210 210 210
0.56380326 0.056458905 -0.75553679 210 210 210
0.38568938 -0.032208379 -0.7049771 210 210 210
0.69946438 0.41553003 -0.53825814 210 210 210
-0.14261353 0.42528424 -0.32218391 210 210 210
0.50269246 0.012343196 -0.71730536 210 210 210
-0.71730739 0.22728758 -0.57393074 210 210 210
0.027192548 0.41601136 -0.68798679 210 210 210
0.45931292 0.0021676919 -0.70568353 210 210 210
-0.016792903 0.2965298 -0.67944443 210 210 210
-0.17718989 0.14696765 -0.70176649 210 210 210
0.54293013 0.50459379 -0.52974677 210 210 210
0.095893234 0.14732181 -0.67306954 210 210 210
0.44504806 0.016299205 -0.7119202 210 210 210
0.56370193 0.44260457 -0.53018481 210 210 210
0.52635413 0.048957352 -0.71734238 210 210 210
0.306485 0.19255668 -0.58980548 210 210 210
0.008900729 0.63817847 -0.48154241 210 210 210
0.29197562 0.1973847 -0.6035437 210 210 210
0.51135319 0.022070698 -0.67390102 210 210 210
0.63931853 -0.23275226 -0.72297782 210 210 210
-0.050473992 -0.46730965 -0.84432662 210 210 210
0.68225849 0.08324676 -0.65445489 210 210 210
-0.93129683 0.89967465 -0.64394999 210 210 210
0.60463077 0.079138041 -0.65353972 210 210 210
-0.0099075362 0.25971395 -0.60401821 210 210 210
0.77517176 -0.47785845 -1.2183622 210 210 210
-0.89524209 0.96982044 -0.6838184 210 210 210
0.7875998 -0.46629292 -1.1938844 210 210 210
0.84807962 -0.16599876 -0.80130601 210 210 210
0.84572351 -0.010834412 -0.73237473 210 210 210
0.76108229 0.1085063 -0.66378409 210 210 210
0.45881867 -0.032266453 -0.71303618 210 210 210
0.48335913 -0.019164449 -0.71702546 210 210 210
-0.93017316 0.11036259 -0.62366855 210 210 210
0.4877114 -0.0055633243 -0.72000974 210 210 210
0.48822418 0.0019653784 -0.7203235 210 210 210
-0.32528642 0.75167215 -0.31740141 210 210 210
0.22736788 0.44531778 -0.66378689 210 210 210
0.44452804 -0.0054821437 -0.70425594 210 210 210
-0.47929049 0.81811267 -0.70815152 210 210 210
-0.32784414 0.69257057 -0.40922579 210 210 210
0.26911297 0.16755018 -0.62438536 210 210 210
0.54100513 0.05362257 -0.72088927 210 210 210
0.28219521 0.52872926 -0.4074426 210 210 210
-0.5546695 0.73275125 -0.60641879 210 210 210
0.26142919 0.17323732 -0.63354671 210 210 210
-0.055555683 -0.45396233 -0.84728742 210 210 210
0.23607619 0.0070472029 -0.79688084 210 210 210
0.29742587 0.1970769 -0.6038087 210 210 210
-0.055158664 -0.46183684 -0.8476795 210 210 210
0.68959439 -0.14953554 -0.72339791 210 210 210
0.7253812 -0.53057939 -1.1868446 210 210 210
1.0810286 0.58449894 -0.59706938 210 210 210
-0.38516805 -0.0014174628 -0.78604162 210 210 210
0.0066838348 0.30978459 -0.69509459 210 210 210
1.0310067 -0.10579725 -0.92871988 210 210 210
0.43114486 -0.046658587 -0.72021228 210 210 210
-0.05545938 -0.46833563 -0.84450245 210 210 210
0.45901749 -0.016177071 -0.71350539 210 210 210
1.034252 0.18360454 -0.68504989 210 210 210
0.19724755 0.49826181 -0.40574548 210 210 210
-0.82734317 0.079436049 -0.62733877 210 210 210
0.20768864 -0.030697508 -0.78354537 210 210 210
0.72625738 0.18286939 -0.65059549 210 210 210
0.47386453 0.011085568 -0.71227014 210 210 210
0.49011731 0.018689429 -0.71718252 210 210 210
-0.7588709 -0.0028610672 -0.6969161 210 210 210
0.43460548 0.019889982 -0.71803111 210 210 210
0.0039028986 0.5401969 -0.36659491 210 210 210
0.54250938 0.097774714 -0.73044813 210 210 210
0.93940294 0.78623569 -0.66416252 210 210 210
-0.18586168 0.04700679 -0.68794173 210 210 210
-0.9084546 0.10984649 -0.61530352 210 210 210
-0.28747931 0.27837127 -0.42366004 210 210 210
0.42917281 -0.026291415 -0.71635491 210 210 210
0.7293517 0.8229301 -0.69403881 210 210 210
0.47919416 0.016291255 -0.71358991 210 210 210
0.74216902 -0.69561833 -1.0516613 210 210 210
0.59935147 -0.11785284 -0.72475618 210 210 210
-0.05353133 -0.46377632 -0.84478879 210 210 210
1.1718732 0.49698922 -0.53919476 210 210 210
-0.21482548 0.39175403 -0.27133024 210 210 210
0.93687427 -0.29311904 -1.1204855 210 210 210
-0.22941762 0.08340618 -0.63803995 210 210 210
-0.28890964 0.26158291 -0.39862868 210 210 210
0.49500594 0.0057992018 -0.71926856 210 210 210
0.46773058 0.0095010186 -0.70845103 210 210 210
0.314325 0.1945515 -0.61045873 210 210 210
0.51673526 0.074836835 -0.72969276 210 210 210
-0.17277682 0.073944807 -0.69267714 210 210 210
0.47791037 -0.019642355 -0.71401888 210 210 210
0.37994567 -0.011933545 -0.71890301 210 210 210
0.46748948 0.020533612 -0.71147835 210 210 210
0.47457153 0.0085458234 -0.71009523 210 210 210
0.44336596 0.01579091 -0.70767969 210 210 210
-0.56502634 -0.4383128 -0.68770123 210 210 210
-0.2248483 0.047453634 -0.7288565 210 210 210
-0.30852115 0.0041948697 -0.75357074 210 210 210
0.92457712 -0.31393284 -1.1377517 210 210 210
0.54024088 0.055561248 -0.7248913 210 210 210
-0.49133587 0.84779394 -0.66846871 210 210 210
0.62228143 0.060257733 -0.65451837 210 210 210
0.75372648 0.0050826226 -0.67976522 210 210 210
-0.1708872 0.063450478 -0.69081521 210 210 210
-0.17962 0.39876819 -0.29199949 210 210 210
0.034596786 0.032243121 -0.68815649 210 210 210
0.69013184 0.088446997 -0.65317535 210 210 210
0.7193377 0.09726046 -0.65254635 210 210 210
-0.34569636 0.0046341862 -0.77194643 210 210 210
-0.61950892 0.60954124 -0.47993273 210 210 210
0.704041 0.17172423 -0.65247732 210 210 210
-0.18423784 0.09277574 -0.6884501 210 210 210
0.47937906 0.029612824 -0.71715391 210 210 210
0.60725033 0.056164552 -0.75819552 210 210 210
0.029503634 -0.86204642 -0.82849407 210 210 210
0.62068647 0.051713537 -0.65773857 210 210 210
0.66676211 0.069222823 -0.65578693 210 210 210
0.73011243 -0.037787914 -0.68994462 210 210 210
0.67953795 0.099736713 -0.65000886 210 210 210
0.86267292 -0.36718532 -0.94524467 210 210 210
0.72774237 0.047933724 -0.66269016 210 210 210
0.13512693 0.060250942 -0.68633991 210 210 210
0.8089298 -0.018444845 -0.71908563 210 210 210
0.80718523 0.047381099 -0.68746471 210 210 210
0.79917425 -0.19213985 -0.81601799 210 210 210
0.84980828 0.04197827 -0.71496886 210 210 210
0.036750067 0.34752831 -0.58099008 210 210 210
0.38507777 -0.023814192 -0.69595784 210 210 210
0.34936956 -0.1111384 -0.78556931 210 210 210
0.519849 0.069641486 -0.72772139 210 210 210
-0.3497439 0.44794878 -0.57817513 210 210 210
-0.65845579 0.52340311 -0.64157283 210 210 210
0.67093039 -0.074406266 -0.69336027 210 210 210
0.63526034 0.058661588 -0.6563285 210 210 210
-0.83846021 0.083450913 -0.62047249 210 210 210
0.95306647 0.78927892 -0.67020595 210 210 210
0.84879029 -0.36077347 -0.9522565 210 210 210
0.816998 -0.51775438 -1.1124355 210 210 210
0.84518486 -0.48965567 -1.0706538 210 210 210
0.71858865 0.12175027 -0.64904547 210 210 210
-0.45000008 0.75626469 -0.67166668 210 210 210
0.3127993 0.35160547 -0.49816903 210 210 210
-0.13698843 0.5996744 -0.31561479 210 210 210
0.86307043 0.33592337 -0.53954113 210 210 210
0.3908549 -0.026417909 -0.69996852 210 210 210
0.38852644 -0.00019228268 -0.71800816 210 210 210
0.3403194 0.20107734 -0.59386146 210 210 210
-0.19699688 0.062585808 -0.72670233 210 210 210
0.67895353 0.030780355 -0.66237265 210 210 210
0.67889279 0.092119031 -0.65212721 210 210 210
0.74102139 -0.50314087 -1.222218 210 210 210
0.8011986 -0.08112549 -0.73731738 210 210 210
-0.16934994 0.069069937 -0.68771619 210 210 210
0.86105514 -0.23935385 -0.84450489 210 210 210
-0.13326904 0.42454481 -0.32067898 210 210 210
0.86327761 -0.056715667 -0.76103336 210 210 210
0.84765476 -0.18539949 -0.82414365 210 210 210
0.7216869 0.18520345 -0.65213871 210 210 210
0.4790957 -0.0030914617 -0.71830136 210 210 210
0.5262627 0.02371146 -0.71649224 210 210 210
0.52038187 0.046413604 -0.71892995 210 210 210
0.47559485 0.074615821 -0.74019754 210 210 210
-0.16786599 0.070506439 -0.69209528 210 210 210
0.12584785 0.039976921 -0.59530121 210 210 210
0.7498523 -0.49635023 -1.2265763 210 210 210
0.69907188 0.13434236 -0.64630467 210 210 210
0.87472224 -0.19482772 -0.83361721 210 210 210
0.84865052 -0.023620667 -0.74123871 210 210 210
0.48793566 0.016575007 -0.71877295 210 210 210
0.50183958 0.042488828 -0.72002155 210 210 210
0.85497576 -0.40636778 -1.1942111 210 210 210
0.26562932 0.17774358 -0.61523128 210 210 210
0.45306942 -0.023928626 -0.70301038 210 210 210
0.57456762 0.48095331 -0.50483507 210 210 210
0.48462027 1.1857376 -0.7042917 210 210 210
0.81933582 -0.058171932 -0.74524295 210 210 210
-0.51517087 0.53796154 -0.55983299 210 210 210
-0.29577574 0.85397625 -0.294211 210 210 210
-0.55082607 0.41708896 -0.69111437 210 210 210
0.78480846 -0.057812307 -0.71956551 210 210 210
0.28477001 0.18290637 -0.61910355 210 210 210
-0.56459218 0.69681305 -0.43304554 210 210 210
-0.1584419 0.32347187 -0.52353662 210 210 210
0.96904963 0.81719708 -0.66885179 210 210 210
0.58446264 0.074353918 -0.65697145 210 210 210
0.55763739 0.040595267 -0.72209293 210 210 210
0.72451848 -0.093745351 -0.71658796 210 210 210
0.38601905 -0.030485841 -0.69917285 210 210 210
-0.29161897 0.66664237 -0.35325915 210 210 210
-0.18452223 0.062747993 -0.68931055 210 210 210
0.2797772 0.22416008 -0.60740089 210 210 210
0.48071095 0.013481241 -0.71260393 210 210 210
-0.33500788 0.0019168674 -0.82168555 210 210 210
0.50559229 0.047932278 -0.72676134 210 210 210
0.41148728 0.020920841 -0.7179513 210 210 210
0.5301646 -0.16860221 -0.75429404 210 210 210
-0.15497273 0.44641799 -0.25046784 210 210 210
-0.66923404 0.548563 -0.60123998 210 210 210
0.65110993 0.12770727 -0.65837693 210 210 210
0.57573181 0.45510411 -0.50440222 210 210 210
-0.48770726 0.61418492 -0.70881933 210 210 210
0.40079501 0.012710798 -0.71804947 210 210 210
0.77745968 -0.47167712 -1.1380448 210 210 210
0.52245378 0.088342167 -0.70578843 210 210 210
0.11801592 0.14995085 -0.66887707 210 210 210
0.55877584 0.14707212 -0.71450597 210 210 210
0.47155896 0.011908975 -0.71102238 210 210 210
0.40795189 -0.0043580565 -0.70313781 210 210 210
0.28639209 0.17637683 -0.61650622 210 210 210
-0.71953988 0.27120325 -0.58087999 210 210 210
0.87232751 -0.12215541 -0.79694748 210 210 210
-0.30561391 0.1082034 -0.78647357 210 210 210
0.39551637 0.55009466 -0.40431124 210 210 210
0.51831919 0.070886008 -0.72933829 210 210 210
0.39320609 0.039227575 -0.73839629 210 210 210
-0.27456793 0.31297612 -0.31928536 210 210 210
0.12561062 0.15048662 -0.67076868 210 210 210
0.46149644 -0.029539835 -0.71673048 210 210 210
0.48946843 0.48419592 -0.521622 210 210 210
-0.12587781 0.20470263 -0.70901328 210 210 210
-0.35710105 0.10053379 -0.45437244 210 210 210
-1.0232208 0.84053814 -0.57424134 210 210 210
-0.25171742 -0.041142069 -0.76539087 210 210 210
0.27007252 0.21875039 -0.61333179 210 210 210
1.0036191 0.52276886 -0.59902072 210 210 210
0.0020313633 0.28100836 -0.65897602 210 210 210
0.61608571 0.08564014 -0.65191209 210 210 210
0.97668582 -0.23305139 -1.0777922 210 210 210
-0.33574501 0.016113611 -0.77220839 210 210 210
-0.044266343 0.19758049 -0.65166211 210 210 210
0.29635769 0.18863441 -0.60365289 210 210 210
-0.69368875 0.77476871 -0.6222133 210 210 210
-0.21909063 0.024157772 -0.7824868 210 210 210
-0.092218734 0.031060798 -0.76313055 210 210 210
0.15563901 0.12856793 -0.6673525 210 210 210
-0.25695023 -0.095602684 -0.70520484 210 210 210
0.29813558 0.18039994 -0.6119377 210 210 210
0.010024088 0.29097635 -0.67284971 210 210 210
0.48896033 -0.0031494647 -0.71975118 210 210 210
0.6208595 0.059576929 -0.68801677 210 210 210
0.46746668 0.0096499901 -0.70825779 210 210 210
0.36190584 0.37369257 -0.48751867 210 210 210
0.39856419 0.0062251785 -0.71452713 210 210 210
0.34229663 0.024769675 -0.76604104 210 210 210
-0.097600907 0.54325807 -0.37531605 210 210 210
-0.56785154 0.7489053 -0.74993986 210 210 210
0.65174663 0.12728636 -0.65834373 210 210 210
0.42989823 -0.014805661 -0.71304876 210 210 210
-0.16145459 0.54856151 -0.26915947 210 210 210
0.31533924 -0.06090698 -0.69924432 210 210 210
0.37755558 0.22697935 -0.6936388 210 210 210
0.4451403 0.038230039 -0.72508544 210 210 210
0.2955749 0.19305477 -0.60953683 210 210 210
0.36338219 0.29322943 -0.69756675 210 210 210
-0.33708 0.062782422 -0.78163743 210 210 210
0.65354782 0.12445349 -0.65349066 210 210 210
0.512586 0.1145881 -0.71922231 210 210 210
0.45533666 -0.46958718 -0.78346616 210 210 210
0.42680874 -0.036089603 -0.71411633 210 210 210
0.15877455 0.073326588 -0.67622018 210 210 210
-0.37990722 -0.0066205859 -0.80355448 210 210 210
0.051398434 -0.04258725 -0.73745155 210 210 210
-0.18472061 0.088873513 -0.68772799 210 210 210
0.44675136 0.021728972 -0.71344292 210 210 210
0.26540655 0.16891181 -0.61188024 210 210 210
0.25002992 0.17229655 -0.66977274 210 210 210
-0.81241459 0.042060982 -0.60309833 210 210 210
0.10368299 0.15906647 -0.66229534 210 210 210
0.48996487 0.10655832 -0.7171585 210 210 210
0.21375239 0.17404124 -0.70904982 210 210 210
0.7337296 -0.36478612 -0.41725367 210 210 210
-0.25359103 0.073939733 -0.69627488 210 210 210
-0.20375979 0.073307388 -0.67881531 210 210 210
-0.20644277 0.11753806 -0.68143612 210 210 210
0.014408743 0.3651334 -0.58623856 210 210 210
0.40300074 -0.018107766 -0.69256663 210 210 210
-0.86280638 -0.0076957978 -0.63987011 210 210 210
0.10972129 0.53805906 -0.35131949 210 210 210
0.33100349 0.16891421 -0.70187277 210 210 210
0.50051731 0.071796022 -0.72274989 210 210 210
-0.11655387 0.37777096 -0.69321901 210 210 210
0.46987319 0.087361522 -0.68820661 210 210 210
-0.25230768 0.26378393 -0.60713297 210 210 210
0.80316442 -0.17134574 -0.80864727 210 210 210
0.2559123 0.11005329 -0.57998776 210 210 210
0.46520084 -0.025843954 -0.70787323 210 210 210
-0.044567548 -0.45385483 -0.85025018 210 210 210
0.089274138 0.040569127 -0.78482658 210 210 210
0.3096669 -0.06772574 -0.70238638 210 210 210
0.37644881 -0.008137757 -0.72128093 210 210 210
-0.21242766 0.14406873 -0.67856276 210 210 210
0.090489797 0.12945575 -0.66316754 210 210 210
-0.055871416 -0.46329328 -0.8442077 210 210 210
0.52198017 0.10672572 -0.70892161 210 210 210
0.13092689 -0.090735562 -0.775635 210 210 210
0.54120553 0.060732529 -0.75746536 210 210 210
0.2073431 0.17272641 -0.6996479 210 210 210
0.86944032 -0.15659113 -0.81024945 210 210 210
0.30424678 -0.070465952 -0.70200491 210 210 210
0.37796322 0.011903088 -0.73748565 210 210 210
0.2168255 0.18038197 -0.70477611 210 210 210
-0.42667782 0.78574467 -0.66399843 210 210 210
0.31980112 -0.016562192 -0.71663117 210 210 210
0.31629452 0.18407708 -0.6582799 210 210 210
0.50630075 0.07709299 -0.72948074 210 210 210
0.37309968 -0.013755981 -0.71776044 210 210 210
0.35837016 -0.040480413 -0.69954312 210 210 210
0.47033826 0.0069844066 -0.71501637 210 210 210
0.53247875 0.082212366 -0.73496717 210 210 210
-0.36707041 0.20735171 -0.52589369 210 210 210
0.39569539 -0.024232745 -0.69679224 210 210 210
0.40083316 0.036821872 -0.73417062 210 210 210
-0.18560855 0.38282138 -0.56707889 210 210 210
0.4961423 0.0031801665 -0.71858293 210 210 210
0.51500732 0.031189924 -0.72800487 210 210 210
-0.10019761 0.021551335 -0.64466339 210 210 210
0.46709165 0.57812744 -0.41544631 210 210 210
0.42347798 -0.036970206 -0.71396053 210 210 210
0.49265447 0.0082185678 -0.72247165 210 210 210
-0.47363096 0.58379602 -0.68708158 210 210 210
0.39785457 -0.015647158 -0.70209628 210 210 210
0.50261515 0.052907709 -0.72406214 210 210 210
0.062671259 0.092741661 -0.67681009 210 210 210
1.0484531 0.078699008 -0.67335087 210 210 210
0.48974583 0.012878548 -0.72215825 210 210 210
0.52057827 0.046265714 -0.72296715 210 210 210
0.69016087 1.0194392 -0.70745313 210 210 210
0.29550833 0.19692251 -0.60662532 210 210 210
0.72231352 -0.17560783 -0.77656931 210 210 210
-0.47666734 0.66501993 -0.71549779 210 210 210
-0.11371708 0.3459726 -0.53832036 210 210 210
-0.58650595 0.71979529 -0.62384915 210 210 210
-0.51081282 0.81665069 -0.68588424 210 210 210
-0.33844352 0.94916517 -0.27478284 210 210 210
0.65103763 0.072609849 -0.68358672 210 210 210
0.26474607 0.16820675 -0.61787963 210 210 210
1.069369 0.20669588 -0.62515241 210 210 210
0.56001657 0.078351066 -0.74555647 210 210 210
0.43572086 -0.054192446 -0.71873081 210 210 210
0.16483204 0.1444262 -0.64697045 210 210 210
0.37069505 -0.037171084 -0.69958764 210 210 210
0.43287569 0.0014585836 -0.7019918 210 210 210
0.453536 0.027006317 -0.72685152 210 210 210
0.33821571 0.1903149 -0.68086129 210 210 210
0.28867957 0.16171721 -0.56345683 210 210 210
0.23230834 0.15703581 -0.67772329 210 210 210
0.49080715 0.0023192898 -0.72067541 210 210 210
-0.37365839 0.93862331 -0.28867826 210 210 210
0.5048064 0.072313659 -0.72055936 210 210 210
-0.17609212 0.32741821 -0.70575786 210 210 210
-0.047766432 -0.46847001 -0.84344989 210 210 210
0.32002333 0.17771964 -0.65222257 210 210 210
0.28355747 0.18463865 -0.61924255 210 210 210
0.2765924 0.21673706 -0.6124326 210 210 210
0.46996608 0.0067353589 -0.71510333 210 210 210
0.49108949 0.030424686 -0.71816415 210 210 210
-0.276265 0.13067751 -0.63889998 210 210 210
0.42602032 -0.14522113 -0.75819963 210 210 210
0.27556914 0.20927128 -0.612593 210 210 210
0.74037629 -0.36563221 -0.41889626 210 210 210
0.73373318 -0.35544768 -0.41755864 210 210 210
-0.33158448 0.10911735 -0.70077741 210 210 210
0.5856595 0.52432394 -0.42118961 210 210 210
0.4840714 -0.021294415 -0.71323752 210 210 210
0.44407207 -0.018920481 -0.71571499 210 210 210
0.39300284 -0.038750567 -0.70719695 210 210 210
0.32481539 -0.029223226 -0.71500295 210 210 210
0.29344031 -0.060897224 -0.70710343 210 210 210
0.33558309 0.026298506 -0.76834148 210 210 210
0.31153774 0.19815192 -0.59910977 210 210 210
0.50483072 0.068331122 -0.7189548 210 210 210
0.20735024 0.16925266 -0.69701499 210 210 210
0.97606373 -0.25726721 -0.18246543 210 210 210
0.47966057 0.010174138 -0.71631753 210 210 210
-0.47076109 0.83390045 -0.69804519 210 210 210
0.25945327 0.1912898 -0.62130535 210 210 210
0.87258708 -0.18226264 -0.47838891 210 210 210
0.10728908 0.10671018 -0.69778162 210 210 210
0.41379657 0.13729171 -0.82302636 210 210 210
-0.054276805 -0.47536302 -0.84037369 210 210 210
-0.2931627 -0.060785517 -0.68516928 210 210 210
-0.56047142 0.62794322 -0.60136491 210 210 210
0.13374004 -0.11527962 -0.76878512 210 210 210
0.62146688 0.088159502 -0.65431708 210 210 210
0.37378183 -0.019364227 -0.71522695 210 210 210
0.20034169 0.074922822 -0.58572268 210 210 210
0.40307254 -0.0017584997 -0.70469415 210 210 210
0.37474102 -0.010703925 -0.72076577 210 210 210
0.34716222 0.54596931 -0.41025963 210 210 210
0.43051296 -0.041185815 -0.71936208 210 210 210
-0.07261353 0.27323651 -0.72634351 210 210 210
-0.21464503 0.4030154 -0.26751766 210 210 210
-0.048490915 0.31680343 -0.69871992 210 210 210
0.50641072 0.03805906 -0.72047287 210 210 210
-0.30660692 0.14553712 -0.43672061 210 210 210
0.50931102 0.13869198 -0.76572216 210 210 210
0.53012383 0.038005866 -0.7211799 210 210 210
0.45633146 0.032868564 -0.7284984 210 210 210
0.77714032 0.66403109 -0.68271613 210 210 210
0.48984176 0.02502129 -0.71406001 210 210 210
0.78050303 -0.47548661 -1.225581 210 210 210
1.1407906 0.48390305 -0.46977368 210 210 210
0.50004047 0.032016415 -0.71921188 210 210 210
0.5431363 0.078425445 -0.73400539 210 210 210
0.53389508 0.10262697 -0.69990367 210 210 210
1.1259969 0.49037561 -0.54820299 210 210 210
0.62311685 1.1198132 -0.69293785 210 210 210
0.46496534 -0.026711589 -0.7078048 210 210 210
0.65939611 0.050965842 -0.71919996 210 210 210
-0.14943865 0.42911929 -0.30892378 210 210 210
0.4700402 0.0049676378 -0.71059519 210 210 210
0.44755483 0.0029470173 -0.6986866 210 210 210
0.81780261 -0.13642848 -0.77279788 210 210 210
-0.17406601 0.39981595 -0.28395855 210 210 210
0.55317074 0.054121021 -0.72897118 210 210 210
-0.66846746 0.47028413 -0.61644697 210 210 210
0.50983489 0.038518563 -0.72199106 210 210 210
0.4991605 0.035620853 -0.72064811 210 210 210
0.44329205 0.12507096 -0.83217335 210 210 210
1.0140406 0.68618453 -0.28383216 210 210 210
0.74987686 -0.49724633 -1.2184212 210 210 210
-0.26954693 -0.045477521 -0.80222285 210 210 210
1.0258088 0.19037105 -0.56879616 210 210 210
-0.24347287 0.064781919 -0.74509549 210 210 210
0.48736364 0.0037104879 -0.72359908 210 210 210
-0.83625096 0.88166404 -0.61698997 210 210 210
0.53854394 0.049964454 -0.72629416 210 210 210
0.72630471 0.17875391 -0.62693173 210 210 210
-0.25777873 0.29446512 -0.60337144 210 210 210
-0.17761868 0.060176093 -0.69071788 210 210 210
0.61570346 0.16062018 -0.71194458 210 210 210
0.95556897 -0.10037332 -0.46543327 210 210 210
0.48766485 0.0064046453 -0.72255778 210 210 210
-0.19462687 0.087003097 -0.68435133 210 210 210
0.86321932 -0.061453104 -0.76332229 210 210 210
0.68292058 0.1207536 -0.64732796 210 210 210
-0.23158973 -0.12173511 -0.70043284 210 210 210
0.86449134 -0.12769769 -0.79330099 210 210 210
0.79454237 -0.3185426 -0.42094362 210 210 210
0.29351974 0.18581958 -0.60830599 210 210 210
0.21304713 0.17310163 -0.61711615 210 210 210
0.39929363 0.0062619261 -0.71503657 210 210 210
0.4153235 -0.039005101 -0.70699263 210 210 210
0.35581645 -0.49673402 -1.2373761 210 210 210
-0.17809837 0.096355185 -0.69024849 210 210 210
0.49708852 0.068166256 -0.72466338 210 210 210
0.4269824 -0.032421455 -0.71561688 210 210 210
0.15265128 -0.056624051 -0.77183008 210 210 210
0.40347731 -0.0046934853 -0.70197082 210 210 210
0.24982536 0.17037924 -0.63404542 210 210 210
0.43444526 0.57286131 -0.42411852 210 210 210
0.23491402 0.098600522 -0.57506156 210 210 210
0.10597214 0.04485143 -0.69968683 210 210 210
0.13135992 0.14129901 -0.68633687 210 210 210
-0.011892858 0.25993976 -0.61336571 210 210 210
0.19144806 0.14914031 -0.70575798 210 210 210
0.46544236 0.1091987 -0.71432906 210 210 210
0.22029816 0.10041085 -0.57164478 210 210 210
0.44904792 -0.02436875 -0.71614414 210 210 210
0.42703372 0.12903585 -0.80874825 210 210 210
0.28662553 0.1761927 -0.60356909 210 210 210
0.74509799 -0.36007985 -0.42249244 210 210 210
0.41775775 -0.028051687 -0.71285367 210 210 210
-0.53199136 0.81901932 -0.69210362 210 210 210
0.73134506 -0.53281152 -1.177513 210 210 210
0.65313137 0.085085027 -0.65310895 210 210 210
0.29627538 0.12462721 -0.57280886 210 210 210
-0.58788085 0.70093477 -0.61794341 210 210 210
0.29622403 -0.079535529 -0.71336651 210 210 210
0.21404144 0.17256111 -0.6191265 210 210 210
0.40259349 -0.019361798 -0.70123309 210 210 210
0.49456531 0.069207914 -0.71654743 210 210 210
0.17531608 0.073215656 -0.69524693 210 210 210
0.32573673 -0.029286325 -0.70889664 210 210 210
0.040935416 0.39087233 -0.61197168 210 210 210
0.38352668 0.21779893 -0.69522089 210 210 210
0.23767172 0.15768011 -0.68285835 210 210 210
-0.29422608 0.014684452 -0.75248122 210 210 210
0.033143695 0.024245787 -0.60612351 210 210 210
-0.28346679 0.22989589 -0.34979343 210 210 210
-0.22653438 0.063505635 -0.4263716 210 210 210
0.17948644 0.06620881 -0.68881488 210 210 210
0.28142655 -0.10195473 -0.7226482 210 210 210
0.22290376 0.49904847 -0.46288428 210 210 210
0.37468597 0.43945679 -0.43999851 210 210 210
0.21644184 0.16080755 -0.62687695 210 210 210
0.50379157 0.0029151517 -0.66584033 210 210 210
0.20616844 0.17018354 -0.69841945 210 210 210
0.50156742 0.13624144 -0.78257442 210 210 210
0.16719432 0.11313457 -0.58727336 210 210 210
0.10891273 -0.076664284 -0.76926309 210 210 210
-0.62263799 0.3775754 -0.55576771 210 210 210
0.50298941 0.13728261 -0.77743906 210 210 210
-0.26565176 0.37667215 -0.26058236 210 210 210
0.32239196 0.022294972 -0.78088856 210 210 210
-0.2312922 0.13206683 -0.67213923 210 210 210
-0.1425816 0.85562921 -0.34654641 210 210 210
0.29750237 0.24523407 -0.5996502 210 210 210
0.068247899 -0.010707258 -0.67738569 210 210 210
0.48277873 -0.018062463 -0.71657282 210 210 210
0.39145026 -0.033194885 -0.70992029 210 210 210
0.37642503 0.008597468 -0.73661703 210 210 210
0.29325265 -0.092630565 -0.70953488 210 210 210
-0.24232292 0.75308222 -0.36452594 210 210 210
0.11389904 0.21208467 -0.55723506 210 210 210
-0.18941867 -0.052243505 -0.75955307 210 210 210
0.40463251 0.54005951 -0.40371937 210 210 210
0.38269481 -0.0033711821 -0.72169262 210 210 210
-0.23049629 0.037849788 -0.64474964 210 210 210
-0.1361102 0.25754544 -0.34396401 210 210 210
0.2664808 0.21857639 -0.61639321 210 210 210
0.89713073 -0.17301856 -0.45174691 210 210 210
0.6208266 0.41721404 -0.50027126 210 210 210
0.2220833 0.10002217 -0.57147169 210 210 210
0.42077017 -0.044643302 -0.71461111 210 210 210
0.48651066 0.073343582 -0.71613967 210 210 210
0.17889123 -0.061330404 -0.75892919 210 210 210
0.13344 0.41819248 -0.58944201 210 210 210
0.10671595 -0.094819881 -0.84267581 210 210 210
0.28389269 -0.093415536 -0.7192964 210 210 210
0.092909455 -0.079657435 -0.88932294 210 210 210
-0.1089832 0.35781145 -0.35301834 210 210 210
0.2067892 0.16691294 -0.69895983 210 210 210
0.07138937 0.054222409 -0.58145726 210 210 210
-0.3708041 0.33541811 -0.58208454 210 210 210
0.14952116 0.11902688 -0.58796299 210 210 210
-0.20442039 0.43334857 -0.3078016 210 210 210
0.10997028 0.02075067 -0.67807245 210 210 210
0.4434298 0.12001512 -0.71161139 210 210 210
0.31446895 0.35687658 -0.44788942 210 210 210
0.36435765 0.50730091 -0.39968804 210 210 210
0.29013592 0.17335847 -0.61952102 210 210 210
-0.68314064 0.49241701 -0.58050275 210 210 210
0.61634362 0.087417662 -0.65229595 210 210 210
0.78403896 -0.3127892 -0.43654254 210 210 210
0.10888313 0.020336026 -0.69179726 210 210 210
0.29569498 -0.084847167 -0.70889664 210 210 210
-0.67213482 0.64379948 -0.65088207 210 210 210
-0.1604439 -0.048584588 -0.72223377 210 210 210
0.48127925 0.011679082 -0.72067565 210 210 210
0.38006973 0.1514646 -0.68272054 210 210 210
0.40403742 0.51847506 -0.41707021 210 210 210
0.17879178 -0.10024626 -0.78473824 210 210 210
0.13133349 0.074123196 -0.59666282 210 210 210
-0.27756789 0.27718854 -0.61207843 210 210 210
0.50485396 0.068851963 -0.72109741 210 210 210
0.27219364 0.18561469 -0.62583745 210 210 210
0.2190915 -0.49228397 -0.80418491 210 210 210
-0.19142488 0.072596572 -0.6853146 210 210 210
0.45617202 0.10955197 -0.72199315 210 210 210
0.27860695 0.19437476 -0.61815041 210 210 210
0.26559421 0.22075233 -0.61631572 210 210 210
0.41330007 0.15747665 -0.71226132 210 210 210
-0.17787659 0.049100719 -0.68697929 210 210 210
0.45432106 0.12957612 -0.78829062 210 210 210
0.5424574 0.13652617 -0.72371536 210 210 210
0.30697006 -0.062370427 -0.70056075 210 210 210
0.26016656 0.18678717 -0.6254735 210 210 210
0.55075651 0.14859399 -0.7266444 210 210 210
0.48911273 0.12313882 -0.72577095 210 210 210
-1.1224724 0.81515634 -0.57702106 210 210 210
0.74275368 0.64957935 -0.45999038 210 210 210
0.24168685 0.15334177 -0.64196032 210 210 210
0.29302025 0.25892356 -0.50640374 210 210 210
0.49563381 0.10525419 -0.71461475 210 210 210
-0.21464151 0.080508523 -0.44047546 210 210 210
0.85479021 -0.059224855 -0.75943381 210 210 210
0.28387326 -0.32589316 -0.77333683 210 210 210
0.57580602 0.02699396 -0.66591251 210 210 210
0.64962423 0.1109535 -0.65209973 210 210 210
0.48878267 1.455532 -0.55234396 210 210 210
-0.68826532 0.60991728 -0.64484984 210 210 210
0.7052654 0.18822803 -0.66063476 210 210 210
0.29047617 0.22235438 -0.59975117 210 210 210
-0.25425032 0.09332709 -0.76993006 210 210 210
0.52267176 0.11473124 -0.71413219 210 210 210
0.69718277 0.12490747 -0.64717203 210 210 210
0.46538341 0.11612797 -0.7440362 210 210 210
0.32319573 0.03445255 -0.7876153 210 210 210
0.27066556 0.1713295 -0.60864776 210 210 210
0.63463801 0.19339824 -0.70869875 210 210 210
0.57576424 0.13618535 -0.70730162 210 210 210
-0.20682336 0.30607766 -0.60543287 210 210 210
0.655985 0.22526057 -0.7070592 210 210 210
0.54047686 0.13408458 -0.72437859 210 210 210
0.65854204 0.20334406 -0.68997347 210 210 210
0.54816854 0.13851584 -0.72294688 210 210 210
-0.20572826 0.070053503 -0.67515844 210 210 210
0.53118014 0.12422151 -0.71579826 210 210 210
0.50442082 0.07167846 -0.7213372 210 210 210
0.28127116 0.21427718 -0.60631275 210 210 210
-0.049162384 -0.50263649 -0.83093607 210 210 210
0.67167675 0.2134745 -0.72153705 210 210 210
0.30469415 0.34892118 -0.43927708 210 210 210
0.2978465 0.19425282 -0.82141238 210 210 210
0.54073966 0.055265453 -0.72122931 210 210 210
0.54139423 0.12014206 -0.70615757 210 210 210
-0.33062083 0.73451215 -0.29132685 210 210 210
-0.62110382 0.66963285 -0.51003247 210 210 210
0.56178886 0.15568835 -0.72919929 210 210 210
0.64343452 0.19926739 -0.70005602 210 210 210
0.4357065 0.1229 -0.7944544 210 210 210
2.1223311 0.93661386 -0.7959922 210 210 210
0.40222138 0.60337788 -0.46966153 210 210 210
0.16763835 0.39294559 -0.66538775 210 210 210
0.89317739 0.83378136 -0.40028423 210 210 210
-0.1843797 0.35621461 -0.29164067 210 210 210
0.39760706 0.22637539 -0.82206255 210 210 210
0.099387355 0.03737754 -0.70677024 210 210 210
1.0605004 0.66725689 -0.64465296 210 210 210
0.28496054 0.17638953 -0.61870533 210 210 210
-0.048682101 -0.12060977 -0.64050585 210 210 210
0.51880044 0.13345225 -0.73637164 210 210 210
0.89512253 -0.25384229 -0.87296754 210 210 210
0.2190561 0.14782737 -0.67777663 210 210 210
0.18923044 0.11839756 -0.59245849 210 210 210
0.78838891 0.11159818 -0.66603106 210 210 210
0.44643375 0.11121602 -0.7413106 210 210 210
0.53499609 0.14945801 -0.7505554 210 210 210
0.34258875 0.51910663 -0.40875155 210 210 210
-0.24350862 0.76943123 -0.23223145 210 210 210
0.58733296 0.14485455 -0.70489854 210 210 210
-0.40164798 0.36592513 -0.4478941 210 210 210
0.51923263 0.14365584 -0.76452136 210 210 210
0.068535194 0.42410958 -0.68905312 210 210 210
0.70977956 0.18770143 -0.65791684 210 210 210
0.5354076 0.15805615 -0.78379101 210 210 210
0.33388627 0.24802443 -0.83371878 210 210 210
1.0566642 0.70032585 -0.53554779 210 210 210
1.2406247 0.50531113 -0.53525943 210 210 210
0.5574733 0.15271319 -0.73011637 210 210 210
-0.23083816 -0.082841672 -0.71670467 210 210 210
0.54185766 0.16059279 -0.77547503 210 210 210
1.1098917 0.56213272 -0.44835538 210 210 210
0.50061315 0.11536598 -0.7209636 210 210 210
0.69939005 0.13778406 -0.64611381 210 210 210
-0.0083976425 0.33374864 -0.66667438 210 210 210
2.0130017 0.79068857 -0.68697637 210 210 210
0.8060376 -0.38405967 -1.1299593 210 210 210
0.24369721 0.15843609 -0.63956493 210 210 210
-0.23749898 0.3947742 -0.39058143 210 210 210
0.88019508 0.92756158 -0.66955602 210 210 210
-0.54258382 0.77698243 -0.71565759 210 210 210
0.52069134 0.13602158 -0.74152631 210 210 210
0.54176599 0.15815961 -0.76459455 210 210 210
0.5190376 0.1482797 -0.77979153 210 210 210
0.78701758 -0.38119948 -1.0107373 210 210 210
-0.17003922 0.070487969 -0.69449925 210 210 210
0.85592496 -0.18573275 -0.81530279 210 210 210
0.24256623 0.17986798 -0.62629116 210 210 210
0.2173906 0.17112756 -0.6209268 210 210 210
0.16347265 0.11378862 -0.65602124 210 210 210
0.075488985 0.01915977 -0.64244378 210 210 210
0.2055911 0.1642597 -0.69499594 210 210 210
0.20633093 0.16988315 -0.69937921 210 210 210
0.2286 0.17153588 -0.71007293 210 210 210
0.37697408 0.013955542 -0.74048483 210 210 210
0.47870001 0.080394261 -0.7154249 210 210 210
0.21428674 0.180784 -0.70801938 210 210 210
0.52611011 0.12450294 -0.72170317 210 210 210
0.26645562 0.2092957 -0.61127537 210 210 210
0.47865739 0.10642678 -0.71897376 210 210 210
-0.32694271 0.88140994 -0.33608177 210 210 210
0.48704621 0.12814486 -0.74855942 210 210 210
0.3958604 -0.0082815224 -0.7086913 210 210 210
-0.52332664 -0.10781628 -0.90914267 210 210 210
-0.21328673 0.046425957 -0.66267926 210 210 210
0.50113231 0.11609658 -0.72113711 210 210 210
-0.22909755 0.15069324 -0.62689054 210 210 210
0.12377664 0.046960875 -0.67256945 210 210 210
0.46665981 -0.16924818 -0.7679106 210 210 210
0.50271207 0.11388295 -0.72065532 210 210 210
-0.16587657 0.068594031 -0.69150269 210 210 210
-0.19525142 0.11606114 -0.68573731 210 210 210
0.32081857 -0.045468472 -0.78870708 210 210 210
0.48390442 0.1265648 -0.74789292 210 210 210
0.12491605 0.025342157 -0.67484391 210 210 210
0.14926015 0.078860901 -0.5909068 210 210 210
0.28810579 0.17946859 -0.61618042 210 210 210
-0.18034208 0.098977536 -0.69030136 210 210 210
0.52889997 0.12785771 -0.72156334 210 210 210
0.0766275 0.014687422 -0.70562905 210 210 210
0.44565046 0.011924282 -0.70775402 210 210 210
0.27219915 0.1706254 -0.61133611 210 210 210
0.26661909 0.20973009 -0.61373371 210 210 210
-0.50045902 0.54019898 -0.71060622 210 210 210
0.47317836 0.12385692 -0.76023573 210 210 210
0.28114748 0.24035312 -0.60752738 210 210 210
0.19157124 -0.016810961 -0.77992046 210 210 210
-0.89940935 1.1409279 -0.67810702 210 210 210
0.15829447 -0.12610368 -0.8103357 210 210 210
0.29437223 0.19251236 -0.61062354 210 210 210
0.49836862 0.13475867 -0.75098914 210 210 210
0.41871834 -0.35964626 -0.79530209 210 210 210
0.53481114 0.13106443 -0.7217983 210 210 210
0.29703391 0.17141378 -0.70420361 210 210 210
0.25163743 0.1644876 -0.67617655 210 210 210
0.51948339 0.10739546 -0.70896125 210 210 210
0.20666666 0.17194861 -0.69958085 210 210 210
-0.31775078 0.74495023 -0.65765613 210 210 210
-0.20487496 0.42738345 -0.28999516 210 210 210
0.21446534 0.17940772 -0.70458102 210 210 210
-0.020133035 0.29617283 -0.64885879 210 210 210
-0.098809645 0.022061121 -0.64412314 210 210 210
0.39094186 -0.018490668 -0.7021122 210 210 210
0.25403613 0.18067688 -0.62678748 210 210 210
0.50563174 0.11668691 -0.72182053 210 210 210
0.4165023 -0.040016495 -0.70529068 210 210 210
0.52476066 0.10458622 -0.70326483 210 210 210
0.24351141 0.18318249 -0.6218397 210 210 210
0.3239986 0.17004316 -0.70176786 210 210 210
0.50720823 0.13328734 -0.75226313 210 210 210
-0.17828664 0.16605765 -0.41627312 210 210 210
0.60238135 0.16438214 -0.70530283 210 210 210
0.054962963 -0.028796468 -0.70397699 210 210 210
0.41381782 -0.015118817 -0.70027572 210 210 210
0.40240046 -0.005113468 -0.70878959 210 210 210
0.21973306 -0.01883802 -0.77945322 210 210 210
-0.22597994 0.19649816 -0.75470454 210 210 210
0.67714781 0.21618372 -0.72327071 210 210 210
0.13967948 -0.077594288 -0.76620555 210 210 210
-0.15868287 0.18880029 -0.35343474 210 210 210
0.3163799 0.19839373 -0.58552545 210 210 210
0.52366912 0.13041957 -0.73442298 210 210 210
0.45774436 0.1284835 -0.78348434 210 210 210
0.80802542 -0.040942598 -0.77789414 210 210 210
-0.77865845 0.68623102 -0.50435799 210 210 210
-0.47267503 0.79742789 -0.6760844 210 210 210
1.0251563 0.91125983 -0.87881947 210 210 210
-0.17751718 0.84006321 -0.33256981 210 210 210
0.28787425 0.20005646 -0.60618454 210 210 210
0.21872903 0.2262518 -0.68392092 210 210 210
0.46793893 0.0094288792 -0.70946854 210 210 210
0.21419887 0.17927393 -0.70444137 210 210 210
0.32960853 -0.026367405 -0.71741664 210 210 210
0.30853954 0.19724548 -0.60395849 210 210 210
0.23869099 0.14557843 -0.54679596 210 210 210
-0.012418378 0.26113763 -0.66164583 210 210 210
-0.66511339 0.64921379 -0.65601099 210 210 210
-0.29797557 0.054811087 -0.78657925 210 210 210
0.17935626 0.072835632 -0.68573111 210 210 210
0.17303668 0.072519556 -0.69763821 210 210 210
-0.2279509 0.046294652 -0.70197058 210 210 210
-0.1675925 0.06894061 -0.69305569 210 210 210
0.048995275 0.30561134 -0.5612697 210 210 210
0.38168067 0.21471815 -0.66761041 210 210 210
0.54180843 0.15262374 -0.74792057 210 210 210
0.16693856 0.13415492 -0.67006302 210 210 210
0.080811165 0.0089314329 -0.71120602 210 210 210
0.36376104 -0.038349655 -0.70216578 210 210 210
0.07935258 0.41049069 -0.61482632 210 210 210
0.4471927 0.11058228 -0.74292576 210 210 210
0.27166173 0.22282693 -0.61261082 210 210 210
0.16226876 0.13600738 -0.67143941 210 210 210
0.17679259 0.054268461 -0.65077043 210 210 210
0.13900413 0.1398973 -0.68161738 210 210 210
0.31931973 -0.034196649 -0.7103442 210 210 210
0.26817372 0.17740692 -0.63030875 210 210 210
0.099779956 0.094723813 -0.66859424 210 210 210
0.4517861 0.11226892 -0.72037393 210 210 210
-0.18281725 0.053039495 -0.69073856 210 210 210
0.43083492 0.11999228 -0.7982949 210 210 210
0.67917538 -0.38703576 -0.41723496 210 210 210
0.084354818 0.021641277 -0.70388079 210 210 210
-0.33304432 -0.043200418 -0.3980149 210 210 210
0.059102278 -0.06968461 -0.80824614 210 210 210
0.40242895 -0.011982437 -0.70239824 210 210 210
0.45925486 0.12891495 -0.7836448 210 210 210
-0.070634991 -0.4810943 -0.83428645 210 210 210
0.44072333 -0.030259909 -0.71670651 210 210 210
-0.11132392 0.34727085 -0.35334808 210 210 210
-0.23705651 0.57182747 -0.38745391 210 210 210
0.061247818 0.39843428 -0.61611992 210 210 210
-0.64942122 0.68373376 -0.66948646 210 210 210
0.05892767 -0.047560945 -0.75373632 210 210 210
0.2672832 -0.10050529 -0.72129816 210 210 210
-0.10163031 0.35488135 -0.69987953 210 210 210
0.70461208 0.1769143 -0.6531294 210 210 210
-0.0021440894 0.26876473 -0.65874153 210 210 210
0.54185998 0.084141567 -0.73163432 210 210 210
-0.78744882 0.11583781 -0.65135175 210 210 210
0.49383867 0.029437914 -0.71511364 210 210 210
0.58786404 0.11875776 -0.7227391 210 210 210
1.1239599 -0.057456728 -0.30704841 210 210 210
0.69320172 0.057181843 -0.72704637 210 210 210
0.50461954 0.067380749 -0.71314299 210 210 210
0.59773624 0.072746523 -0.75774866 210 210 210
1.197665 0.48522189 -0.53028905 210 210 210
0.96624947 0.2653504 -0.57751477 210 210 210
0.79660606 0.2225191 -0.59094542 210 210 210
0.77557433 0.062126994 -0.70119804 210 210 210
0.54268521 0.025197508 -0.7179057 210 210 210
0.56014472 0.043351118 -0.72491878 210 210 210
0.538773 0.052395355 -0.72277069 210 210 210
0.49809945 1.1704693 -0.64953214 210 210 210
-0.24545269 -0.14672656 -0.66964638 210 210 210
-0.55001384 0.72862571 -0.60965788 210 210 210
0.28419024 0.17719685 -0.57439482 210 210 210
0.35826832 1.1354014 -0.66390461 210 210 210
1.0647827 0.1061319 -0.66285002 210 210 210
0.46559715 -0.024172604 -0.70768857 210 210 210
-0.20427097 0.23557192 -0.76864326 210 210 210
0.51845902 0.029943306 -0.72955573 210 210 210
0.12102658 0.044144504 -0.59281313 210 210 210
-0.010229223 -0.81554818 -0.95634365 210 210 210
0.53711385 0.080481932 -0.73074865 210 210 210
0.45868722 0.025166206 -0.71803457 210 210 210
0.48474512 0.12243662 -0.73352414 210 210 210
0.047128346 0.40611842 -0.66808611 210 210 210
0.48768526 -0.0031281146 -0.72056222 210 210 210
1.0142542 0.51539856 -0.60449159 210 210 210
-0.18093885 -0.090371788 -0.69426554 210 210 210
0.13253352 -0.52965581 -0.9552905 210 210 210
0.52587366 0.065192498 -0.75101316 210 210 210
0.10666501 0.01544141 -0.69196469 210 210 210
-0.0053837509 0.27353719 -0.66266465 210 210 210
0.43292588 0.13151665 -0.82802582 210 210 210
-0.25857258 0.27938625 -0.60441411 210 210 210
0.55880368 0.064963952 -0.73132199 210 210 210
0.45895594 0.054191317 -0.74555302 210 210 210
0.093984284 -0.5267424 -0.88375628 210 210 210
0.56832063 0.08729241 -0.74508268 210 210 210
-0.5669387 0.49775147 -0.54365087 210 210 210
0.49766377 0.033690974 -0.71765339 210 210 210
0.5714944 0.0472541 -0.72636163 210 210 210
0.5149551 0.04300065 -0.72116435 210 210 210
-0.23349942 0.092406198 -0.70247257 210 210 210
0.90639883 0.68412834 -0.6676625 210 210 210
-0.46136385 0.16128628 -0.51762831 210 210 210
0.44459736 -0.032490395 -0.74191552 210 210 210
0.2863014 0.17360428 -0.71212333 210 210 210
0.5337804 0.13026151 -0.7234422 210 210 210
0.5186463 0.083582439 -0.70570433 210 210 210
0.44923675 0.11068912 -0.74274051 210 210 210
0.35471961 0.5355314 -0.39252037 210 210 210
0.21623814 0.18025663 -0.70715523 210 210 210
0.47159702 0.1220884 -0.74551553 210 210 210
0.14666529 0.13346943 -0.67567068 210 210 210
0.39054832 -0.018428043 -0.69910455 210 210 210
0.44544733 0.11165446 -0.70420438 210 210 210
0.11281709 0.03100911 -0.69064778 210 210 210
0.37788695 0.154227 -0.72410887 210 210 210
-0.0073232236 0.24585654 -0.6692217 210 210 210
-0.27010271 -0.070215091 -0.78381699 210 210 210
-0.19352062 0.12142132 -0.68774265 210 210 210
0.27266395 0.17154574 -0.62588131 210 210 210
0.28443462 0.49571526 -0.40573123 210 210 210
0.47221017 0.12262442 -0.74657768 210 210 210
-0.19482428 0.36876386 -0.3211042 210 210 210
0.13097268 0.053329919 -0.70132506 210 210 210
0.13998254 0.13106221 -0.67774707 210 210 210
0.45314503 0.02469616 -0.72187108 210 210 210
0.51560855 0.12582931 -0.73395723 210 210 210
-0.046747878 0.36471748 -0.69918716 210 210 210
-0.16858156 0.40579629 -0.74133718 210 210 210
0.13427554 -0.57170755 -0.96606636 210 210 210
0.11455131 -1.0135903 -1.0954469 210 210 210
0.16475333 0.11204926 -0.58978915 210 210 210
0.24984592 0.18771262 -0.62239558 210 210 210
0.51917225 0.12763327 -0.73342955 210 210 210
0.063956328 -0.017199986 -0.65042251 210 210 210
0.11479236 0.048586592 -0.67514068 210 210 210
0.34840605 -0.010328332 -0.72111958 210 210 210
0.24727824 0.18637431 -0.62313992 210 210 210
0.42217621 0.11758173 -0.76210195 210 210 210
0.1107746 0.016863504 -0.67667472 210 210 210
0.24441718 -0.34632406 -1.0168517 210 210 210
0.60233283 -0.15879799 -0.73903811 210 210 210
0.26291454 0.47563511 -0.39625248 210 210 210
-0.77706051 -0.024340516 -0.68075192 210 210 210
0.60442579 0.043296847 -0.66039002 210 210 210
0.087301716 0.082360342 -0.67142582 210 210 210
-0.24059707 0.38469863 -0.25650796 210 210 210
0.39056987 -0.018395228 -0.7010504 210 210 210
0.35889661 0.53287244 -0.40653753 210 210 210
0.1086824 0.12639244 -0.67314786 210 210 210
-0.95102018 1.3981627 -0.57048345 210 210 210
-0.23561189 -0.26190755 -0.76391333 210 210 210
0.31766927 0.18451229 -0.65854841 210 210 210
-0.14715441 0.29182938 -0.35151783 210 210 210
0.2903282 0.1855619 -0.61130881 210 210 210
0.20752957 0.17644039 -0.70587528 210 210 210
0.062700018 0.0029240511 -0.68028879 210 210 210
-0.20602733 0.089842029 -0.40281305 210 210 210
0.39462438 0.0040455447 -0.71620613 210 210 210
-0.26914492 0.27292326 -0.33671725 210 210 210
0.24864668 0.1713991 -0.6326617 210 210 210
-0.21511495 0.09300442 -0.63778991 210 210 210
-0.37077534 0.36084402 -0.60260046 210 210 210
0.25018561 0.1877875 -0.62165511 210 210 210
-0.83471918 0.073493451 -0.61201453 210 210 210
0.30224863 0.1599651 -0.6635744 210 210 210
0.61316097 0.085517116 -0.65241706 210 210 210
-0.069495238 -0.064875975 -0.61559772 210 210 210
-0.77335238 0.14141956 -0.65966892 210 210 210
0.40541524 -0.050528731 -0.71194941 210 210 210
0.38995585 0.22696482 -0.68743795 210 210 210
0.3645148 -0.029238623 -0.7010206 210 210 210
0.34351611 0.21102624 -0.83982271 210 210 210
0.45237821 0.11661407 -0.77120757 210 210 210
-0.69809222 0.33717185 -0.57389349 210 210 210
0.59495765 0.037148751 -0.66043615 210 210 210
0.74754137 0.050954361 -0.80087966 210 210 210
1.147234 0.60207665 -0.54014641 210 210 210
0.81530601 -0.20419437 -0.86263549 210 210 210
0.70902979 0.17969708 -0.65356261 210 210 210
0.90691805 0.84051973 -0.28267702 210 210 210
1.3181188 0.81387031 -0.90049291 210 210 210
0.81412041 -0.12641028 -0.82040018 210 210 210
0.84146821 -0.23810387 -1.0748093 210 210 210
-0.71400672 0.47710443 -0.58601016 210 210 210
-0.24332526 0.32359931 -0.60204518 210 210 210
0.76508588 -0.44486293 -1.1268085 210 210 210
0.71335727 0.17758957 -0.65440011 210 210 210
-0.24757138 0.28250936 -0.60104835 210 210 210
1.0103967 0.69132811 -0.61653543 210 210 210
0.61530417 -0.17184697 -0.72877997 210 210 210
0.14808173 0.053061742 -0.59798449 210 210 210
0.5456481 0.16042542 -0.76398367 210 210 210
0.78531051 -0.40226886 -1.1364926 210 210 210
0.4856824 0.12771699 -0.74833083 210 210 210
-0.24193245 0.28171659 -0.32087082 210 210 210
-0.48745206 0.81919438 -0.69942504 210 210 210
0.52575499 0.13269487 -0.73456383 210 210 210
0.51236111 0.13505211 -0.74757028 210 210 210
0.57969183 0.16081886 -0.71379566 210 210 210
0.53575689 0.14978679 -0.75019574 210 210 210
0.50451577 0.11388189 -0.72058761 210 210 210
0.52335304 0.12292387 -0.72105676 210 210 210
0.50276655 0.12841123 -0.73244083 210 210 210
0.51856768 0.13682748 -0.73787028 210 210 210
0.51631641 0.13994116 -0.75674975 210 210 210
0.54895222 0.1572448 -0.74773645 210 210 210
0.24294369 0.60590053 -0.5558629 210 210 210
0.20655423 0.17405142 -0.70853561 210 210 210
0.45156795 0.1112169 -0.7479741 210 210 210
0.2555455 -0.28275391 -0.85652953 210 210 210
0.4984096 0.13380721 -0.74964517 210 210 210
0.52297974 0.13779114 -0.7386083 210 210 210
0.37386021 -0.49221441 -0.76028597 210 210 210
0.21809667 0.18168209 -0.70566672 210 210 210
0.47312075 0.12330616 -0.74715889 210 210 210
0.4795002 0.12459901 -0.74661875 210 210 210
0.021408463 0.30598092 -0.67643762 210 210 210
-0.1965722 0.072052956 -0.68208271 210 210 210
-0.33648452 0.68769085 -0.14943258 210 210 210
0.14787538 -0.71895075 -1.0262636 210 210 210
0.062468905 0.10349842 -0.70934814 210 210 210
0.48435971 0.12709244 -0.76827031 210 210 210
0.48559609 0.10415084 -0.71857262 210 210 210
0.46263957 0.11548557 -0.74953306 210 210 210
0.50533032 0.12953219 -0.73115343 210 210 210
0.55520654 0.15123452 -0.7292279 210 210 210
-0.18634878 0.74536759 -0.16898298 210 210 210
0.51775199 0.10897979 -0.71069419 210 210 210
0.49568528 0.12619717 -0.7302618 210 210 210
0.54933238 0.1384225 -0.72116196 210 210 210
0.50729614 0.13801625 -0.76599187 210 210 210
0.11332155 0.022078902 -0.68725365 210 210 210
0.52229905 0.14837462 -0.78447425 210 210 210
0.25724462 0.17075264 -0.62893188 210 210 210
0.50532615 0.85965407 -0.6322825 210 210 210
-0.2436645 0.65372652 -0.4912498 210 210 210
0.50942284 0.1378641 -0.76121676 210 210 210
0.043224428 0.544864 -0.32068154 210 210 210
0.045704301 0.014949093 -0.60773408 210 210 210
0.49466187 0.14457938 -0.78868103 210 210 210
0.51958209 0.10857923 -0.71162778 210 210 210
0.54224825 0.13763069 -0.72502214 210 210 210
0.5060249 0.13628091 -0.765405 210 210 210
-0.22613259 1.1762025 -0.19223152 210 210 210
0.49486801 0.14244913 -0.78897417 210 210 210
0.50474811 0.14696683 -0.78749931 210 210 210
0.065980464 0.4337396 -0.69674969 210 210 210
0.51132464 0.14482385 -0.77843022 210 210 210
0.53436106 0.12709849 -0.71336603 210 210 210
0.712349 0.18431893 -0.65495837 210 210 210
0.20084007 -0.29414409 -0.83773279 210 210 210
0.51165611 0.12137785 -0.71758014 210 210 210
0.19623551 0.16107829 -0.70302749 210 210 210
0.64829296 -0.43372411 -1.351053 210 210 210
0.52736658 1.0730304 -0.78479737 210 210 210
0.41521913 -0.076928586 -0.81076616 210 210 210
0.85293299 1.0101209 -0.76635772 210 210 210
0.47312939 1.1527696 -0.77754867 210 210 210
-1.025526 0.88238972 -0.57326227 210 210 210
0.40299988 1.4050722 -0.76318628 210 210 210
0.29318392 1.407158 -0.79197574 210 210 210
2.0547962 0.89319253 -0.79185545 210 210 210
0.40679082 1.4123852 -0.75565934 210 210 210
0.78621083 0.85252029 -0.87292111 210 210 210
2.1295102 0.95776963 -0.80316436 210 210 210
0.46453798 1.1064026 -0.65336782 210 210 210
0.32491633 1.3235974 -0.77814674 210 210 210
0.45458686 0.12337353 -0.81433505 210 210 210
-0.23450294 0.26913819 -0.60602504 210 210 210
1.4419444 0.88952345 -0.9151333 210 210 210
0.09563347 0.033339832 -0.61597687 210 210 210
0.53469521 1.428434 -0.57327157 210 210 210
-0.0043767216 0.05156197 -0.69829166 210 210 210
0.58622646 1.4913517 -0.56263655 210 210 210
0.60150033 1.4084007 -0.20349321 210 210 210
-0.24813063 0.35258138 -0.26232868 210 210 210
0.76071334 -0.099152558 -0.88545054 210 210 210
0.55735093 1.4462039 -0.5711987 210 210 210
0.33314556 -0.27859241 -0.83391243 210 210 210
0.41019779 1.1408111 -0.20949024 210 210 210
-0.23801345 0.29370707 -0.60340828 210 210 210
0.52920973 1.1386803 -0.34234464 210 210 210
0.58975261 1.3368897 -0.19086023 210 210 210
-0.20346697 0.37263715 -0.18833782 210 210 210
0.46770579 0.12764235 -0.78892362 210 210 210
0.55802161 1.0907639 -0.44774169 210 210 210
0.5936088 1.3500581 -0.20297426 210 210 210
-0.051147014 -0.47018224 -0.84282821 210 210 210
1.7541194 0.81203604 -0.83660233 210 210 210
0.6763882 0.21493286 -0.72297448 210 210 210
0.51261532 1.0456363 -0.68187076 210 210 210
0.36515465 -0.022842806 -0.70186758 210 210 210
-0.27898201 -0.091567613 -0.68942475 210 210 210
-0.90687948 0.13666616 -0.57368863 210 210 210
0.62723458 0.18127951 -0.7029891 210 210 210
-0.2244145 1.0496479 -0.24217179 210 210 210
-0.54399461 0.76921022 -0.70408732 210 210 210
-0.10358011 -0.0056562084 -0.63797873 210 210 210
0.75105506 0.065278128 -0.66039902 210 210 210
0.71718395 0.17630655 -0.65086204 210 210 210
0.87862992 -0.306032 -0.89271253 210 210 210
0.35005164 0.62574762 -0.51003522 210 210 210
0.71019739 -0.093581118 -0.75582808 210 210 210
-0.0098993396 0.22974549 -0.65664029 210 210 210
-0.053769767 -0.4881461 -0.83808398 210 210 210
0.9044385 -0.40793481 -1.0155377 210 210 210
0.92100048 0.8267135 -0.29735318 210 210 210
0.27493942 0.22478756 -0.61101186 210 210 210
0.9353261 -0.11325524 -1.0050282 210 210 210
-0.14167836 0.48463431 -0.30718151 210 210 210
0.80675137 -0.43953115 -1.0812526 210 210 210
0.71413714 0.13582508 -0.64718938 210 210 210
1.1487334 0.71045071 -0.66158807 210 210 210
0.2038119 -0.26533383 -0.73260999 210 210 210
0.12819506 0.031346042 -0.69109124 210 210 210
0.12949893 0.14191814 -0.68908811 210 210 210
-0.056718815 -0.083455674 -0.62002176 210 210 210
0.45613131 0.10881892 -0.72349 210 210 210
-0.50801474 1.1336608 -0.033099595 210 210 210
0.16181277 0.057852365 -0.57931906 210 210 210
-0.145824 0.28018391 -0.32486844 210 210 210
0.16573977 0.063857518 -0.59335494 210 210 210
-0.28084871 0.66136831 -0.49423969 210 210 210
0.067349538 -0.0050743637 -0.70284486 210 210 210
-0.13786253 0.29225332 -0.37414193 210 210 210
0.10459777 0.043116864 -0.70518398 210 210 210
0.10810667 0.029145215 -0.70105159 210 210 210
0.13220118 0.055960305 -0.69057775 210 210 210
0.092069961 0.12871732 -0.7057398 210 210 210
0.50204867 0.13518192 -0.78650069 210 210 210
-0.17314282 0.051987793 -0.68613851 210 210 210
0.38842413 -0.012056624 -0.71156931 210 210 210
0.21603645 0.18016122 -0.70707083 210 210 210
0.16609234 0.057445351 -0.57652617 210 210 210
0.10412446 -0.12331622 -0.78419429 210 210 210
0.14765652 0.056462601 -0.5844565 210 210 210
0.1984403 0.12274218 -0.62978983 210 210 210
0.12697417 0.14171241 -0.59722006 210 210 210
0.10645612 0.027854666 -0.6932494 210 210 210
0.19625592 0.077338032 -0.68813074 210 210 210
-0.57108766 0.76389927 -0.63448769 210 210 210
0.17837144 0.4225139 -0.38447437 210 210 210
0.13291425 0.055252418 -0.69535595 210 210 210
0.11553324 0.050773006 -0.7045542 210 210 210
0.056953624 0.10868966 -0.71531045 210 210 210
0.16083196 0.094713002 -0.61317289 210 210 210
0.077056751 0.057531629 -0.71504825 210 210 210
-0.45799717 0.86332577 -0.68410015 210 210 210
-0.14865206 0.28685829 -0.35713327 210 210 210
0.356839 0.47476116 -0.39955291 210 210 210
0.20014811 0.39391157 -0.6589182 210 210 210
-0.16467336 0.075322561 -0.69163239 210 210 210
-0.17466214 -0.057190213 -0.75194168 210 210 210
-0.17801331 0.324193 -0.30945873 210 210 210
0.17791961 0.038198102 -0.72079521 210 210 210
0.24353072 0.11650604 -0.57301664 210 210 210
0.13952397 0.09399464 -0.6718145 210 210 210
0.18910252 0.071770437 -0.57965481 210 210 210
-0.056473397 -0.49110484 -0.83750993 210 210 210
0.20171703 0.094975874 -0.57414979 210 210 210
0.26110196 0.10945184 -0.5787499 210 210 210
-0.25156188 0.043551136 -0.73503363 210 210 210
0.11672788 0.022857964 -0.68835938 210 210 210
0.052586496 -0.44806996 -0.86216557 210 210 210
0.40872169 -0.030358605 -0.71554041 210 210 210
0.14925078 0.044508338 -0.68529791 210 210 210
0.10908256 0.02529439 -0.69000018 210 210 210
-0.14136158 -0.13498788 -0.67515171 210 210 210
0.22795674 0.51928872 -0.39632651 210 210 210
0.40851092 -0.55460554 -0.83154911 210 210 210
0.10323768 0.036874376 -0.69685143 210 210 210
0.28959215 0.5895164 -0.38789126 210 210 210
0.13733594 0.078613117 -0.60477138 210 210 210
0.50326508 0.06701643 -0.72201353 210 210 210
0.34627819 -0.059186358 -0.70836252 210 210 210
0.37448969 -0.035985813 -0.70010692 210 210 210
-0.078694344 0.51055342 -0.27827772 210 210 210
0.053856757 -0.0048907283 -0.65253657 210 210 210
-0.23392051 0.092062131 -0.69649816 210 210 210
0.28564456 0.15171964 -0.66981125 210 210 210
0.24004626 0.23986708 -0.50265187 210 210 210
-0.24811818 0.99359322 -0.26286778 210 210 210
0.38165614 -0.031427812 -0.69725823 210 210 210
0.25525677 0.57564491 -0.40349144 210 210 210
-0.19108891 0.081661224 -0.68616575 210 210 210
0.12446033 -0.10187291 -0.84533095 210 210 210
-0.058616083 0.62168503 -0.59471744 210 210 210
0.027163217 -0.45055208 -0.85145831 210 210 210
-0.18911494 0.044453032 -0.6843583 210 210 210
-0.47877297 0.60321641 -0.69046575 210 210 210
0.17136672 0.057563111 -0.57234609 210 210 210
0.42063206 -0.49020702 -0.77706563 210 210 210
-0.89399296 0.10710172 -0.6007461 210 210 210
-0.82728678 0.081414878 -0.61412787 210 210 210
-0.60563415 0.66169995 -0.43570676 210 210 210
0.14788392 0.081278451 -0.59273827 210 210 210
0.14097773 0.10940283 -0.6785242 210 210 210
-0.3107205 0.025217999 -0.77213579 210 210 210
0.26607472 0.11376319 -0.57913476 210 210 210
-0.32133925 0.40632939 -0.63058728 210 210 210
0.06150379 -0.0016112591 -0.67929417 210 210 210
-0.32421809 0.49022153 -0.67107785 210 210 210
0.17424051 0.06484779 -0.68859035 210 210 210
0.10532517 0.019007344 -0.69460201 210 210 210
0.3832598 -0.034385376 -0.71456015 210 210 210
0.1011359 0.037176378 -0.70403826 210 210 210
0.01051507 0.29470602 -0.67749971 210 210 210
-0.250442 0.26398578 -0.60649806 210 210 210
0.14599308 0.06952741 -0.69370711 210 210 210
0.10919779 0.040867217 -0.70307654 210 210 210
0.13512358 0.060703039 -0.6922425 210 210 210
-0.58446687 0.67105961 -0.61239284 210 210 210
-0.2058575 0.31322071 -0.51890522 210 210 210
0.29278886 -0.087370791 -0.71257693 210 210 210
-0.16550803 0.068108782 -0.6917243 210 210 210
-0.010561172 0.37250426 -0.60555971 210 210 210
-0.16892803 0.22122829 -0.37046474 210 210 210
-0.31806713 -0.61082608 -0.75476158 210 210 210
-0.30556679 0.027077068 -0.77133393 210 210 210
0.40586117 0.5226385 -0.40974936 210 210 210
-0.0037740355 -0.46261981 -0.84581536 210 210 210
-0.21902002 0.047693465 -0.73483616 210 210 210
0.49219728 0.10837456 -0.7220571 210 210 210
0.084423333 -0.0085564945 -0.67247099 210 210 210
0.00014002123 0.33059216 -0.70735204 210 210 210
0.3774133 -0.011951421 -0.71870393 210 210 210
0.064884752 -0.012580018 -0.69245982 210 210 210
0.10824254 0.015243679 -0.63078398 210 210 210
0.23779114 0.10976344 -0.60161537 210 210 210
0.16228184 0.061646327 -0.67196089 210 210 210
0.1111759 0.017469266 -0.68786031 210 210 210
0.13346525 0.05491446 -0.69340754 210 210 210
-0.50135344 0.25108072 -0.49934387 210 210 210
-0.10410993 0.60499692 -0.33935043 210 210 210
0.12964174 0.071434893 -0.63184506 210 210 210
-0.051961079 -0.47326028 -0.84134793 210 210 210
-0.53135115 0.78090596 -0.71698761 210 210 210
0.32638747 0.16506368 -0.62804008 210 210 210
-0.32126904 0.18098301 -0.40185943 210 210 210
-0.30359089 0.30969661 -0.60386944 210 210 210
0.35538319 0.21595234 -0.67008948 210 210 210
-0.060585186 -0.46571517 -0.84336907 210 210 210
0.44252557 0.11820017 -0.72451568 210 210 210
0.50462323 -0.46380323 -0.76807469 210 210 210
0.14390053 0.11645502 -0.6618802 210 210 210
0.20289032 0.086167283 -0.60811204 210 210 210
0.049526993 -0.4433248 -0.85804206 210 210 210
-0.29205325 1.1766115 -0.18852918 210 210 210
0.09275952 0.033569865 -0.70340711 210 210 210
0.17291783 0.10179006 -0.590424 210 210 210
-0.61376792 0.71487308 -0.71573269 210 210 210
0.15902379 -0.08385247 -0.87334424 210 210 210
0.016669709 -0.47041982 -0.84228104 210 210 210
0.39094126 -0.024574045 -0.69999868 210 210 210
0.41453382 0.0053203786 -0.70804989 210 210 210
0.50212824 0.077415146 -0.71951658 210 210 210
-0.05693531 -0.46063271 -0.84345287 210 210 210
0.21216808 0.17852497 -0.70345461 210 210 210
-0.047526885 -0.46928552 -0.84304756 210 210 210
-0.57782644 0.7011075 -0.61811727 210 210 210
0.12489256 0.052679755 -0.69842452 210 210 210
0.24820556 0.25386819 -0.49500197 210 210 210
0.14925398 -0.45567289 -0.9200871 210 210 210
-0.44242993 -0.16411932 -0.85026222 210 210 210
0.11515866 0.058207128 -0.61432612 210 210 210
0.28181198 -0.098949663 -0.70939213 210 210 210
0.30305117 0.49727622 -0.40318984 210 210 210
0.46561104 0.11603585 -0.74394393 210 210 210
-0.055897862 -0.45820048 -0.84761739 210 210 210
0.085200116 -0.0015309642 -0.64514142 210 210 210
0.060809426 0.012184873 -0.66347671 210 210 210
0.017028503 -0.13964602 -0.78556341 210 210 210
-0.44974786 0.44852862 -0.61922693 210 210 210
0.25873062 0.2106683 -0.61238647 210 210 210
0.30680388 0.50985783 -0.4043712 210 210 210
-0.70582002 0.269245 -0.58000618 210 210 210
0.15435973 -0.060947713 -0.77782542 210 210 210
0.027409896 -0.46433327 -0.84752923 210 210 210
-0.93659908 1.0051247 -0.62885576 210 210 210
-0.68816566 0.29944831 -0.58165407 210 210 210
-0.026072325 -0.47761816 -0.8368817 210 210 210
0.076225877 -0.46916518 -0.88440126 210 210 210
0.21533637 0.16886459 -0.6251924 210 210 210
0.074499711 -0.0038843129 -0.7661947 210 210 210
-0.26750323 -0.061667781 -0.74736619 210 210 210
0.18139878 -0.69837403 -1.0527637 210 210 210
-0.048716128 -0.47943544 -0.836887 210 210 210
0.1241094 -0.59546286 -0.95307237 210 210 210
0.35665941 0.23752998 -0.66678143 210 210 210
0.10024894 -0.46366215 -0.90169138 210 210 210
0.29223451 -0.77173895 -1.2556332 210 210 210
-0.26630089 1.13355 -0.2043246 210 210 210
0.57239103 -0.4733676 -0.82745051 210 210 210
0.0045925137 -0.45359087 -0.85091442 210 210 210
0.1377126 -0.67967665 -0.94035786 210 210 210
0.10472007 -0.63085467 -0.85387802 210 210 210
0.23395434 -0.10683519 -0.77807307 210 210 210
0.29597148 -0.328089 -0.84576678 210 210 210
0.042280845 -0.43179676 -0.87034988 210 210 210
-0.46767607 0.86237538 -0.69334722 210 210 210
0.46384829 -0.40036297 -0.82020152 210 210 210
0.19501457 -0.12315802 -0.83808219 210 210 210
0.2741487 -0.42936134 -0.81557792 210 210 210
0.23565198 -0.10420661 -0.83186752 210 210 210
-0.056420218 -0.46388349 -0.84664881 210 210 210
-0.84296405 0.06351281 -0.6084252 210 210 210
-0.19372123 0.091766164 -0.6833905 210 210 210
0.27665684 0.48768032 -0.401317 210 210 210
-0.01943505 -0.47267944 -0.83967668 210 210 210
-0.030129464 -0.48417908 -0.83801281 210 210 210
0.46193951 0.11649336 -0.75424129 210 210 210
0.12101427 -0.58671296 -0.96090358 210 210 210
0.29851019 0.17478737 -0.70405424 210 210 210
0.11837579 -0.58443731 -0.93479872 210 210 210
0.46283185 0.11028903 -0.71339148 210 210 210
-0.13393846 0.2396149 -0.39799836 210 210 210
0.09701889 -0.54203296 -0.92991257 210 210 210
-0.0070736124 -0.46218488 -0.84640402 210 210 210
0.11180902 -0.533117 -0.93488073 210 210 210
-0.16527666 0.080511928 -0.69188178 210 210 210
0.13716276 -0.60107988 -0.97226363 210 210 210
0.033451036 -0.44948226 -0.85458326 210 210 210
-0.053274561 -0.47626838 -0.83962739 210 210 210
-0.51124871 0.70915842 -0.70111722 210 210 210
0.14114235 -0.58041662 -0.97119051 210 210 210
0.25157964 0.55389297 -0.4715074 210 210 210
0.022579527 -0.48005924 -0.8350392 210 210 210
-0.055850424 -0.46129507 -0.84735864 210 210 210
0.10192867 -0.12140425 -0.88392133 210 210 210
0.01300395 -0.44576758 -0.86228418 210 210 210
-0.13475728 0.85274249 -0.3519319 210 210 210
0.070498958 -0.61283034 -0.93454897 210 210 210
0.0036604111 -0.17639543 -0.83826256 210 210 210
0.050258625 -0.61753553 -0.82508636 210 210 210
-0.07644026 -0.084485345 -0.62028933 210 210 210
-0.02857369 -0.48470151 -0.83721656 210 210 210
-0.03115649 -0.4847264 -0.83789372 210 210 210
-0.031917673 -0.48424625 -0.83823454 210 210 210
-0.33289784 0.73728955 -0.24662471 210 210 210
-0.021595888 -0.47842661 -0.83991355 210 210 210
-0.010265838 -0.46313849 -0.84623492 210 210 210
-0.054265939 -0.46498719 -0.84527135 210 210 210
0.0009413503 -0.45639992 -0.84915251 210 210 210
-0.16852468 0.69114661 -0.31101391 210 210 210
0.050451536 -0.44909218 -0.86564839 210 210 210
0.29066551 -0.14151388 -0.77734417 210 210 210
-0.17297803 0.14689222 -0.72731626 210 210 210
-0.045776986 -0.46911356 -0.8430081 210 210 210
0.26235655 -0.50117141 -0.86065054 210 210 210
0.19488189 -0.1102396 -0.85582161 210 210 210
-0.36598015 0.92190534 -0.27902266 210 210 210
0.16328442 0.061193045 -0.59362471 210 210 210
0.10733262 -0.021685943 -0.65849364 210 210 210
0.37809259 -0.49459645 -0.76079834 210 210 210
-0.1797034 0.36584416 -0.288928 210 210 210
0.26361978 0.2756812 -0.49585018 210 210 210
0.042481355 0.55070442 -0.31617552 210 210 210
0.056079831 -0.50650704 -0.86891556 210 210 210
0.11923216 -0.61069012 -0.96253091 210 210 210
-0.060368594 -0.4900929 -0.83765519 210 210 210
0.28704432 0.53095669 -0.37962258 210 210 210
0.1195316 -0.59194124 -0.94159585 210 210 210
-0.0084360912 -0.46402627 -0.84574997 210 210 210
-0.47037017 0.86039752 -0.6916433 210 210 210
0.17480637 0.068510696 -0.60091233 210 210 210
0.13416901 -0.57949013 -0.96621823 210 210 210
0.57514554 -0.47162372 -0.83153647 210 210 210
-0.46467414 0.76639777 -0.68926972 210 210 210
0.21286847 -0.14166537 -0.83913088 210 210 210
-0.22145209 0.03973943 -0.777861 210 210 210
0.11076861 -0.10386352 -0.88240665 210 210 210
0.29760712 -0.4177371 -0.78819102 210 210 210
-0.01875579 -0.4526208 -0.84153324 210 210 210
0.094097406 0.10058668 -0.6681506 210 210 210
-0.64251781 0.45821738 -0.55208296 210 210 210
-0.49502096 0.82487488 -0.67743146 210 210 210
-0.2470285 0.25204694 -0.61400741 210 210 210
-0.19623385 0.35970116 -0.26612225 210 210 210
0.10223073 0.041542709 -0.61046684 210 210 210
0.39691216 -0.38545096 -0.72602451 210 210 210
0.13362566 -0.74702245 -1.0173031 210 210 210
0.17101218 0.10596322 -0.58866048 210 210 210
0.10407526 0.089008942 -0.59426397 210 210 210
0.30712354 -0.30176258 -0.76772153 210 210 210
-0.012796467 -0.46677577 -0.84419662 210 210 210
-0.0052556 -0.46118584 -0.84665006 210 210 210
0.17728907 0.07231079 -0.66394025 210 210 210
0.42129847 -0.61924607 -0.84765542 210 210 210
0.42562872 -0.25640711 -0.7664966 210 210 210
-0.65868247 0.55447561 -0.65405124 210 210 210
-0.050571248 0.028096985 -0.7043398 210 210 210
-0.053096149 -0.46409759 -0.84509623 210 210 210
-0.056105319 -0.46195775 -0.84415263 210 210 210
0.109637 0.048729502 -0.67089832 210 210 210
0.16857597 0.063514493 -0.5825423 210 210 210
0.15463121 0.055529159 -0.60341567 210 210 210
-0.14865364 0.11377691 -0.69867837 210 210 210
0.12746812 0.048323575 -0.59429258 210 210 210
0.12084228 0.046159841 -0.59307724 210 210 210
0.083960414 0.027324837 -0.6308282 210 210 210
0.10498264 0.049101744 -0.61373711 210 210 210
0.11759582 0.046508111 -0.70716399 210 210 210
0.22250764 -0.75955623 -1.1991938 210 210 210
0.44010112 0.10957984 -0.76683986 210 210 210
-0.010945358 -0.16630764 -0.83271718 210 210 210
0.099719778 0.025012294 -0.69493967 210 210 210
0.011468387 -0.084184989 -0.81068844 210 210 210
0.47406182 0.12320471 -0.74693233 210 210 210
-0.19801037 0.16024207 -0.68469828 210 210 210
-0.20931166 0.15492342 -0.83725941 210 210 210
0.33469042 -0.79876506 -1.2557604 210 210 210
-0.062081438 0.67385578 -0.29968828 210 210 210
0.21314164 0.48895854 -0.38408792 210 210 210
0.09513852 -0.47522295 -0.90535766 210 210 210
0.11591013 -0.58632576 -0.95308381 210 210 210
0.2029397 -0.71165818 -1.0533085 210 210 210
0.27615577 -0.18438183 -0.82955527 210 210 210
0.27271661 -0.44938153 -0.84858805 210 210 210
0.29534063 -0.37458441 -0.84940547 210 210 210
0.18371086 -0.70030969 -1.0542961 210 210 210
-0.1391488 0.70406991 -0.50096577 210 210 210
0.13558981 0.044676479 -0.59261107 210 210 210
0.42652056 -0.23150156 -0.80519283 210 210 210
-0.24400653 0.26308542 -0.60590827 210 210 210
0.072984464 0.0039907321 -0.63445461 210 210 210
0.09272337 0.029337602 -0.594836 210 210 210
0.12446886 0.023719061 -0.63851732 210 210 210
-0.19685829 0.51547796 -0.22108279 210 210 210
0.016098937 -0.19612364 -0.80040658 210 210 210
0.1252483 0.058273934 -0.59910989 210 210 210
0.12316157 0.064581193 -0.61010444 210 210 210
0.13241546 0.059509926 -0.69452304 210 210 210
0.10617363 0.026625885 -0.61706787 210 210 210
-0.53723174 0.51342767 -0.56960326 210 210 210
0.25208595 -0.26019534 -0.85427743 210 210 210
0.20357227 0.12369341 -0.58754045 210 210 210
-0.059706904 0.2989451 -0.65436196 210 210 210
0.30316421 -0.35388777 -0.84240001 210 210 210
-0.0076566618 -0.43029025 -0.86550677 210 210 210
0.22861053 0.082522079 -0.66929621 210 210 210
-0.14710395 0.26393536 -0.37263733 210 210 210
0.021370217 -0.070533916 -0.7495898 210 210 210
0.21424142 0.21310298 -0.50204408 210 210 210
0.23796391 0.33623806 -0.66015971 210 210 210
0.19954981 -0.7059353 -1.0576419 210 210 210
0.40393841 -0.49906975 -0.79225892 210 210 210
0.25691915 -0.44013053 -0.81799501 210 210 210
-0.20683007 0.35256159 -0.31164098 210 210 210
0.12065431 0.033018086 -0.60133404 210 210 210
-0.19419116 -0.13759331 -0.76389933 210 210 210
0.051500797 -0.024441734 -0.68036234 210 210 210
0.45429513 -0.48087165 -0.78168315 210 210 210
0.12958056 0.046390597 -0.59371531 210 210 210
0.08622922 -0.58882385 -0.958489 210 210 210
0.45820552 0.10896768 -0.721479 210 210 210
0.12200744 0.026863014 -0.69332141 210 210 210
0.11604616 0.045459609 -0.693928 210 210 210
-0.052423708 -0.57766175 -0.83300489 210 210 210
0.078609236 -0.027282512 -0.65653104 210 210 210
0.086833864 -0.0024558892 -0.63777685 210 210 210
0.04951679 -0.15052293 -0.80788934 210 210 210
0.060980946 -0.6349712 -0.92751604 210 210 210
-0.78805834 0.1240162 -0.65898401 210 210 210
0.35783827 -0.032760348 -0.7037763 210 210 210
-0.6144619 0.63580817 -0.72718906 210 210 210
0.21458462 0.12485237 -0.64258027 210 210 210
0.24939141 -0.2599892 -0.8429929 210 210 210
-0.36633396 0.02001714 -0.75754637 210 210 210
-0.063738413 -0.50043911 -0.83757532 210 210 210
0.19214612 0.081939675 -0.59589523 210 210 210
0.068250328 -0.0031934655 -0.66803747 210 210 210
-0.54379874 0.75060886 -0.35584947 210 210 210
0.11254901 0.053121127 -0.61517262 210 210 210
-0.36978179 0.022688141 -0.75726795 210 210 210
0.181179 0.081537351 -0.68248856 210 210 210
-0.20430768 0.4929736 -0.66323894 210 210 210
-0.46590316 -0.047579024 -0.78647947 210 210 210
-0.28074944 0.5953058 -0.52829677 210 210 210
-0.05209519 -0.46089375 -0.84520221 210 210 210
-0.51818919 0.81469834 -0.68733549 210 210 210
-0.89543968 0.10381075 -0.63706124 210 210 210
-0.05501768 -0.46112439 -0.84640557 210 210 210
0.16102587 -0.12180841 -0.72144216 210 210 210
0.30142653 0.33680508 -0.45842603 210 210 210
0.38716921 0.474125 -0.42526597 210 210 210
-0.18217768 0.045520574 -0.68168849 210 210 210
0.1601494 0.059725646 -0.68979639 210 210 210
0.097675934 0.044746637 -0.62802583 210 210 210
0.35465565 0.39953333 -0.43169895 210 210 210
-0.50344104 0.83046895 -0.68978959 210 210 210
0.055351183 -0.011303858 -0.6984784 210 210 210
0.10614543 0.028618986 -0.68559241 210 210 210
-0.067386791 -0.43106902 -0.83719844 210 210 210
0.41523999 -0.72640115 -1.2242779 210 210 210
0.10179228 0.18889542 -0.64539433 210 210 210
-0.055627003 -0.48641172 -0.83870029 210 210 210
-0.034205575 0.31749848 -0.67899621 210 210 210
-0.77553076 -0.045409672 -0.71347654 210 210 210
-1.0478123 0.86687356 -0.5779953 210 210 210
-0.1218706 -0.044730447 -0.66604376 210 210 210
0.21617763 -0.40230924 -0.82551521 210 210 210
0.61970264 0.74604017 -0.28477854 210 210 210
0.013272524 -0.47562489 -0.83993554 210 210 210
-0.023147773 -0.44006038 -0.84865677 210 210 210
-0.0088271936 -0.46215066 -0.84664202 210 210 210
0.0084366444 -0.45057696 -0.85257107 210 210 210
0.26050571 -0.11964034 -0.80676514 210 210 210
-0.059946526 -0.44559786 -0.84165311 210 210 210
0.059609346 -0.13470335 -0.88441545 210 210 210
-0.24740648 0.88094479 -0.29455262 210 210 210
0.30540019 0.53971595 -0.40350482 210 210 210
0.11014661 -0.60461754 -0.94178963 210 210 210
-0.037850529 -0.48688614 -0.83274323 210 210 210
0.53193969 0.11626284 -0.71803302 210 210 210
-0.047511742 0.30379045 -0.66102827 210 210 210
-0.049300086 -0.46833724 -0.843647 210 210 210
0.10187752 -0.11907949 -0.8770358 210 210 210
0.076810464 -0.43419513 -0.88744646 210 210 210
-0.053680863 -0.4651725 -0.84500396 210 210 210
0.28383362 0.17251097 -0.70404148 210 210 210
0.10401516 -0.63804114 -0.94757229 210 210 210
-0.035761215 -0.48326379 -0.83903569 210 210 210
-0.5182091 0.54041028 -0.5565058 210 210 210
-0.34932223 0.57120585 -0.64925474 210 210 210
-0.049008485 -0.47113803 -0.84198111 210 210 210
-0.58293837 0.66383421 -0.61121416 210 210 210
0.31872004 -0.40438053 -0.84445119 210 210 210
0.23057623 -0.1247179 -0.83791852 210 210 210
0.12830137 -0.11143066 -0.87206244 210 210 210
-0.053429831 -0.46008116 -0.84767777 210 210 210
0.047727142 -0.52843982 -0.88487202 210 210 210
-0.050150987 -0.46714699 -0.84435302 210 210 210
-0.080284953 -0.48352993 -0.83440351 210 210 210
0.25845724 -0.25551039 -0.85285473 210 210 210
-0.55355173 0.79015154 -0.65486908 210 210 210
-0.044970937 -0.46991873 -0.8423788 210 210 210
0.17851102 0.072602071 -0.67750615 210 210 210
0.32345513 -0.043410543 -0.71584129 210 210 210
0.36197934 -0.071541235 -0.7689873 210 210 210
-0.060050629 -0.46464804 -0.84419161 210 210 210
0.17775057 0.1079236 -0.58931905 210 210 210
-0.058303773 -0.49087563 -0.83780652 210 210 210
-0.46555313 0.62979293 -0.67774951 210 210 210
-0.019628027 -0.47736323 -0.84005553 210 210 210
0.096940793 -0.5810529 -0.94246864 210 210 210
-0.32709002 0.073295392 -0.79323602 210 210 210
-0.045619506 -0.46943393 -0.84273934 210 210 210
-0.29096761 1.1791952 -0.18677415 210 210 210
0.12246378 -0.16723907 -0.85515082 210 210 210
-0.021621253 0.29122317 -0.68187326 210 210 210
0.40381873 0.13902438 -0.72836328 210 210 210
0.26780859 -0.2705591 -0.81141627 210 210 210
-0.0063307867 -0.46357885 -0.84532177 210 210 210
0.4155837 0.54435396 -0.40185097 210 210 210
-0.69528013 0.53084195 -0.61102861 210 210 210
-0.065892659 -0.46679938 -0.84487122 210 210 210
-0.18756989 0.11761536 -0.68937129 210 210 210
0.21938699 0.14679267 -0.67737454 210 210 210
0.28750205 0.17389362 -0.71141589 210 210 210
0.44259784 0.11219635 -0.74097544 210 210 210
0.098957293 -0.008235829 -0.65826124 210 210 210
0.15558831 0.098465927 -0.6015988 210 210 210
0.079896472 0.41919613 -0.6823765 210 210 210
0.61382073 0.087557666 -0.65330505 210 210 210
0.43457937 0.12191942 -0.7914483 210 210 210
-0.038711037 -0.48103401 -0.84014332 210 210 210
0.21249422 0.14982471 -0.52249539 210 210 210
0.32217261 -0.48367396 -0.82732391 210 210 210
0.063640565 0.092523709 -0.67749536 210 210 210
0.019717464 -0.40369385 -0.87504596 210 210 210
0.44585067 0.11086396 -0.74241334 210 210 210
0.13285123 0.056889389 -0.67024481 210 210 210
-0.65528893 0.68365359 -0.67738765 210 210 210
-0.37354243 0.016915128 -0.76092917 210 210 210
-0.41969737 0.88322216 -0.6639877 210 210 210
-0.59993798 0.62893969 -0.57404238 210 210 210
0.090136953 -0.13178708 -0.81261373 210 210 210
0.40964448 0.17266977 -0.65934795 210 210 210
-0.07477732 0.30692151 -0.6799345 210 210 210
-0.53810364 0.78682745 -0.70735693 210 210 210
0.13313305 0.14064725 -0.68679518 210 210 210
0.28675267 0.31388956 -0.47703516 210 210 210
0.35737014 0.49840945 -0.40103713 210 210 210
-0.053491283 -0.4745304 -0.84078771 210 210 210
-0.060204793 -0.46754536 -0.8427161 210 210 210
-0.35358179 0.011743888 -0.76233649 210 210 210
0.21466309 0.18003665 -0.7033608 210 210 210
-0.050219152 -0.47126037 -0.84202433 210 210 210
0.25527444 -0.27538788 -0.84209871 210 210 210
-0.21407235 0.66957283 -0.45019922 210 210 210
0.44474843 0.11004521 -0.76440316 210 210 210
0.26598415 -0.1108473 -0.7157234 210 210 210
0.30839977 -0.080424994 -0.70593286 210 210 210
0.36847714 0.15836433 -0.72286296 210 210 210
0.049238421 0.38780487 -0.60062063 210 210 210
0.25540137 0.50340939 -0.44624177 210 210 210
0.51103246 0.069365457 -0.71363002 210 210 210
-0.022786019 -0.48069164 -0.83873969 210 210 210
-0.035071131 -0.4828245 -0.83560658 210 210 210
-0.17971091 0.10034689 -0.69116312 210 210 210
-0.052760236 -0.46065837 -0.84523755 210 210 210
-0.053133614 -0.47473058 -0.84060347 210 210 210
-0.060728367 -0.47750738 -0.83946347 210 210 210
-0.064243436 -0.50192291 -0.83730578 210 210 210
-0.33448526 0.74306303 -0.24302982 210 210 210
-0.025944203 -0.48230436 -0.83833838 210 210 210
0.0026540002 -0.45554921 -0.84982854 210 210 210
-0.036531352 -0.48703954 -0.83383489 210 210 210
0.011460749 -0.46006656 -0.84803569 210 210 210
0.036429375 -0.43798617 -0.86540294 210 210 210
0.033935033 -0.43925768 -0.86483431 210 210 210
0.11779647 0.044624101 -0.59594649 210 210 210
0.35053092 -0.079208612 -0.76498634 210 210 210
0.063769855 -0.48952219 -0.88744563 210 210 210
-0.054779496 -0.45713547 -0.8479439 210 210 210
-0.71354562 0.86769968 -0.59703237 210 210 210
-0.046630159 -0.47542596 -0.83926654 210 210 210
-0.059962004 -0.49639729 -0.8378796 210 210 210
-0.043176226 -0.48683977 -0.8376534 210 210 210
-0.27536881 0.90946972 -0.27493295 210 210 210
-0.0094738686 -0.46458685 -0.8451792 210 210 210
-0.036318272 -0.48720258 -0.83377504 210 210 210
0.67874241 -0.32139584 -0.75031841 210 210 210
-0.00091541483 -0.46345115 -0.84557027 210 210 210
0.023963792 -0.45371878 -0.84944236 210 210 210
-0.035531372 -0.51528955 -0.82135135 210 210 210
0.016730882 -0.46039623 -0.83994389 210 210 210
0.12535428 -0.51878852 -0.94390982 210 210 210
0.3074311 -0.12671414 -0.76427972 210 210 210
0.50073934 -0.51320481 -0.62387002 210 210 210
0.57123661 -0.34009635 -0.62996382 210 210 210
-0.04813607 -0.46067888 -0.84861517 210 210 210
-0.16110612 0.14830571 -0.43815196 210 210 210
-0.18616921 0.096339531 -0.68878508 210 210 210
-0.030550586 -0.48505735 -0.83764523 210 210 210
0.0001335171 -0.45681784 -0.84881175 210 210 210
0.00098480575 -0.45775217 -0.84876567 210 210 210
0.026631527 -0.47024408 -0.84380221 210 210 210
0.046458118 -0.45297635 -0.85588074 210 210 210
0.1367002 -0.5687061 -0.9733935 210 210 210
0.14165352 -0.16731018 -0.87770677 210 210 210
0.24619833 -0.2589584 -0.8439225 210 210 210
0.094134934 -0.60901636 -0.94539464 210 210 210
-0.53807968 0.56388265 -0.57231247 210 210 210
0.25965551 -0.45329803 -0.76879692 210 210 210
0.42063206 -0.49020702 -0.77706563 210 210 210
0.11773197 0.051614918 -0.60314202 210 210 210
-0.050354909 -0.49394438 -0.83198661 210 210 210
-0.050850745 -0.49446389 -0.83039904 210 210 210
0.44884688 0.56597149 -0.40994966 210 210 210
0.015254636 -0.46181604 -0.84717894 210 210 210
0.14336194 -0.81489748 -1.3290155 210 210 210
0.78776425 -0.41436508 -1.1260091 210 210 210
0.17475989 -0.94269878 -1.2357485 210 210 210
-0.01797739 0.28722146 -0.67613381 210 210 210
-0.33657888 0.78821588 -0.64162248 210 210 210
0.15950887 0.39014867 -0.66614431 210 210 210
0.090806536 -0.61060673 -0.93572557 210 210 210
-0.54314512 0.58027405 -0.57795334 210 210 210
0.39581195 0.00050570827 -0.71329975 210 210 210
-0.040189907 -0.4874272 -0.83713537 210 210 210
0.0040975218 -0.4550373 -0.85037035 210 210 210
0.026907165 -0.47012982 -0.84376585 210 210 210
0.0099320076 -0.46568099 -0.84253585 210 210 210
0.1499978 -0.13906528 -0.85860419 210 210 210
0.39751327 -0.48452944 -0.8097896 210 210 210
-0.53299618 0.7714957 -0.71096319 210 210 210
-0.44184265 0.49694315 -0.62690079 210 210 210
-0.83905095 -0.014268903 -0.62978756 210 210 210
-0.054621201 -0.46527234 -0.84473211 210 210 210
-0.37992805 -0.19104707 -0.76724023 210 210 210
-0.054011524 -0.50073212 -0.82923216 210 210 210
0.3959699 -0.47700986 -0.86401677 210 210 210
0.30298176 -0.21918643 -0.78521317 210 210 210
0.18684173 -0.22072513 -0.84761512 210 210 210
-0.306337 0.15062499 -0.40274945 210 210 210
0.25622216 -0.11520141 -0.71184003 210 210 210
-0.064720459 -0.48358467 -0.83609778 210 210 210
0.3577047 -0.52550638 -0.83533591 210 210 210
0.0048186518 -0.47638473 -0.83893883 210 210 210
-0.062454585 0.58042914 -0.38393483 210 210 210
0.097050108 -0.013495089 -0.63982761 210 210 210
-0.10151123 0.35004854 -0.70137924 210 210 210
-0.06113486 -0.48559162 -0.83674616 210 210 210
0.35509464 -0.84824783 -1.2203594 210 210 210
0.20328026 -0.69237047 -1.0737716 210 210 210
-0.0010499322 -0.44155845 -0.85868198 210 210 210
-0.021539379 -0.66205543 -0.76887518 210 210 210
-0.18603168 0.081611641 -0.6872924 210 210 210
-0.054293711 -0.46020225 -0.84458226 210 210 210
-0.59351081 0.7370826 -0.67666477 210 210 210
0.34443715 0.16863994 -0.72071666 210 210 210
-0.053197596 -0.46598917 -0.84454978 210 210 210
-0.05137806 -0.47021002 -0.84246862 210 210 210
-0.06442859 -0.50175744 -0.83669513 210 210 210
-0.25643075 0.31765163 -0.61578012 210 210 210
-0.015664142 -0.46920758 -0.84369898 210 210 210
-0.40243185 0.56754667 -0.57934022 210 210 210
0.024378723 -0.45555711 -0.84943151 210 210 210
0.54008079 0.11957365 -0.7055335 210 210 210
0.10852161 -0.11100403 -0.87389582 210 210 210
-0.23690866 0.89993823 -0.36230999 210 210 210
0.44859427 0.11214916 -0.76666808 210 210 210
-0.079565994 -0.48201945 -0.83450645 210 210 210
-0.025080895 -0.48219958 -0.83830333 210 210 210
-0.026345717 -0.48361352 -0.83752817 210 210 210
0.010438085 -0.45444655 -0.85120457 210 210 210
0.025229786 -0.47117177 -0.84304708 210 210 210
0.017392607 -0.44757989 -0.85478169 210 210 210
-0.039357133 -0.48219609 -0.84020728 210 210 210
-0.04690348 -0.493076 -0.83091861 210 210 210
-0.01520115 -0.47055674 -0.84125668 210 210 210
-0.081467614 0.30826429 -0.69165862 210 210 210
-0.41824824 0.41489777 -0.58902603 210 210 210
-0.056653555 -0.46127015 -0.84381741 210 210 210
-0.086678572 -0.48347896 -0.83487445 210 210 210
-0.049001422 -0.49412367 -0.83208764 210 210 210
0.12473667 -0.54856169 -0.93709582 210 210 210
-0.050602376 -0.49154803 -0.83140969 210 210 210
0.099915303 -0.61023504 -0.94736528 210 210 210
-0.1949335 0.12154312 -0.68705547 210 210 210
0.061769251 -0.23174876 -0.85500735 210 210 210
0.74756289 0.041963402 -0.66504151 210 210 210
0.53530896 0.14707787 -0.74381918 210 210 210
0.094901472 0.024373541 -0.62095499 210 210 210
-0.050044291 -0.49674308 -0.83016926 210 210 210
-0.086460352 0.51674175 -0.59414995 210 210 210
0.26184043 -0.11143982 -0.72084016 210 210 210
-0.2702539 0.10747642 -0.75140613 210 210 210
-0.92205292 1.0853539 -0.67793101 210 210 210
0.45042774 0.11073028 -0.74320549 210 210 210
-0.0051128049 -0.46166652 -0.84649462 210 210 210
0.27891284 -0.50326204 -0.82566482 210 210 210
0.50209886 -0.43896303 -0.78930151 210 210 210
-0.049544439 -0.48414859 -0.83748263 210 210 210
-0.30148041 0.44082537 -0.46743527 210 210 210
0.141231 -0.5993799 -0.86099118 210 210 210
0.25472295 -0.14137419 -0.82788062 210 210 210
-0.063421927 -0.5040248 -0.82862949 210 210 210
0.42198679 0.11811606 -0.76264215 210 210 210
-0.37125874 0.91271621 -0.30321091 210 210 210
0.090989247 -0.60451347 -0.94391948 210 210 210
0.064662695 -0.64370936 -0.92884642 210 210 210
0.56215495 -0.40253198 -0.80886728 210 210 210
-0.54303735 0.57454783 -0.58588821 210 210 210
0.41246888 -0.47091746 -0.78452313 210 210 210
-0.89971715 0.10382691 -0.64572811 210 210 210
0.20775157 0.18089245 -0.5367859 210 210 210
0.10087602 0.043363046 -0.58804065 210 210 210
0.11026805 0.045495104 -0.60293239 210 210 210
0.10609654 -0.46862352 -0.91597492 210 210 210
-1.0487558 0.78745604 -0.56183881 210 210 210
0.50712699 0.12866741 -0.72848952 210 210 210
0.44997719 0.11057495 -0.75152844 210 210 210
0.074046254 -0.10939386 -0.80034566 210 210 210
0.26370791 -0.76214492 -1.2402021 210 210 210
0.10846102 -0.0079720309 -0.6522944 210 210 210
-0.021922112 0.22445875 -0.66448355 210 210 210
0.11708282 0.066899069 -0.61871344 210 210 210
0.17736647 0.10811953 -0.58891839 210 210 210
0.094544478 0.033796117 -0.70058399 210 210 210
0.17601064 -0.48294497 -0.80703944 210 210 210
0.06861572 -0.5899356 -0.92716938 210 210 210
0.036302116 -0.17332046 -0.81512976 210 210 210
0.066339046 0.0088219158 -0.64174861 210 210 210
0.032336261 -0.51672292 -0.8738966 210 210 210
-0.024435312 -0.18175682 -0.77784157 210 210 210
0.089085408 0.015533092 -0.61633104 210 210 210
0.11836808 0.045034938 -0.59207827 210 210 210
-0.28450653 0.24419323 -0.40454632 210 210 210
0.11018533 -0.61325866 -0.94150347 210 210 210
0.097160615 -0.13752563 -0.79533362 210 210 210
0.12002959 0.066816844 -0.61121565 210 210 210
0.097644128 0.035775162 -0.69855243 210 210 210
-0.0015497828 -0.14961392 -0.84216076 210 210 210
-0.0097602382 0.32066748 -0.66246241 210 210 210
0.067610696 -0.57555163 -0.9201625 210 210 210
0.2742582 -0.40100813 -0.83935434 210 210 210
0.3223995 -0.52074385 -0.83365989 210 210 210
0.033449136 -0.46048892 -0.85027027 210 210 210
0.2290764 -0.25203997 -0.87640053 210 210 210
0.20526625 -0.16848744 -0.87717646 210 210 210
0.14567284 -0.67488074 -0.94253725 210 210 210
0.51977491 0.10692444 -0.70942229 210 210 210
0.18309622 0.076899499 -0.69624728 210 210 210
0.23021547 -0.10424963 -0.82146305 210 210 210
0.51040119 -0.46793669 -0.7990346 210 210 210
0.10118626 -0.46425217 -0.90266639 210 210 210
-0.21851537 0.027600935 -0.78205752 210 210 210
0.16826317 0.066519193 -0.69601679 210 210 210
-0.3747786 0.84364796 -0.34619799 210 210 210
0.30275574 -0.31163856 -0.84302312 210 210 210
0.18336348 -0.6990633 -1.0542573 210 210 210
0.32989064 -0.40793586 -0.80016106 210 210 210
0.55466324 -0.46217105 -0.83739334 210 210 210
-0.4715921 0.86673617 -0.67419624 210 210 210
-0.19152358 0.11458018 -0.68700951 210 210 210
0.38481787 -0.6744622 -1.3318591 210 210 210
0.081133015 -0.10633353 -0.83014828 210 210 210
0.027617328 -0.46430418 -0.8466354 210 210 210
0.054341678 -0.46147022 -0.85491949 210 210 210
0.22663926 -0.24088484 -0.87644881 210 210 210
0.026403578 -0.45629022 -0.84996694 210 210 210
-0.30848718 0.29603451 -0.29904598 210 210 210
0.034813527 -0.46121815 -0.84480602 210 210 210
0.29092571 -0.44009086 -0.82893336 210 210 210
0.30273777 -0.2332474 -0.84517175 210 210 210
-0.21426989 0.23406109 -0.34635675 210 210 210
0.6280061 -0.34921581 -0.75711215 210 210 210
0.57292414 -0.37949505 -0.76414686 210 210 210
0.33712789 -0.28303665 -0.83235943 210 210 210
0.23071611 -0.15049294 -0.81207842 210 210 210
0.28323013 -0.084216334 -0.80980259 210 210 210
-0.033148792 -0.27743781 -0.72926736 210 210 210
0.022448953 -0.47024152 -0.84308153 210 210 210
0.012002752 -0.47028384 -0.84244841 210 210 210
0.038915638 -0.45430744 -0.85498464 210 210 210
0.41016272 0.57197028 -0.45147535 210 210 210
-0.83147085 0.079533465 -0.62260693 210 210 210
0.11447006 -0.54345578 -0.94200671 210 210 210
0.099130131 -0.068481095 -0.8670013 210 210 210
0.41471836 -0.48797351 -0.77783942 210 210 210
0.03211778 -0.14436565 -0.84178084 210 210 210
-0.43367651 -0.21005803 -0.82533526 210 210 210
-0.0088280318 -0.46521154 -0.84455144 210 210 210
0.1330149 -0.51815319 -0.9524529 210 210 210
0.32199746 -0.42155182 -0.82130313 210 210 210
0.51337945 0.12575516 -0.73329985 210 210 210
0.23970985 -0.18262303 -0.82460165 210 210 210
0.29869819 -0.40318796 -0.83386058 210 210 210
0.24090488 0.4933081 -0.39308122 210 210 210
0.1153759 -0.45030317 -0.91909802 210 210 210
-0.76589739 -0.026125826 -0.66878104 210 210 210
-0.6870836 0.56007189 -0.62464517 210 210 210
0.27515617 -0.04994211 -0.78090185 210 210 210
0.16867325 0.099126823 -0.59502625 210 210 210
-0.79921377 0.087562054 -0.63496727 210 210 210
0.20890875 0.20504077 -0.71081227 210 210 210
0.27643642 -0.084072679 -0.73201299 210 210 210
0.50404054 -0.48923594 -0.82025725 210 210 210
0.51825309 0.11120999 -0.70154494 210 210 210
0.12480775 0.06398841 -0.60588485 210 210 210
0.30081409 -0.14915259 -0.77473247 210 210 210
-0.34161061 0.44952601 -0.68094885 210 210 210
-0.68310398 0.60424095 -0.63964969 210 210 210
-0.1720043 0.18444212 -0.39429379 210 210 210
0.33608589 -0.062867612 -0.70449585 210 210 210
-0.69325775 0.53525293 -0.61425483 210 210 210
0.18456778 -0.68265945 -1.0507565 210 210 210
-0.02340374 -0.480272 -0.83866924 210 210 210
-0.30071032 -0.023095392 -0.75613475 210 210 210
-0.25221717 -0.14132708 -0.67479271 210 210 210
-0.07644026 -0.084485345 -0.62028933 210 210 210
-0.090560071 0.010918205 -0.78980517 210 210 210
0.36285344 -0.24878886 -0.81093639 210 210 210
0.042929146 -0.45276508 -0.85674918 210 210 210
0.11282562 -0.10274781 -0.84662443 210 210 210
0.12837365 -0.60353106 -0.86710155 210 210 210
-0.19028063 0.20563295 -0.39477777 210 210 210
-0.25008181 0.14813209 -0.74472171 210 210 210
-0.67625505 0.32572877 -0.57691997 210 210 210
0.3546266 -0.67796147 -1.2127377 210 210 210
-0.057797078 -0.49201065 -0.83701122 210 210 210
-0.072619744 0.58272779 -0.32921606 210 210 210
-0.23859943 0.27908483 -0.61356878 210 210 210
0.20415397 -0.15715392 -0.862207 210 210 210
0.32467782 0.38176006 -0.45944673 210 210 210
0.11369656 -0.54146117 -0.94073081 210 210 210
-0.20034501 -0.11270624 -0.73966837 210 210 210
0.49680167 0.10309918 -0.71145231 210 210 210
0.38824713 0.51836002 -0.41101319 210 210 210
-0.89971715 0.10382691 -0.64572811 210 210 210
0.063710637 0.41830459 -0.61186224 210 210 210
0.21987 0.14963485 -0.67209578 210 210 210
-0.0095057236 -0.81833398 -0.92973787 210 210 210
0.29375908 -0.23993739 -0.84694797 210 210 210
0.45761269 0.10950421 -0.72040141 210 210 210
0.34465003 -0.039601337 -0.69743049 210 210 210
0.26523975 0.15926836 -0.63335496 210 210 210
0.35586095 -0.044782121 -0.69787443 210 210 210
0.24375962 0.17119132 -0.62711459 210 210 210
0.50051725 0.064153932 -0.72436398 210 210 210
0.47564808 0.12327927 -0.74630511 210 210 210
0.52251875 0.10883788 -0.71213424 210 210 210
0.51800561 0.11969254 -0.72242516 210 210 210
0.39468202 0.0047374386 -0.7158668 210 210 210
0.39873457 0.47724545 -0.41251165 210 210 210
0.487683 0.59254938 -0.4168106 210 210 210
-0.31209835 -0.63800895 -0.7559464 210 210 210
0.29172677 0.17419802 -0.61887711 210 210 210
0.36136106 -0.029358439 -0.7038402 210 210 210
0.44924924 0.11520589 -0.7147944 210 210 210
0.51096362 0.070340201 -0.71489412 210 210 210
0.46740523 0.12111706 -0.75911248 210 210 210
0.45869282 0.1092574 -0.71927685 210 210 210
0.4713707 0.10403407 -0.73178089 210 210 210
0.4763208 0.12346477 -0.74643701 210 210 210
0.45516396 0.10981756 -0.72289008 210 210 210
0.44989237 0.11071102 -0.74289745 210 210 210
0.49895495 0.10266625 -0.71222764 210 210 210
0.5012235 0.11250847 -0.72086579 210 210 210
0.33659753 0.16831291 -0.71735889 210 210 210
0.45412299 0.11564566 -0.76613116 210 210 210
-0.057209399 -0.4624719 -0.84683293 210 210 210
0.50918907 0.11453993 -0.72171003 210 210 210
0.2379659 0.18010151 -0.72522432 210 210 210
0.44443074 0.11012893 -0.76512057 210 210 210
-0.59278196 0.010062966 0.20679894 210 210 210
0.4514451 0.11405802 -0.76820588 210 210 210
0.57199955 0.15762416 -0.72065508 210 210 210
0.80114615 -0.42443898 -1.1052735 210 210 210
-0.49432284 -0.35496357 -0.63863814 210 210 210
0.6533584 0.062594369 -0.65737689 210 210 210
0.43233612 0.12135307 -0.74304569 210 210 210
0.49761683 0.066466257 -0.72489965 210 210 210
0.08039616 -0.040266681 -0.6088711 210 210 210
0.44567779 0.11096998 -0.76639819 210 210 210
0.57252961 0.058146372 -0.66298896 210 210 210
0.26003745 0.16703458 -0.63506001 210 210 210
-0.66667348 0.68601424 -0.67528826 210 210 210
0.66982532 -0.092003509 -0.72814828 210 210 210
0.50047988 0.13309345 -0.78796118 210 210 210
0.4736208 0.12259247 -0.74476308 210 210 210
0.5032934 0.11322574 -0.72066003 210 210 210
0.44998083 0.11455581 -0.71517593 210 210 210
0.4957166 0.13078153 -0.74497348 210 210 210
0.49609834 0.12711193 -0.73279124 210 210 210
0.51650846 0.11779521 -0.72105896 210 210 210
-0.28269058 0.29604068 -0.77439582 210 210 210
0.45700401 0.1135793 -0.7121461 210 210 210
0.51689124 0.14641148 -0.77602893 210 210 210
-0.28700468 0.11675683 -0.41392839 210 210 210
0.51401812 0.12539349 -0.73320097 210 210 210
-0.44620296 -0.19454327 -0.51423049 210 210 210
0.48292172 0.10692455 -0.72404146 210 210 210
0.40050998 0.14964558 -0.69502389 210 210 210
0.4383325 -0.48519251 -0.79039806 210 210 210
0.51448625 0.14076434 -0.76091921 210 210 210
-0.59021604 -0.3107385 -0.79993266 210 210 210
0.54209 0.13550891 -0.72392148 210 210 210
0.49466071 0.10838574 -0.71968228 210 210 210
0.55833089 0.1473646 -0.71562278 210 210 210
0.20472038 0.1719006 -0.71016735 210 210 210
0.55228859 0.14879011 -0.72784323 210 210 210
0.53850716 0.15137655 -0.74994904 210 210 210
-0.65091777 0.61565417 -0.62566793 210 210 210
-0.20305005 -0.035164703 -0.72202307 210 210 210
0.56039232 0.15475197 -0.72919375 210 210 210
-0.68591273 0.40061918 -0.55494303 210 210 210
0.50336808 0.13849093 -0.78124261 210 210 210
0.43823645 0.10995644 -0.76743305 210 210 210
0.30259058 -0.085690856 -0.70771444 210 210 210
0.53696883 0.11726041 -0.71667427 210 210 210
0.46209288 0.099533722 -0.70329666 210 210 210
0.49226791 0.12899238 -0.74417567 210 210 210
0.49176735 0.12353887 -0.72493088 210 210 210
0.50346148 0.10985666 -0.71713424 210 210 210
-0.22557913 0.15050986 -0.6402036 210 210 210
-0.98833507 -1.6156342 -0.2912719 210 210 210
0.49957505 0.1349088 -0.78940845 210 210 210
0.44335362 0.12194484 -0.70899105 210 210 210
0.50325459 0.13874604 -0.78066212 210 210 210
0.46525791 0.11974192 -0.75845605 210 210 210
-0.051601216 0.33028167 -0.68128502 210 210 210
0.49569899 0.13208362 -0.74974608 210 210 210
0.7085247 -0.036865342 -0.72595334 210 210 210
0.67395788 0.12259838 -0.65592492 210 210 210
0.49524003 0.12511364 -0.75961369 210 210 210
0.50324482 0.13218474 -0.74241322 210 210 210
-0.38097122 0.55487913 -0.50311732 210 210 210
0.51019007 0.13824166 -0.76047677 210 210 210
0.47732502 0.12460327 -0.74749142 210 210 210
-0.91404253 0.93807137 -0.62510985 210 210 210
0.52467328 0.11933458 -0.7167303 210 210 210
0.52026081 0.14721547 -0.77926785 210 210 210
0.53607839 0.14923123 -0.74816835 210 210 210
0.48720053 0.12842502 -0.74890798 210 210 210
0.51844239 0.12600972 -0.73143405 210 210 210
0.51609671 0.11927307 -0.72296679 210 210 210
0.50903404 0.11154743 -0.71282411 210 210 210
0.50896335 0.13890474 -0.7653746 210 210 210
0.50798094 0.13486007 -0.75365943 210 210 210
0.47142789 0.12253088 -0.74674648 210 210 210
-0.68770206 0.55482888 -0.62622851 210 210 210
0.52234834 0.12247612 -0.72081423 210 210 210
0.5225417 0.10791685 -0.71088815 210 210 210
0.51768947 0.14593591 -0.77317619 210 210 210
0.50236642 0.13384812 -0.74852747 210 210 210
0.50692296 0.072131135 -0.71952224 210 210 210
0.44986063 0.11313206 -0.76790237 210 210 210
0.48717606 0.10865362 -0.73233491 210 210 210
0.537669 0.15379147 -0.75882375 210 210 210
0.50459623 0.1170144 -0.72274292 210 210 210
-0.26658764 0.12246062 -0.7412523 210 210 210
0.53652662 0.11819769 -0.71674049 210 210 210
0.53693086 0.10568765 -0.69393373 210 210 210
0.49515638 0.10841475 -0.71957952 210 210 210
0.51757181 0.12542868 -0.73277509 210 210 210
0.52899647 0.13366067 -0.73329008 210 210 210
0.53534377 1.0546117 -0.45434922 210 210 210
-0.13786088 -0.06908384 -0.62766719 210 210 210
1.2487676 1.5647866 -0.40518448 210 210 210
0.67149287 0.21772124 -0.71850252 210 210 210
0.53939557 0.15619071 -0.76342875 210 210 210
0.88086319 -0.087604627 -0.78781307 210 210 210
1.1089483 0.68274206 -0.38420305 210 210 210
0.80114937 -0.34124357 -1.0890356 210 210 210
0.66352093 0.22331871 -0.7153933 210 210 210
0.66741818 0.21510699 -0.72133386 210 210 210
0.53842217 0.16070707 -0.78838849 210 210 210
0.48041365 0.12523367 -0.74763745 210 210 210
0.50421286 0.14745568 -0.78828931 210 210 210
0.49506336 0.12689556 -0.73282611 210 210 210
0.49727991 0.14032051 -0.78987229 210 210 210
0.66125864 0.20831014 -0.7344653 210 210 210
0.49583074 0.13034494 -0.7447567 210 210 210
0.6616928 0.21831153 -0.71718264 210 210 210
0.63918626 0.12246156 -0.66019785 210 210 210
0.45140699 0.048491009 -0.73203063 210 210 210
0.4560214 0.025523709 -0.84965384 210 210 210
0.50626683 0.14114667 -0.78299248 210 210 210
0.83501416 0.032585867 -0.7114802 210 210 210
0.055141427 -0.061846949 -0.70321113 210 210 210
0.41751382 0.16285452 -0.70570683 210 210 210
0.71435541 0.13903666 -0.64690429 210 210 210
0.26183516 0.21841253 -0.62066728 210 210 210
0.29940906 0.1959499 -0.60713053 210 210 210
0.54666162 0.16102061 -0.76332033 210 210 210
-0.019717153 0.31123278 -0.68485951 210 210 210
0.21693689 0.18063235 -0.70560575 210 210 210
-0.16161025 0.3077935 -0.3875457 210 210 210
0.29374731 0.17370254 -0.71172094 210 210 210
0.10189307 0.041387085 -0.70423853 210 210 210
0.13596499 0.062181838 -0.68927753 210 210 210
0.25359389 -0.1326057 -0.82866699 210 210 210
-0.058623727 -0.45173398 -0.84453177 210 210 210
0.36008978 -0.042891998 -0.70135444 210 210 210
0.011003228 -0.45367873 -0.85142428 210 210 210
0.059057072 0.0052454611 -0.65938824 210 210 210
0.22958252 0.61505264 -0.36308244 210 210 210
0.31534719 0.35886517 -0.44618079 210 210 210
0.057590418 -0.63765562 -0.92628223 210 210 210
0.54463154 0.16230664 -0.77487457 210 210 210
0.52171922 0.14791037 -0.77851659 210 210 210
0.24193794 0.28770089 -0.71273303 210 210 210
0.51112896 0.14421254 -0.77834153 210 210 210
0.50158846 0.1336434 -0.78880924 210 210 210
0.34322113 0.21802284 -0.84345967 210 210 210
0.31938949 -0.7971186 -1.2606356 210 210 210
-0.8912015 0.12058923 -0.61679924 210 210 210
0.37281418 -0.46619463 -0.77375937 210 210 210
0.034492176 0.354352 -0.62870765 210 210 210
0.10828712 0.049732428 -0.69834393 210 210 210
0.3663474 0.50001973 -0.39859307 210 210 210
0.15158917 0.10898779 -0.58685011 210 210 210
0.26094064 -0.10363974 -0.70995802 210 210 210
0.44855577 0.1123816 -0.76744395 210 210 210
-0.67539042 0.49990961 -0.58359212 210 210 210
0.4472754 0.11059111 -0.74315637 210 210 210
0.40111893 0.1331542 -0.75509357 210 210 210
-0.14191619 0.36058745 -0.70154208 210 210 210
0.40237916 0.14163631 -0.72707146 210 210 210
-0.20936577 0.35076773 -0.27725741 210 210 210
0.520257 0.12445007 -0.72079921 210 210 210
0.45908111 0.10612536 -0.7264626 210 210 210
0.49923071 0.13240503 -0.74565017 210 210 210
0.44973382 0.1135477 -0.76853758 210 210 210
0.4980318 0.13419148 -0.75049067 210 210 210
0.5062052 0.1404812 -0.78130394 210 210 210
0.44906431 0.11284822 -0.76808798 210 210 210
0.7567032 -0.0060488787 -0.68563348 210 210 210
0.54238153 0.1596621 -0.76962167 210 210 210
0.50160313 0.13508348 -0.78888124 210 210 210
0.50191879 0.13555287 -0.78508425 210 210 210
0.53882569 0.15980531 -0.7810846 210 210 210
0.51059836 0.14503643 -0.78717393 210 210 210
0.50052375 0.14621222 -0.78758329 210 210 210
-0.6928764 0.48295435 -0.59206283 210 210 210
-0.0041255807 0.2261731 -0.65356529 210 210 210
0.49674276 0.14755315 -0.78652966 210 210 210
0.49738377 0.13705152 -0.78979093 210 210 210
0.50596851 0.14610684 -0.78774393 210 210 210
0.51006395 0.13428189 -0.75247729 210 210 210
0.39030743 1.4242516 -0.5854699 210 210 210
-0.36540928 0.83628583 -0.64295989 210 210 210
-0.33934307 0.3097125 -0.58559573 210 210 210
0.67121273 0.21306416 -0.72184688 210 210 210
0.85330981 -0.2382942 -0.83986217 210 210 210
0.49992684 0.13926369 -0.78955817 210 210 210
0.02883599 0.3656449 -0.63337791 210 210 210
-0.35671249 -1.2436826 -0.48752722 210 210 210
-0.39290801 0.53391016 -0.49466407 210 210 210
-0.10149281 0.93817741 -0.32454026 210 210 210
0.44513056 1.4628506 -0.55614018 210 210 210
0.23583034 0.2926307 -0.68825555 210 210 210
0.61266768 0.72042048 -0.38468847 210 210 210
0.50589842 1.4640323 -0.54314351 210 210 210
0.41172487 1.1470988 -0.65439802 210 210 210
0.27684474 0.37421837 -0.66276056 210 210 210
0.68636519 0.59003818 -0.4473272 210 210 210
0.52997518 1.4458907 -0.54306269 210 210 210
-1.0325493 0.87100631 -0.57459003 210 210 210
0.450403 1.2796801 -0.61965078 210 210 210
-0.12050221 0.67239273 -0.57956868 210 210 210
-0.12261215 0.72950375 -0.50536215 210 210 210
0.088393427 0.34205794 -0.51335055 210 210 210
0.71439201 0.66412848 -0.47184333 210 210 210
0.4520371 1.2990732 -0.61333364 210 210 210
-0.15408443 0.68097913 -0.48672888 210 210 210
0.14014755 0.26481125 -0.55208367 210 210 210
-0.13723968 0.68551558 -0.59659517 210 210 210
0.42295012 1.2619708 -0.62814683 210 210 210
0.060529884 0.23769164 -0.4738051 210 210 210
-0.36238953 -0.33820471 -0.76479906 210 210 210
0.43575794 0.79359329 -0.34781161 210 210 210
-0.69807374 0.26628563 -0.54460341 210 210 210
0.1886612 0.31101573 -0.65484142 210 210 210
0.61964238 0.745933 -0.28475696 210 210 210
0.33243173 0.3057054 -0.70319599 210 210 210
0.64223945 0.70736974 -0.29079038 210 210 210
-0.2425838 0.45497468 -0.23537673 210 210 210
0.15970562 0.49619323 -0.46952638 210 210 210
0.61884636 0.7324816 -0.29525375 210 210 210
-0.69012564 0.30135903 -0.5790047 210 210 210
0.039536662 0.61500162 -0.56487811 210 210 210
0.33356816 0.5712831 -0.41586179 210 210 210
-0.17951521 0.72762281 -0.16554122 210 210 210
0.20822157 0.27869383 -0.62404114 210 210 210
-0.0096263792 -0.81954539 -0.95281357 210 210 210
0.24302192 0.32588524 -0.634049 210 210 210
0.20482713 0.29159781 -0.66437697 210 210 210
0.24673992 0.40567937 -0.66583985 210 210 210
0.25103965 0.25399399 -0.65491998 210 210 210
0.260584 0.35626182 -0.64820379 210 210 210
0.23965472 0.3383404 -0.66007257 210 210 210
-0.23995411 1.235664 -0.18199649 210 210 210
-0.22654727 1.2735162 -0.17901053 210 210 210
0.27883396 0.56912196 -0.40491885 210 210 210
0.25014803 0.38750505 -0.67878097 210 210 210
0.75768912 0.51284403 -0.44067726 210 210 210
-0.57750231 0.73526925 -0.74608022 210 210 210
0.15320113 0.38093743 -0.64811897 210 210 210
0.050021887 0.29956773 -0.50670862 210 210 210
0.14721739 0.3660582 -0.50509703 210 210 210
-0.65096998 0.69290173 -0.68140805 210 210 210
-0.24315482 1.2473038 -0.18048772 210 210 210
0.19543356 0.30450937 -0.62614238 210 210 210
-0.66268748 0.68630171 -0.67196661 210 210 210
-0.65414202 0.52765632 -0.59341121 210 210 210
0.30194277 0.58740419 -0.39537188 210 210 210
-0.23133132 0.14872533 -0.65304625 210 210 210
0.22466655 0.38421792 -0.64932555 210 210 210
0.28926545 0.41205499 -0.66528821 210 210 210
0.256953 0.29000932 -0.6169399 210 210 210
0.32231846 0.38100773 -0.65928388 210 210 210
0.2273103 0.3148869 -0.62676328 210 210 210
0.14805274 0.26634103 -0.67412889 210 210 210
0.11797519 0.60273772 -0.58119661 210 210 210
-0.0953077 0.59326863 -0.60617143 210 210 210
0.29613659 0.327039 -0.70019943 210 210 210
0.3266719 0.59812635 -0.36546308 210 210 210
0.22344129 0.3641212 -0.65651208 210 210 210
0.3002758 0.34409717 -0.65279645 210 210 210
-0.20030892 0.1109981 -0.68209392 210 210 210
0.23211235 0.29276195 -0.66256714 210 210 210
0.48177448 0.68557465 -0.36424118 210 210 210
0.45391899 0.70318133 -0.39525154 210 210 210
0.16561912 0.2043021 -0.6782794 210 210 210
0.76193601 0.49482051 -0.44226444 210 210 210
-0.17243923 0.73365271 -0.15248619 210 210 210
0.19850101 0.27824757 -0.6057024 210 210 210
0.21169804 0.41860116 -0.66017866 210 210 210
0.82282883 0.60175532 -0.41811031 210 210 210
-0.31041086 -0.14610136 -0.70396328 210 210 210
0.75106633 0.60693973 -0.4056769 210 210 210
0.29987907 0.55052763 -0.39003 210 210 210
0.31745553 0.58279419 -0.39086446 210 210 210
-0.023212077 -0.81931114 -0.91587847 210 210 210
0.49938911 0.69756615 -0.37294206 210 210 210
0.21658953 0.41030744 -0.66476154 210 210 210
0.08377219 0.2329829 -0.54184794 210 210 210
-0.63058233 0.44161722 -0.65351748 210 210 210
0.14742611 0.30369925 -0.57119012 210 210 210
-0.11769354 0.83934087 -0.305352 210 210 210
0.28605136 0.53859806 -0.41485786 210 210 210
0.30543211 0.58855838 -0.39764392 210 210 210
0.20869592 0.4049733 -0.66522765 210 210 210
0.2007876 0.41332114 -0.65738374 210 210 210
0.026869517 0.78167975 -0.34805849 210 210 210
0.17381777 0.4973636 -0.48490137 210 210 210
0.31800148 0.58074796 -0.39668435 210 210 210
0.087020025 0.3044717 -0.52101773 210 210 210
0.14187631 0.38066992 -0.62731802 210 210 210
-0.13402812 -0.070596568 -0.65253699 210 210 210
0.21045379 0.28350753 -0.69174808 210 210 210
-0.080520004 0.61647612 -0.59123999 210 210 210
-0.2215253 1.2026216 -0.19484833 210 210 210
0.85599923 -0.053333867 -0.75572574 210 210 210
-0.21538456 0.99307424 -0.27204752 210 210 210
-0.5992685 0.70365387 -0.72690582 210 210 210
0.0069587473 0.29394445 -0.73693377 210 210 210
-0.10292107 0.94749314 -0.31590056 210 210 210
0.27318761 0.56323266 -0.40471902 210 210 210
0.22621506 0.30306658 -0.68828022 210 210 210
0.31396222 0.58356005 -0.39094472 210 210 210
0.29443637 0.58008307 -0.39661276 210 210 210
0.022977728 0.35437718 -0.63634777 210 210 210
-0.005176269 0.11036953 -0.57413566 210 210 210
-0.096662685 0.57456553 -0.59779227 210 210 210
-0.29667184 1.1801994 -0.18728505 210 210 210
-0.20133367 1.0153503 -0.26757157 210 210 210
-0.42087635 0.51014227 -0.49328864 210 210 210
0.43160474 0.13320704 -0.81078434 210 210 210
0.25828469 0.56242681 -0.41938362 210 210 210
0.18180773 0.5520643 -0.41812995 210 210 210
0.16761057 0.39301807 -0.66399729 210 210 210
-0.24990349 0.88084817 -0.29346317 210 210 210
-0.25512543 0.28359422 -0.6033929 210 210 210
-0.15362898 0.25940657 -0.40491143 210 210 210
0.62364155 0.70164073 -0.34120488 210 210 210
-0.23736142 1.0138596 -0.25545567 210 210 210
0.27948555 0.5486415 -0.36130229 210 210 210
0.15968002 0.51190585 -0.45830452 210 210 210
0.13621429 0.5277527 -0.46465984 210 210 210
0.21137431 0.38324773 -0.66901702 210 210 210
0.16287732 0.39117533 -0.6641525 210 210 210
-0.63246816 0.71730679 -0.70104122 210 210 210
-0.071147479 0.59483314 -0.59992826 210 210 210
-0.28448105 1.1886232 -0.18449815 210 210 210
-0.23964559 1.1282476 -0.20738202 210 210 210
-0.25577214 1.2164981 -0.19416535 210 210 210
-0.35269722 0.85275829 -0.34145778 210 210 210
-0.16224794 0.73203474 -0.42265311 210 210 210
0.62001681 0.71723461 -0.36604211 210 210 210
-0.46568114 0.5004276 -0.49214271 210 210 210
0.27900422 0.55492723 -0.39188707 210 210 210
-0.05802881 0.54068601 -0.60081369 210 210 210
0.11281043 0.19500458 -0.62630892 210 210 210
-0.71852797 0.35136458 -0.56713915 210 210 210
-0.80398995 1.124503 -0.61881322 210 210 210
-0.24588208 1.1520603 -0.19736189 210 210 210
-0.24159934 1.0758469 -0.22751948 210 210 210
-0.24951522 0.99239212 -0.26612273 210 210 210
-0.24834272 0.14871781 -0.77802569 210 210 210
-0.094321422 0.55280674 -0.61287713 210 210 210
-0.27379707 0.97251517 -0.25812551 210 210 210
-0.34065995 0.93039018 -0.28079379 210 210 210
0.50787312 0.13585599 -0.75945568 210 210 210
-0.37414005 0.026955605 -0.76616269 210 210 210
-0.36639833 0.057291187 -0.78249621 210 210 210
0.11121903 0.50018227 -0.46584338 210 210 210
-0.3859168 0.060427301 -0.79276043 210 210 210
-0.305682 1.2693437 -0.17362335 210 210 210
-0.30064848 0.093542151 -0.82655442 210 210 210
-0.2641713 1.1263821 -0.20617761 210 210 210
0.13122742 0.2367865 -0.64314175 210 210 210
0.28659794 0.57277298 -0.39933532 210 210 210
-0.25843427 0.99347764 -0.23508766 210 210 210
-0.24421149 1.1654173 -0.19715664 210 210 210
-0.19666582 0.40586656 -0.19715445 210 210 210
0.18265437 0.25058743 -0.64709425 210 210 210
-0.14533503 0.038292158 -0.7268315 210 210 210
0.28135377 0.54106265 -0.42940134 210 210 210
-0.31324238 -0.068805061 -0.74647588 210 210 210
-0.27570716 0.0065566739 -0.73261923 210 210 210
-0.35660437 0.60219061 -0.45067143 210 210 210
-0.093195714 0.80598098 -0.37744915 210 210 210
-0.063882418 0.51259804 -0.28786862 210 210 210
-0.17430277 0.4394919 -0.22110638 210 210 210
-0.25112513 0.086641952 -0.7677834 210 210 210
-0.046933144 -0.0016529551 -0.69414848 210 210 210
-0.13779148 -0.095801584 -0.66996926 210 210 210
-0.10798236 0.6232872 -0.45787355 210 210 210
-0.77046824 0.14016503 -0.65835428 210 210 210
-0.169624 0.59258276 -0.63087916 210 210 210
-0.20509812 0.071422607 -0.67437351 210 210 210
-0.21800771 0.089875601 -0.64037716 210 210 210
-0.22166483 0.83993953 -0.32639241 210 210 210
-0.36838707 0.02704899 -0.76800925 210 210 210
-0.012804541 0.52685875 -0.30616644 210 210 210
0.071466491 0.54609597 -0.33653179 210 210 210
0.070935071 0.54922169 -0.33773419 210 210 210
0.22017929 0.53233683 -0.46493915 210 210 210
-0.079912864 0.5160749 -0.59838033 210 210 210
-0.064499326 0.58624327 -0.45358327 210 210 210
-0.1605801 0.0038615169 -0.70365644 210 210 210
-0.25112548 0.80845827 -0.32787162 210 210 210
-0.3237766 0.022342563 -0.75783509 210 210 210
-0.22925971 0.40424255 -0.19770844 210 210 210
-0.25689217 0.30632058 -0.20611443 210 210 210
0.13218054 0.36708722 -0.6633963 210 210 210
-0.97745353 0.88233727 -0.54030722 210 210 210
0.1201714 0.54381818 -0.34889024 210 210 210
-0.24971071 -0.010231415 -0.73963231 210 210 210
-0.28588197 1.1790437 -0.18732759 210 210 210
-0.26008025 0.26824147 -0.60587966 210 210 210
-0.36394033 0.72458696 -0.64034086 210 210 210
-0.29145369 0.84021997 -0.27574149 210 210 210
0.20681602 0.51228166 -0.41614938 210 210 210
-0.069810085 0.52272683 -0.59649569 210 210 210
0.29415315 0.57563972 -0.39309296 210 210 210
-0.17428327 0.3640309 -0.30438262 210 210 210
-0.18631725 0.094433434 -0.68874979 210 210 210
0.29587141 0.56781721 -0.39012125 210 210 210
-0.16263442 0.56015182 -0.63886356 210 210 210
-0.10163074 0.50821388 -0.57750428 210 210 210
0.1605666 0.36994943 -0.6657961 210 210 210
-0.20437102 0.30203989 -0.28243607 210 210 210
-0.072101265 0.56695563 -0.29935533 210 210 210
0.3068001 0.55695146 -0.40080455 210 210 210
-0.14419562 0.7574023 -0.36499327 210 210 210
-0.10668938 0.52406228 -0.60019153 210 210 210
-0.23946369 0.029258434 -0.72610325 210 210 210
-0.31511378 1.2292726 -0.18116303 210 210 210
-0.24015848 0.77062702 -0.24876755 210 210 210
0.016026461 0.5423345 -0.31497684 210 210 210
-0.1309177 0.26219246 -0.3986052 210 210 210
-0.1887335 0.12329783 -0.68992537 210 210 210
0.0033308174 0.17728952 -0.52537221 210 210 210
-0.16350673 0.033745099 -0.73390621 210 210 210
-0.11804889 0.51081419 -0.60208082 210 210 210
-0.28547385 -0.0063375044 -0.75085312 210 210 210
-0.67994332 0.50096828 -0.58350492 210 210 210
-0.27616617 0.9358663 -0.27602887 210 210 210
0.063471101 0.55750561 -0.34851515 210 210 210
-0.20353089 0.39355159 -0.28014392 210 210 210
-0.26511365 0.29890877 -0.22178823 210 210 210
-0.59677422 0.64678979 -0.7381283 210 210 210
0.15667188 0.24345583 -0.64408898 210 210 210
0.0770455 0.16953626 -0.64463156 210 210 210
-0.30274892 0.59494072 -0.46792197 210 210 210
-0.27860683 -0.0083315233 -0.76383305 210 210 210
-0.00237207 0.20984231 -0.62065434 210 210 210
-0.22047581 0.816769 -0.33646068 210 210 210
-0.35752431 0.67768174 -0.4256255 210 210 210
0.10092859 0.55222207 -0.36049727 210 210 210
0.051589582 0.50039279 -0.54908025 210 210 210
-0.041249588 0.043248933 -0.73507369 210 210 210
-0.5556016 -0.52868986 -0.5950737 210 210 210
-0.77146614 1.0819272 -0.62224227 210 210 210
-0.29530841 1.1951287 -0.1865306 210 210 210
-0.73923379 0.30112061 -0.57175684 210 210 210
-0.107618 0.49929178 -0.26792812 210 210 210
-0.04352108 0.55749112 -0.30074808 210 210 210
-0.28535351 0.83424574 -0.29991886 210 210 210
-0.36020094 0.74124879 -0.66208667 210 210 210
0.2245729 0.48168179 -0.40474081 210 210 210
-0.010487215 0.30905929 -0.69585806 210 210 210
-0.24069317 0.049452953 -0.74440551 210 210 210
-0.28621995 1.2004044 -0.18481374 210 210 210
-0.16299994 0.22136292 -0.38053223 210 210 210
-0.23788822 0.060563531 -0.74279737 210 210 210
0.24406491 0.34108257 -0.66235983 210 210 210
-0.040579405 0.53598464 -0.29341519 210 210 210
-0.096218728 0.11107757 -0.68695283 210 210 210
-1.2305332 1.1572983 -0.43725342 210 210 210
0.070449717 0.5134728 -0.5484001 210 210 210
-0.40191671 0.86601126 -0.70030344 210 210 210
-0.8052687 1.1252599 -0.6188826 210 210 210
-0.19896302 0.37447253 -0.19012976 210 210 210
-0.09285181 0.28955686 -0.52769649 210 210 210
-0.26384494 -0.0099523654 -0.80292416 210 210 210
-0.082321621 0.64933699 -0.41772291 210 210 210
0.3651619 -0.35055658 -0.81038624 210 210 210
-0.19818054 0.30695122 -0.28898615 210 210 210
-0.059374467 0.7576555 -0.35199809 210 210 210
-0.13236138 0.51730514 -0.61237848 210 210 210
0.046686836 0.54535216 -0.32183757 210 210 210
0.036571525 0.55894423 -0.32126641 210 210 210
0.20937724 0.51503944 -0.42190015 210 210 210
-0.25824761 0.27000386 -0.20355725 210 210 210
-0.2106864 0.23939882 -0.35591999 210 210 210
-0.2187722 0.40732425 -0.27094004 210 210 210
-0.25816059 0.38298488 -0.23505008 210 210 210
-0.27005193 0.25576997 -0.39822501 210 210 210
0.19387163 0.49475357 -0.40676615 210 210 210
-0.1041504 0.51248997 -0.59953046 210 210 210
0.16928218 0.36975706 -0.64671969 210 210 210
-0.2121129 0.060488228 -0.67253065 210 210 210
-0.13835075 0.54102552 -0.22929245 210 210 210
0.0091631785 0.31089506 -0.68716395 210 210 210
-0.76140189 0.23770702 -0.58799499 210 210 210
0.2374946 0.31321287 -0.65801114 210 210 210
0.12191192 0.21595782 -0.55273861 210 210 210
-0.20214042 0.51017582 -0.2562151 210 210 210
-0.052162196 0.51820463 -0.59020883 210 210 210
-0.24006045 0.37634495 -0.24920106 210 210 210
-0.17034116 0.35325029 -0.30731037 210 210 210
-0.32649651 0.74792385 -0.65001112 210 210 210
-0.18504249 0.045262236 -0.742136 210 210 210
-0.2397556 0.40808481 -0.26699197 210 210 210
-0.099880464 0.1313705 -0.70063633 210 210 210
-0.17472684 0.39178264 -0.30909461 210 210 210
0.22762494 0.52170014 -0.40098837 210 210 210
0.072059885 0.52304542 -0.34228936 210 210 210
-0.097348876 0.49383736 -0.60621887 210 210 210
-0.3209191 0.679142 -0.40155026 210 210 210
-0.37327096 0.018827315 -0.76000553 210 210 210
-0.74704677 0.22325504 -0.57864755 210 210 210
-0.17067435 0.075821385 -0.6934945 210 210 210
-0.25298393 0.86739975 -0.29230085 210 210 210
-0.26690128 0.65149528 -0.48097917 210 210 210
-0.27638823 0.94185698 -0.26256147 210 210 210
-0.43247589 0.71762609 -0.69488704 210 210 210
-0.35107109 0.030793563 -0.76159513 210 210 210
0.22627011 0.38776258 -0.67085797 210 210 210
-0.28946477 1.1831754 -0.18764584 210 210 210
-0.27301085 0.048774414 -0.75366533 210 210 210
-0.0073475777 0.25618458 -0.6761657 210 210 210
-0.21085182 0.69412208 -0.4858782 210 210 210
-0.53875548 0.55122262 -0.65198195 210 210 210
0.033235524 0.075265162 -0.71148759 210 210 210
-0.2692053 0.3204996 -0.31242961 210 210 210
-0.075381145 0.5716216 -0.30357587 210 210 210
-0.26280338 0.38233942 -0.35284677 210 210 210
-0.44309849 0.75437039 -0.67485815 210 210 210
-0.80231547 0.06680268 -0.61478454 210 210 210
0.035636924 -0.34170899 -0.75534433 210 210 210
-0.29554924 -0.02254745 -0.69577479 210 210 210
-0.09732338 0.49793518 -0.27376294 210 210 210
-0.17724885 0.54204082 -0.26626611 210 210 210
-0.11408317 -0.81309134 -0.78965259 210 210 210
-0.31189024 0.28857836 -0.26348069 210 210 210
-0.45935151 0.68821764 -0.67823619 210 210 210
-0.45784348 0.49217066 -0.49743673 210 210 210
-0.41204894 0.0014017837 -0.82177901 210 210 210
-0.30254385 0.032935005 -0.75807732 210 210 210
-0.3739197 -0.036591388 -0.75432652 210 210 210
-0.01455976 0.24396038 -0.66657549 210 210 210
-0.30433282 -0.044251155 -0.72408104 210 210 210
-0.33763248 -0.095403224 -0.70926911 210 210 210
-0.44484517 -0.050006665 -0.79066372 210 210 210
-0.27685586 0.024262115 -0.73327184 210 210 210
-0.82144922 0.067203358 -0.61947942 210 210 210
-0.85039061 0.081896804 -0.60089022 210 210 210
-0.042745475 0.29435176 -0.67627925 210 210 210
-0.23578058 0.092183962 -0.70484453 210 210 210
-0.16741924 0.075173788 -0.6935209 210 210 210
-0.8258279 0.060434137 -0.66641676 210 210 210
-0.25919503 0.37690672 -0.23451184 210 210 210
-0.18804173 0.52961409 -0.25497904 210 210 210
-0.010593452 0.28466064 -0.68095928 210 210 210
-0.21389312 0.51861554 -0.29773659 210 210 210
-0.29245439 0.29875329 -0.40457994 210 210 210
-0.17430517 0.025384353 -0.73666811 210 210 210
-0.11367834 0.50880051 -0.60403091 210 210 210
-0.44399005 0.59476203 -0.44882384 210 210 210
-0.021119753 0.23352031 -0.6770103 210 210 210
-0.22931722 0.062863022 -0.74646449 210 210 210
-0.38179445 -0.029196497 -0.76315606 210 210 210
-0.46089351 0.72745371 -0.69430435 210 210 210
-0.20287015 0.11427602 -0.68076736 210 210 210
-0.51628429 -0.10697209 -0.91142207 210 210 210
-0.64573812 0.70677257 -0.69135976 210 210 210
-0.37978312 0.038815148 -0.82135338 210 210 210
-0.51889217 0.71677625 -0.75333548 210 210 210
-0.013238157 0.28200465 -0.67821413 210 210 210
-0.23972645 0.083385803 -0.70337105 210 210 210
-0.44744739 -0.022152571 -0.79661417 210 210 210
-0.14908259 0.21399823 -0.72345102 210 210 210
-0.1971063 0.34059229 -0.27250347 210 210 210
-0.21321951 0.41611856 -0.26421335 210 210 210
0.057680637 0.54498863 -0.33035803 210 210 210
-0.026569154 0.54249197 -0.29857004 210 210 210
-0.24955624 0.39981443 -0.25101495 210 210 210
-0.25756505 0.337327 -0.20950219 210 210 210
-0.48494816 0.62638241 -0.69638944 210 210 210
-0.39526671 0.45624569 -0.60953981 210 210 210
0.18350978 0.4776704 -0.40317214 210 210 210
0.11980785 0.44798461 -0.45028052 210 210 210
-0.72949582 0.71355152 -0.62562144 210 210 210
-0.29974228 -0.07610669 -0.74665105 210 210 210
-0.22621211 -0.047426842 -0.74833357 210 210 210
-0.25805739 -0.019720394 -0.74015868 210 210 210
-0.12482918 0.51264656 -0.61081761 210 210 210
-0.17856082 0.024706254 -0.70094442 210 210 210
-0.11223605 0.75757587 -0.37508142 210 210 210
-0.25131801 0.096024297 -0.7565133 210 210 210
-0.31601065 0.024199581 -0.77747941 210 210 210
0.0003572818 0.22795846 -0.64285749 210 210 210
0.13437119 0.36940879 -0.6644901 210 210 210
-0.8202498 0.046115763 -0.60364777 210 210 210
-0.23199168 0.13647541 -0.74413258 210 210 210
-0.86027533 0.074142441 -0.59533823 210 210 210
-0.46125233 -0.042910758 -0.80112082 210 210 210
-0.27185327 0.099043444 -0.68599069 210 210 210
-0.74086159 0.80361694 -0.61570656 210 210 210
-0.29347205 0.065556817 -0.78676796 210 210 210
-0.82774889 0.074431278 -0.62421346 210 210 210
-0.021832358 0.29046661 -0.68073821 210 210 210
-0.11655279 0.72050291 -0.45519626 210 210 210
-0.1895816 0.36412874 -0.26671582 210 210 210
-0.23213324 0.35778832 -0.26444739 210 210 210
-0.01861817 -0.82401103 -0.95203966 210 210 210
-0.19835696 0.38412762 -0.19441663 210 210 210
-0.29094177 0.26675045 -0.35484964 210 210 210
-0.0043935268 0.052550517 -0.56511438 210 210 210
-0.41876245 0.41179594 -0.58785474 210 210 210
-0.21291804 0.4266625 -0.30988738 210 210 210
-0.30521363 0.28660625 -0.26667809 210 210 210
-0.31808823 0.28728786 -0.27042922 210 210 210
-0.086894691 -0.017683556 -0.63021588 210 210 210
-0.32268098 0.31607938 -0.27365053 210 210 210
0.25086552 0.54038894 -0.40815204 210 210 210
-0.52859163 0.56767327 -0.43477008 210 210 210
0.13254271 0.28313175 -0.65983582 210 210 210
-0.20092931 -0.040648136 -0.75758249 210 210 210
-0.27165806 -0.020646507 -0.78096008 210 210 210
-0.38954607 0.0019427877 -0.77983952 210 210 210
-0.20325735 0.14917605 -0.76168269 210 210 210
-0.29370165 0.04330289 -0.74860615 210 210 210
-1.0771632 0.79185337 -0.55624712 210 210 210
-0.30145225 0.85024256 -0.28903416 210 210 210
-0.19810569 0.77522707 -0.36724186 210 210 210
-0.0010574996 0.27119204 -0.66129029 210 210 210
-0.90511101 1.0698168 -0.66344112 210 210 210
0.14053413 0.52921361 -0.45878568 210 210 210
-0.39995316 0.85884345 -0.64287066 210 210 210
-0.094167322 0.5977897 -0.60739148 210 210 210
-0.22817925 0.21162516 -0.42840728 210 210 210
-0.32897633 0.082714237 -0.78776276 210 210 210
-0.18497972 0.38005665 -0.27780455 210 210 210
-0.21185288 0.38160324 -0.2768133 210 210 210
-0.28905433 0.23776887 -0.32449853 210 210 210
-0.31511262 0.14938322 -0.76868671 210 210 210
0.041491076 0.55524349 -0.32418904 210 210 210
0.20973743 0.55357343 -0.36101186 210 210 210
-0.39636526 0.44566086 -0.60514432 210 210 210
-0.40184903 0.46560913 -0.61201352 210 210 210
-0.47342467 0.68079263 -0.70713609 210 210 210
0.28637522 0.55967748 -0.39068994 210 210 210
-0.5949229 0.64724481 -0.58674115 210 210 210
-0.15933295 0.79361361 -0.35033154 210 210 210
-0.58564502 0.73412305 -0.62693405 210 210 210
-0.8487671 0.05347399 -0.59925508 210 210 210
-0.50592268 0.72653055 -0.70396167 210 210 210
-0.27204642 0.66807652 -0.40655169 210 210 210
-0.88030732 -0.13651706 -0.58664638 210 210 210
-0.51747012 0.71363997 -0.706204 210 210 210
-0.22335066 0.86317939 -0.30682561 210 210 210
-0.81168187 0.063032687 -0.61188942 210 210 210
-0.80089796 0.068711698 -0.62530553 210 210 210
-0.17585129 0.29815453 -0.37577358 210 210 210
-0.25719768 0.34420031 -0.24838996 210 210 210
-0.43765214 0.48514295 -0.62559599 210 210 210
-0.70437396 0.48143059 -0.58401793 210 210 210
-0.83861637 -0.017090019 -0.64127189 210 210 210
-0.30380532 0.32309529 -0.3415685 210 210 210
-0.24692786 0.69185251 -0.40382174 210 210 210
-0.30114913 0.84596425 -0.28851059 210 210 210
-0.82015306 0.06425786 -0.61006731 210 210 210
-0.79767334 0.094791211 -0.63937396 210 210 210
-0.17511603 0.33352339 -0.39644819 210 210 210
-0.48886409 0.31575692 -0.54171008 210 210 210
-0.86341453 -0.015417744 -0.62480575 210 210 210
-0.40400428 0.59815621 -0.40088379 210 210 210
-0.25172698 0.093374193 -0.76775599 210 210 210
0.23690845 -0.037683703 -0.79524243 210 210 210
-0.28279895 -0.1365374 -0.72923076 210 210 210
-0.29665807 0.087610289 -0.75842381 210 210 210
-0.27022654 0.27140903 -0.20102651 210 210 210
0.21511751 0.384435 -0.66956884 210 210 210
-0.27128521 0.2791048 -0.29711068 210 210 210
-0.25586611 0.74531543 -0.3650462 210 210 210
-0.25948033 0.40128762 -0.24435584 210 210 210
-0.15945545 0.021884236 -0.7391786 210 210 210
-0.2938779 0.15583803 -0.39987171 210 210 210
-0.055198975 -0.46331733 -0.84671241 210 210 210
-0.41719076 -0.043392867 -0.7853052 210 210 210
-0.01252898 0.23060776 -0.66804606 210 210 210
-0.014475481 0.24732633 -0.67336065 210 210 210
-0.44314346 -0.049618881 -0.78898984 210 210 210
-0.79966962 0.85123664 -0.61368155 210 210 210
-0.18470873 0.19109596 -0.73571759 210 210 210
-0.16687132 0.21497071 -0.73631966 210 210 210
-0.13673602 0.36153132 -0.68545109 210 210 210
0.06874799 0.41480342 -0.68114048 210 210 210
-0.1043217 0.56359291 -0.2922987 210 210 210
0.14511217 0.24009003 -0.64193571 210 210 210
-0.14225659 0.055611759 -0.72428089 210 210 210
-0.30174023 0.094836973 -0.82684255 210 210 210
-0.017231625 0.23740694 -0.67102015 210 210 210
-0.32072371 -0.0011588185 -0.77028131 210 210 210
-0.0075032488 0.25772408 -0.67512578 210 210 210
-0.29847297 -0.0058667278 -0.76595706 210 210 210
-0.43809724 0.31716508 -0.56100321 210 210 210
-0.40978298 0.79118156 -0.64408123 210 210 210
-0.45280498 0.8627401 -0.67903924 210 210 210
-0.2775729 0.97997576 -0.25669405 210 210 210
-0.11441458 0.23513231 -0.7140376 210 210 210
0.013296901 0.29737389 -0.68035781 210 210 210
-0.22328316 0.11208011 -0.77735424 210 210 210
-0.23075195 0.19902293 -0.7618897 210 210 210
-0.49986401 0.79603964 -0.6723457 210 210 210
-0.1976165 0.12362394 -0.68658775 210 210 210
-0.20634967 0.48558193 -0.36791182 210 210 210
0.099516638 0.54619777 -0.34426335 210 210 210
0.24192628 0.53077275 -0.39914533 210 210 210
-0.08962962 0.018980188 -0.73799574 210 210 210
-0.28841248 -0.079093575 -0.73987752 210 210 210
-0.2294829 -0.0018603153 -0.73947495 210 210 210
-0.66373324 0.5688498 -0.60083771 210 210 210
-0.19150943 0.83085763 -0.3343122 210 210 210
-0.49512884 0.75398958 -0.67842638 210 210 210
-0.0057873987 0.2646459 -0.67538178 210 210 210
-0.52897865 0.24242307 -0.49036437 210 210 210
-0.82867473 0.068800054 -0.61933213 210 210 210
-0.44245872 0.68012595 -0.40055642 210 210 210
-0.0058897627 0.27274647 -0.65621793 210 210 210
-0.35797089 0.0133684 -0.75141722 210 210 210
-0.018851731 0.2888836 -0.64901072 210 210 210
-0.090239108 0.28852645 -0.53032714 210 210 210
-0.35974199 0.041569043 -0.76860917 210 210 210
0.051848106 0.54343802 -0.32798892 210 210 210
-0.25683922 0.16835128 -0.76432776 210 210 210
-0.70207131 0.76227468 -0.51831985 210 210 210
-0.057658263 -0.4597019 -0.84652942 210 210 210
-0.32092899 0.70746523 -0.26503292 210 210 210
-0.2588501 0.10065186 -0.68045348 210 210 210
-0.25871035 0.30801091 -0.20699073 210 210 210
0.023579724 0.56476486 -0.31931937 210 210 210
-0.36804572 -0.27578202 -0.82418495 210 210 210
-0.3608658 0.72317731 -0.67669082 210 210 210
-0.68528938 0.52493691 -0.58660948 210 210 210
-0.12154414 0.51644081 -0.60765648 210 210 210
-0.21192957 0.054010976 -0.71170717 210 210 210
-0.0024473791 0.22516048 -0.6402728 210 210 210
-0.24716127 0.034757692 -0.63869649 210 210 210
-0.67801774 0.3215766 -0.57702762 210 210 210
-0.0056483196 0.26444244 -0.66555393 210 210 210
-0.43329105 0.61174947 -0.4702132 210 210 210
-0.11701086 -0.81157774 -0.77563995 210 210 210
-0.05405163 -0.45543319 -0.84465617 210 210 210
0.18116124 0.40703425 -0.66010237 210 210 210
-0.46271831 0.78945798 -0.68904603 210 210 210
-0.83835673 0.09321513 -0.62266427 210 210 210
-0.2499336 1.1765707 -0.19195849 210 210 210
-0.21767062 1.1269984 -0.20538388 210 210 210
0.0087247435 0.28476349 -0.66401291 210 210 210
-0.92765236 0.14221072 -0.59773177 210 210 210
-0.34009835 0.8682391 0.24794696 210 210 210
0.087747455 0.42715266 -0.68252915 210 210 210
-0.047202125 0.5216338 -0.29069141 210 210 210
-0.23551463 0.44106552 -0.22164246 210 210 210
-0.0086961631 0.33435875 -0.70583153 210 210 210
-0.31470114 0.0067956313 0.08545883 210 210 210
-0.23329522 0.23187447 -0.19399528 210 210 210
0.12823176 0.21955012 -0.68778205 210 210 210
-0.28058201 -0.0057876762 -0.73611087 210 210 210
-0.1264317 0.51204562 -0.60922217 210 210 210
-0.65981293 0.68476546 -0.66784412 210 210 210
-0.33365312 0.79949856 -0.30070084 210 210 210
-0.29967457 0.045756306 -0.78318799 210 210 210
-0.18323009 0.20386763 -0.4013716 210 210 210
-0.0035508391 0.2700986 -0.67903036 210 210 210
-0.42365655 0.60224724 -0.46861246 210 210 210
0.06855803 0.55405968 -0.33461177 210 210 210
-0.29482275 1.1702256 -0.19194366 210 210 210
-0.74949002 0.94718903 -0.57093108 210 210 210
-0.29581404 0.080321521 -0.74668956 210 210 210
-0.057951007 0.34172401 -0.69680399 210 210 210
0.041799728 0.39591023 -0.66221237 210 210 210
-0.027032929 0.32117161 -0.69466048 210 210 210
-0.24466734 1.1099961 -0.21512866 210 210 210
-0.35278782 0.56900114 -0.48219794 210 210 210
-0.26299143 0.29055545 -0.21696684 210 210 210
-0.18952996 0.41522175 -0.20422436 210 210 210
-0.041626129 -0.4761754 -0.83990747 210 210 210
-0.24161641 -0.163389 -0.67600769 210 210 210
-0.22939688 0.013126582 -0.74746692 210 210 210
-0.0084636109 0.19886521 -0.60905784 210 210 210
-0.2307722 0.092878938 -0.62528616 210 210 210
-0.23630609 0.27119899 -0.60492754 210 210 210
-0.4878248 0.75679463 -0.70505482 210 210 210
-0.88819611 1.0853248 -0.67255759 210 210 210
-0.30820057 0.08045169 -0.7908653 210 210 210
-0.26662436 0.99755102 -0.25766543 210 210 210
-0.12905738 0.2397189 -0.72414589 210 210 210
-0.055604909 -0.47719544 -0.83934546 210 210 210
-1.2326539 1.1533644 -0.43775705 210 210 210
-0.13534474 -0.062814876 -0.63962919 210 210 210
-0.15954925 -0.0031613221 -0.74306595 210 210 210
0.2937395 0.57653397 -0.39370394 210 210 210
-0.46873266 -0.070313811 -0.78118747 210 210 210
-1.0847396 0.78449064 -0.56475151 210 210 210
-0.82917196 0.079032771 -0.62535137 210 210 210
-0.47547799 0.66931903 -0.71796834 210 210 210
-0.016657347 0.29928017 -0.64299864 210 210 210
-0.20141561 0.47645071 -0.33512214 210 210 210
-0.37823474 -0.026983313 -0.79636264 210 210 210
-0.1479637 -0.068852641 -0.62528139 210 210 210
-0.25998899 0.89018726 -0.2882655 210 210 210
-0.1747226 0.32451853 -0.70808232 210 210 210
-0.19135724 0.91832632 -0.31548506 210 210 210
-0.22872719 -0.074182801 -0.71443105 210 210 210
-0.4706209 0.78957647 -0.68757278 210 210 210
-0.0053301123 0.25139529 -0.66809499 210 210 210
-0.27514008 0.2778987 -0.34059164 210 210 210
-0.31472611 -0.054039404 -0.74880022 210 210 210
-0.06617786 0.62706268 -0.59018731 210 210 210
-0.70463049 0.47698885 -0.58357799 210 210 210
-0.66750222 0.57411563 -0.66142815 210 210 210
-0.1064224 0.54346049 -0.28527489 210 210 210
-0.33474576 -0.02477954 -0.75915682 210 210 210
-0.20729609 -0.018692445 -0.74028713 210 210 210
-0.52876645 -0.31712615 -0.77051663 210 210 210
-0.46580344 -0.14340089 -0.81622726 210 210 210
-0.088689767 0.51395458 -0.60387003 210 210 210
-0.3315213 -0.016811969 -0.75694662 210 210 210
-0.28268176 -0.058477022 -0.69848728 210 210 210
-0.27266932 -0.0070211627 -0.74488771 210 210 210
-0.93023902 -0.1711679 -0.53109103 210 210 210
-0.2289988 0.042174436 -0.65155804 210 210 210
-0.27073887 0.55451709 -0.41025141 210 210 210
-0.094236925 0.67072976 -0.40134695 210 210 210
-0.20631495 0.072201982 -0.67353666 210 210 210
-0.33315817 -0.015046064 -0.75667942 210 210 210
-0.22729841 0.04145496 -0.65190756 210 210 210
-0.032693986 -0.82729495 -0.94941181 210 210 210
-0.44066653 -0.10842171 -0.50500196 210 210 210
-0.42097098 -0.15465118 -0.80616963 210 210 210
0.052561894 0.55098569 -0.32575125 210 210 210
-0.56704205 0.73221689 -0.69218957 210 210 210
-0.192396 0.43339294 -0.20692906 210 210 210
-0.11138342 0.56373781 -0.29079083 210 210 210
-0.91453916 0.89824837 -0.66670167 210 210 210
-0.37133023 0.76413411 -0.27113339 210 210 210
-0.15421253 -0.0036647762 -0.7490589 210 210 210
-0.16986132 0.22498101 -0.37575898 210 210 210
-0.31826478 0.49922273 -0.66446531 210 210 210
-0.18888348 0.15634578 -0.75439405 210 210 210
-0.29896602 1.2210352 -0.18039092 210 210 210
-0.25115019 0.87006986 -0.19992852 210 210 210
0.02287739 -0.039478023 -0.57657892 210 210 210
-0.42603946 0.39886671 -0.60720623 210 210 210
0.024832416 0.54010302 -0.31926614 210 210 210
-0.52721465 0.27320194 -0.48138517 210 210 210
-0.39824709 -0.13442527 -0.75604647 210 210 210
-0.3022947 0.28043512 -0.31251815 210 210 210
0.13527435 0.22864504 -0.65386772 210 210 210
-0.26321054 0.32488483 -0.20325337 210 210 210
-0.24664593 0.48002645 -0.2882973 210 210 210
-0.32711476 -0.14388154 -0.70285362 210 210 210
-0.22645088 0.021916671 -0.71914196 210 210 210
-0.079275668 0.5200128 -0.5982371 210 210 210
-0.36925673 -0.033013828 -0.75363404 210 210 210
-0.020583609 0.23238844 -0.67011946 210 210 210
-0.27415657 1.09673 -0.20072532 210 210 210
-0.23915659 0.09324757 -0.62934911 210 210 210
-0.39638478 0.29487985 -0.52026403 210 210 210
-0.21207741 0.301254 -0.26134646 210 210 210
-0.17811629 0.3845996 -0.30913603 210 210 210
-0.24343728 -0.021062003 -0.77147675 210 210 210
-0.97485399 0.86867583 -0.5831936 210 210 210
-0.053629193 -0.46289361 -0.84710944 210 210 210
-0.2297173 0.12262613 -0.62637615 210 210 210
-0.26915085 -0.085504025 -0.70516068 210 210 210
-0.27498904 0.25204682 -0.3542293 210 210 210
-0.8143059 0.045181122 -0.61745042 210 210 210
-0.042879727 0.56096452 -0.31103349 210 210 210
-0.098997816 0.49455982 -0.60713446 210 210 210
-0.76685375 -0.028377943 -0.66886246 210 210 210
-0.28156722 0.59487635 -0.39393502 210 210 210
-0.0091694249 0.53312963 -0.30665955 210 210 210
-0.085800894 0.5166446 -0.59179354 210 210 210
-0.30119747 -0.026936777 -0.73327243 210 210 210
-0.85876536 -0.01421188 -0.64085656 210 210 210
-0.032563925 0.25385705 -0.69961309 210 210 210
-0.14461879 -0.026977878 -0.62566966 210 210 210
-0.23377623 0.14897324 -0.39307004 210 210 210
-0.69457084 0.30705869 -0.57832181 210 210 210
-0.26854536 0.95175505 -0.1852707 210 210 210
-0.21145865 0.33127904 -0.39812031 210 210 210
-0.24494641 -0.024620907 -0.77490354 210 210 210
-0.43766475 -0.15612343 -0.89963967 210 210 210
-0.1411463 0.76655781 -0.29656407 210 210 210
-0.28112066 0.29555702 -0.40330923 210 210 210
0.17816676 0.2445765 -0.63960749 210 210 210
-0.22573954 -0.040695023 -0.73163837 210 210 210
0.20392467 0.51244491 -0.4239293 210 210 210
-0.74993026 -0.021408342 -0.66359365 210 210 210
0.31194714 0.58214539 -0.39098692 210 210 210
-0.77790499 1.0261021 -0.60622495 210 210 210
-0.29189199 0.050832324 -0.72470415 210 210 210
-0.10479017 -0.87747246 -0.88159412 210 210 210
-0.27384558 0.84496099 -0.19536957 210 210 210
-0.41286883 -0.11040024 -0.55012107 210 210 210
-0.46189314 0.62860668 -0.67947417 210 210 210
-0.21270701 0.47026446 -0.37634093 210 210 210
0.29173294 0.54819703 -0.38511434 210 210 210
-0.3081359 0.015168611 -0.75335133 210 210 210
0.15650849 0.37387285 -0.64651042 210 210 210
-0.638331 0.35489076 -0.61827016 210 210 210
-0.21894462 0.38438502 -0.38591918 210 210 210
0.18797646 0.53916568 -0.3601495 210 210 210
-0.062219273 0.51241219 -0.59215891 210 210 210
-0.060286127 0.54325241 -0.59619117 210 210 210
-0.14904639 0.38154006 -0.2939719 210 210 210
-0.22872475 0.03930819 -0.7458899 210 210 210
-0.0033983276 0.26515982 -0.67451328 210 210 210
-0.52270037 0.62939757 -0.70050764 210 210 210
0.1608692 0.47312653 -0.42344883 210 210 210
-0.26343924 0.34425867 -0.20056301 210 210 210
-0.26497179 0.44713232 -0.26406482 210 210 210
-0.76448536 -0.019536072 -0.67005533 210 210 210
-0.049904253 -0.45740145 -0.84910035 210 210 210
-0.048965123 -0.46962547 -0.84307599 210 210 210
-0.28488749 0.054693639 -0.76211965 210 210 210
-0.25165692 0.087478712 -0.71917343 210 210 210
-0.21746658 0.028097956 -0.78338838 210 210 210
-0.25937828 0.25616243 -0.36953983 210 210 210
-0.27034017 0.27534929 -0.21082726 210 210 210
-0.25252712 0.41532898 -0.2975176 210 210 210
-0.17401206 0.007334928 -0.76310748 210 210 210
-0.16219524 0.028066548 -0.73806 210 210 210
-0.81149679 1.0365069 -0.61436594 210 210 210
-0.23738182 0.1122035 -0.73686773 210 210 210
-0.39800715 -0.17124608 -0.75314927 210 210 210
-0.24201797 0.39863917 -0.25969216 210 210 210
-0.012091931 0.15442879 -0.54397988 210 210 210
-0.34413171 0.79204351 -0.28812659 210 210 210
-0.23800777 0.030422665 -0.74476969 210 210 210
-0.26077297 0.71266103 -0.38039473 210 210 210
-0.87086904 1.0869943 -0.67003548 210 210 210
-0.8368547 0.072838821 -0.61176246 210 210 210
-0.22352603 0.37205356 -0.26578262 210 210 210
-0.30888414 0.0031970183 -0.77180159 210 210 210
-0.2909795 0.70090753 -0.31957105 210 210 210
0.082214884 0.55232227 -0.33901283 210 210 210
-0.76352429 -0.027926393 -0.66662234 210 210 210
-0.15826565 -0.013816767 -0.75142092 210 210 210
-0.1110925 0.62023067 -0.43955874 210 210 210
-0.52455634 0.65797377 -0.71556836 210 210 210
-0.44503117 0.007551223 -0.82723993 210 210 210
-0.40809053 0.0017271815 -0.81887686 210 210 210
-0.22533475 0.85903895 -0.30747131 210 210 210
-0.45219484 -0.18460754 -0.51934093 210 210 210
-0.21015669 0.54430234 -0.31496415 210 210 210
-0.38367456 0.43373609 -0.60271746 210 210 210
0.095776886 0.27383843 -0.4903006 210 210 210
-0.32944694 -0.051019732 -0.75172347 210 210 210
-0.38854608 -0.03348352 -0.77164775 210 210 210
-0.0028184603 0.27196154 -0.67862236 210 210 210
-0.010843652 0.27761126 -0.67690361 210 210 210
-0.3670921 0.013886331 -0.75941002 210 210 210
-0.096712194 0.81438285 -0.37190983 210 210 210
-0.31550911 0.62297547 -0.35184038 210 210 210
-0.26682323 -0.0824541 -0.7240274 210 210 210
-0.47961673 0.69714582 -0.6855427 210 210 210
-0.26571223 0.80498111 -0.32365912 210 210 210
-0.2620737 -1.196231 -0.50143051 210 210 210
-0.1444038 0.28241187 -0.33135229 210 210 210
-0.39896014 -0.17855133 -0.76325768 210 210 210
-0.2104447 0.45352158 -0.27054393 210 210 210
-0.73331916 0.22423269 -0.57759029 210 210 210
-0.40536028 0.60612398 -0.39669934 210 210 210
-0.69611239 0.73492736 -0.6199134 210 210 210
-0.2565695 0.24683213 -0.37642857 210 210 210
-0.26052895 0.87793124 -0.29161435 210 210 210
-0.28366044 0.83588707 -0.301606 210 210 210
-0.8438856 0.095216967 -0.61793572 210 210 210
-0.38757715 -0.17258947 -0.75329542 210 210 210
-0.59973097 0.723809 -0.73104364 210 210 210
-0.1291998 0.30842352 -0.343454 210 210 210
-0.19731456 0.36099344 -0.26063365 210 210 210
-0.17317472 0.42438003 -0.27568111 210 210 210
-0.23682229 0.095385745 -0.62574524 210 210 210
-0.20530196 0.37702581 -0.1890538 210 210 210
-0.19493301 0.43857816 -0.20912607 210 210 210
-0.28170496 0.25328228 0.074335329 210 210 210
-0.13215345 0.33440381 -0.3577345 210 210 210
-0.18999287 0.31994224 -0.29164633 210 210 210
-0.3423343 0.075206868 -0.47695088 210 210 210
-0.30774006 0.68792123 -0.2737641 210 210 210
-0.31386486 0.66171992 -0.31239879 210 210 210
-0.29260725 -0.016032591 -0.75894076 210 210 210
-0.17440574 0.53135997 -0.25723872 210 210 210
-0.21278206 0.42529067 -0.30908802 210 210 210
-0.10253462 -0.87404257 -0.88934129 210 210 210
-0.30031842 0.28713307 -0.29922682 210 210 210
-0.27610132 0.38275951 -0.20785156 210 210 210
-0.25844431 -0.020261761 -0.74177718 210 210 210
-0.014662931 0.21838383 -0.67329961 210 210 210
-0.18733796 0.58680689 -0.27667353 210 210 210
-0.1917814 0.30372107 -0.30366853 210 210 210
-0.47394285 0.39008415 -0.61799264 210 210 210
-0.29607952 0.14829741 -0.40204349 210 210 210
0.2302784 0.55335826 -0.36064485 210 210 210
-0.13250715 0.78867704 -0.28876039 210 210 210
-0.029697744 0.54047048 -0.2968719 210 210 210
-0.38421917 0.34131539 -0.46032089 210 210 210
-0.49775606 0.26811314 -0.48909286 210 210 210
-0.062880106 0.55267394 -0.29747152 210 210 210
-0.24729873 0.19068466 -0.72185761 210 210 210
0.1666593 0.52373594 -0.46224943 210 210 210
-0.097155228 0.54790378 -0.60906941 210 210 210
-0.15469976 0.27590519 -0.32841557 210 210 210
-0.27152789 -0.1103128 -0.66113436 210 210 210
-0.27051911 0.15909268 -0.3800588 210 210 210
-0.26629001 0.14545047 -0.49780884 210 210 210
-0.10342309 0.29795176 -0.2014804 210 210 210
-0.19442359 0.35583279 -0.25949109 210 210 210
-0.28552893 -0.053646728 -0.70321208 210 210 210
-0.035222892 0.52057791 -0.29802361 210 210 210
0.05663646 0.53576958 -0.33426759 210 210 210
-0.25440502 -0.022373792 -0.78247178 210 210 210
-0.22855696 0.46966049 -0.22010005 210 210 210
-0.15974963 0.48542807 -0.23611747 210 210 210
-0.19852969 0.11440693 -0.68413132 210 210 210
-0.28484234 0.25237179 -0.39322427 210 210 210
-0.29823399 0.27511802 -0.31860739 210 210 210
-0.30013919 0.31700325 -0.28107354 210 210 210
-0.76658773 -0.029012427 -0.6952405 210 210 210
-0.061113521 0.46857649 -0.43912014 210 210 210
-0.35153872 -0.025183246 -0.76794291 210 210 210
-0.33942929 0.79890162 -0.29572454 210 210 210
-0.18094537 0.3673262 -0.32322171 210 210 210
-0.068662874 0.50371277 -0.33918676 210 210 210
-0.18405229 0.60939723 -0.30537236 210 210 210
-0.45208585 -0.18585889 -0.51789451 210 210 210
-0.16302158 0.40259162 -0.19512853 210 210 210
-0.39969128 -0.18484417 -0.76438719 210 210 210
-0.2470516 -0.041654404 -0.76304251 210 210 210
-0.42194107 0.44926068 -0.61951917 210 210 210
-0.30660692 0.14553712 -0.43672061 210 210 210
-0.21026815 0.47319973 -0.39000231 210 210 210
-0.28506547 0.27356505 -0.31636578 210 210 210
-0.90658444 0.85975975 -0.6481095 210 210 210
-0.23896268 0.48198584 -0.29312772 210 210 210
-0.2309736 0.023353176 -0.72396666 210 210 210
-0.34184292 0.78918862 -0.29398045 210 210 210
-0.13756792 0.29672125 -0.37268955 210 210 210
-0.31166676 0.16276032 -0.40853518 210 210 210
-0.20862716 0.55667472 -0.25180456 210 210 210
-0.21197656 0.3423807 -0.29289335 210 210 210
-0.09770789 0.49886581 -0.27391088 210 210 210
-0.19280012 0.40757823 -0.20467322 210 210 210
-0.32639033 0.72094101 -0.25474054 210 210 210
-0.21007895 0.47184822 -0.36617604 210 210 210
-0.35451955 0.74638838 -0.28102219 210 210 210
-0.27717194 0.34299356 -0.38696405 210 210 210
-0.29433301 0.39830625 -0.28065366 210 210 210
0.059009589 0.22727306 -0.6013844 210 210 210
-0.1542006 -0.064375639 -0.62577605 210 210 210
-0.82991213 -0.26366186 0.14498723 210 210 210
-0.35090774 0.14480707 -0.30380371 210 210 210
-0.16304046 -0.05276214 -0.78784573 210 210 210
-0.46043348 0.65673077 -0.68316603 210 210 210
0.014211915 0.55616367 -0.56243068 210 210 210
-0.17950664 0.31207389 -0.40446874 210 210 210
-0.28586414 -0.026251797 -0.73372978 210 210 210
-0.30444628 0.29223955 -0.31124926 210 210 210
-0.19693336 0.33869374 -0.28928331 210 210 210
-0.29325825 -0.062611721 -0.78646791 210 210 210
-0.21541703 0.33979237 -0.28360066 210 210 210
-0.20829578 0.40301356 -0.28970072 210 210 210
0.29265496 0.5468049 -0.38953587 210 210 210
0.063918807 0.55180269 -0.33320999 210 210 210
-0.30545229 0.31582338 -0.35140038 210 210 210
-0.25656721 0.30622697 -0.20633329 210 210 210
-0.27064711 0.055658869 -0.75519663 210 210 210
-0.16952115 0.059386004 -0.68898988 210 210 210
-0.17358233 0.07598272 -0.69177574 210 210 210
-0.22345568 0.43294078 -0.20357718 210 210 210
-0.30388245 0.30492681 -0.31472453 210 210 210
-0.2055739 0.014159464 -0.74473041 210 210 210
-0.55553311 0.68104506 -0.60660416 210 210 210
-0.0075114407 0.25795972 -0.67471904 210 210 210
-0.11280227 0.12062811 -0.61304921 210 210 210
-0.28390527 0.12951581 -0.42486557 210 210 210
-0.25821793 -0.043283705 -0.74483639 210 210 210
-0.18484494 0.057562549 -0.70345283 210 210 210
-0.48889017 0.24596158 -0.50414407 210 210 210
-0.21432158 0.37198719 -0.18778159 210 210 210
-0.30840629 0.67434496 -0.30009064 210 210 210
-0.59746581 -0.37904626 -0.67119533 210 210 210
-0.46419463 0.64840019 -0.68288946 210 210 210
-0.11986662 -0.048052464 -0.64532387 210 210 210
0.42824003 0.13290323 -0.82470918 210 210 210
-0.2599178 0.53732592 -0.31114766 210 210 210
-0.93877822 0.60645479 -0.51545072 210 210 210
-0.498671 0.66978854 -0.70758259 210 210 210
-0.24923776 0.0051037241 -0.73659903 210 210 210
-0.45051759 0.72539806 -0.70673472 210 210 210
-0.13121058 -0.02900455 -0.67114574 210 210 210
-0.64070451 0.40001175 -0.63249069 210 210 210
-0.83617282 0.059215993 -0.61239016 210 210 210
-0.19950905 0.11228576 -0.68234658 210 210 210
-0.1345157 0.090124317 -0.67184949 210 210 210
-0.21050088 0.35733923 -0.3083604 210 210 210
-0.17113955 0.074847572 -0.69312197 210 210 210
-0.16809338 0.085593037 -0.69596851 210 210 210
-0.25889355 0.36809799 -0.23681463 210 210 210
-0.4575783 -0.11439793 -0.9084422 210 210 210
-0.25753969 0.18309627 -0.72158176 210 210 210
-0.90681082 0.90207851 -0.66867763 210 210 210
-0.3095617 0.28512937 -0.25465965 210 210 210
-0.83088887 -0.015089396 -0.64515293 210 210 210
-0.2031907 0.11698119 -0.70735478 210 210 210
-0.33403987 0.76618874 -0.30989599 210 210 210
-0.41489533 -0.040237036 -0.76231134 210 210 210
-0.30511847 0.046037603 -0.77928358 210 210 210
0.20596164 0.11520426 -0.65173876 210 210 210
-0.41873524 0.71281177 -0.38097733 210 210 210
-0.075870447 0.58640754 -0.33234647 210 210 210
-0.33470547 -0.17406151 -0.7493884 210 210 210
-0.17657933 0.055440359 -0.69000471 210 210 210
-0.21740098 0.25069323 -0.37612939 210 210 210
-0.22216624 0.47481012 -0.25509125 210 210 210
-0.23147567 0.018640915 -0.75379759 210 210 210
-0.16671021 0.081078514 -0.69235384 210 210 210
-0.736646 -0.27490598 -0.61800891 210 210 210
-0.18137315 0.091481745 -0.6890533 210 210 210
-0.042935483 0.55100369 -0.29331526 210 210 210
-0.30965021 0.28186187 -0.28267536 210 210 210
0.021149909 0.037775606 -0.69352829 210 210 210
-0.75342762 -0.029322872 -0.66112614 210 210 210
-0.1992195 0.13005136 -0.68617326 210 210 210
-0.27648214 -0.090033822 -0.68980068 210 210 210
-0.19267575 0.12471728 -0.68809956 210 210 210
-0.52896154 0.64609689 -0.71133977 210 210 210
-0.0084826909 0.24183874 -0.66644329 210 210 210
-0.13473994 -0.06753695 -0.67937493 210 210 210
-0.29413876 0.1404707 -0.76785743 210 210 210
-0.47460797 -0.058254436 -0.78766209 210 210 210
-0.60861337 -0.3542065 -0.65716583 210 210 210
-0.2480402 0.087359965 -0.72104424 210 210 210
-0.36449727 0.62273407 -0.32036322 210 210 210
-0.32402167 0.14193851 -0.51203167 210 210 210
-0.27890545 -0.060420386 -0.71366906 210 210 210
-0.20789197 0.024594391 -0.77657223 210 210 210
-0.16991745 0.062015843 -0.68623573 210 210 210
-0.18641664 0.061814677 -0.68914807 210 210 210
-0.17216764 0.073254786 -0.69338822 210 210 210
-0.30798876 0.14617607 -0.44149205 210 210 210
-0.56618822 0.18483157 -0.56033581 210 210 210
-0.18626775 0.085696042 -0.68747765 210 210 210
-0.23187019 0.35774669 -0.45654806 210 210 210
-0.16673756 0.11723121 -0.70684552 210 210 210
-0.23711567 0.060945228 -0.74499059 210 210 210
-0.1811807 0.10701813 -0.69153726 210 210 210
-0.76332098 -0.0090413643 -0.68215293 210 210 210
-0.63757014 -0.13579631 -0.68703103 210 210 210
-0.78947139 -0.0032835512 -0.72478181 210 210 210
-0.20652758 0.1181467 -0.68277889 210 210 210
-0.19085573 0.12876353 -0.69020116 210 210 210
-0.54502946 0.62967461 -0.69161803 210 210 210
-0.52867824 0.65167081 -0.70644659 210 210 210
-0.0075644637 0.24238735 -0.66556907 210 210 210
-0.51449877 0.69967592 -0.69975865 210 210 210
-0.000512345 0.26538071 -0.67754889 210 210 210
-0.20282795 0.17849852 -0.65768361 210 210 210
-0.27305523 0.89349431 -0.27692881 210 210 210
-0.071497656 0.58361179 -0.3333739 210 210 210
-0.21050982 0.20384918 -0.40538034 210 210 210
-0.18114971 0.049134851 -0.68995857 210 210 210
-0.17740276 0.056472041 -0.69142103 210 210 210
-0.17887989 0.065334953 -0.68860173 210 210 210
-0.63915634 0.70366007 -0.69252151 210 210 210
-0.17303532 0.078472778 -0.69264996 210 210 210
-0.26363495 0.26608723 -0.34465843 210 210 210
-0.19704497 0.091997482 -0.72275364 210 210 210
-0.21075177 0.4226355 -0.30748761 210 210 210
-0.29847398 0.27198273 -0.29954067 210 210 210
-0.17557001 0.12281465 -0.71522832 210 210 210
0.12340052 0.2277395 -0.68947977 210 210 210
-0.43199152 -0.22254646 -0.87377918 210 210 210
-0.13188426 -0.13303076 -0.65136993 210 210 210
-0.68605411 0.35842028 -0.59786594 210 210 210
-0.19160789 0.12982963 -0.6899814 210 210 210
-0.11218718 0.6454953 -0.43646067 210 210 210
-0.38623512 0.78710079 -0.64198309 210 210 210
-0.22330096 0.14839168 -0.66241127 210 210 210
-0.2351739 0.15158103 -0.68808925 210 210 210
-0.30729902 0.091299042 -0.8294884 210 210 210
-0.80429953 0.077952765 -0.64151216 210 210 210
-0.2717393 0.90109038 -0.2789171 210 210 210
-0.1751267 0.053971693 -0.68602872 210 210 210
-0.1850335 0.059479807 -0.69029421 210 210 210
-0.16576721 0.082180239 -0.69222373 210 210 210
-0.29643542 -0.09721335 -0.73295766 210 210 210
-0.20721027 0.078184411 -0.72135514 210 210 210
0.15743138 0.24719577 -0.64962971 210 210 210
-0.78073543 -0.035105214 -0.71085083 210 210 210
-0.21302672 0.12331004 -0.67149556 210 210 210
-0.20074442 0.13332529 -0.68633908 210 210 210
-0.22754067 0.065162562 -0.74807644 210 210 210
-0.93437129 1.0221564 -0.69434506 210 210 210
-0.006696777 0.26806441 -0.66675103 210 210 210
-0.17232446 0.061701957 -0.69074064 210 210 210
-0.43450013 0.48175061 -0.62607801 210 210 210
-0.040741213 0.55226892 -0.29433125 210 210 210
-0.77466029 -0.025928637 -0.70046657 210 210 210
-0.19431283 0.12854546 -0.71141106 210 210 210
-0.20096929 0.12910782 -0.68631029 210 210 210
-0.047100067 0.52932674 -0.53750962 210 210 210
-0.19283353 0.1678542 -0.66905046 210 210 210
-0.21372098 0.16998555 -0.67313337 210 210 210
-0.27026683 0.24128945 -0.80008757 210 210 210
-0.55861288 -0.30951902 -0.78727901 210 210 210
-0.75759655 -0.011057257 -0.66470242 210 210 210
-0.21932834 0.18040639 -0.63750619 210 210 210
-0.352348 0.11081518 -0.45254517 210 210 210
-0.16769071 0.062071525 -0.68924469 210 210 210
-0.17554024 0.050120164 -0.6832779 210 210 210
-0.21314916 0.13920356 -0.67399532 210 210 210
-0.26268762 0.25305608 -0.36074761 210 210 210
-0.10780498 0.53978342 -0.28315884 210 210 210
-0.2439788 0.47458389 -0.28653237 210 210 210
-0.28630915 0.6566546 -0.40850279 210 210 210
-0.199654 0.019531624 -0.71235597 210 210 210
-0.27678525 0.002450987 -0.75757337 210 210 210
-0.24046138 0.017111911 -0.74392545 210 210 210
0.16350369 0.37025583 -0.66659737 210 210 210
-0.76302129 0.97589028 -0.58996367 210 210 210
-0.84813333 0.068782546 -0.61541384 210 210 210
-0.0028276125 0.27017078 -0.66448677 210 210 210
-0.27383184 0.94409156 -0.25977954 210 210 210
-0.30624503 0.068719655 -0.79031533 210 210 210
-0.24339657 0.29473644 -0.60622573 210 210 210
-0.25323999 0.27839282 -0.60460508 210 210 210
-0.25966206 0.26214167 -0.6107133 210 210 210
0.074069425 0.41657007 -0.669218 210 210 210
-1.027602 1.1447326 -0.51286763 210 210 210
-0.0091269938 0.32978106 -0.66490918 210 210 210
0.011213776 0.30411154 -0.67982119 210 210 210
0.082857743 0.4263331 -0.6860227 210 210 210
0.072259806 0.42247272 -0.68810743 210 210 210
-0.11190924 0.25690931 -0.73311943 210 210 210
-0.35989535 0.072554417 -0.79505169 210 210 210
-0.41695598 0.84013468 -0.70014745 210 210 210
-0.0012125436 0.19727512 -0.63556588 210 210 210
-0.3171286 -0.025547244 -0.76120597 210 210 210
-0.4735032 -0.049446344 -0.7904017 210 210 210
-0.22978382 0.072861254 -0.7476958 210 210 210
-0.14898339 -0.02737095 -0.62995112 210 210 210
0.0028926574 0.2774263 -0.65832472 210 210 210
-0.30727959 1.2098931 -0.18412802 210 210 210
-0.13848731 0.21164927 -0.71663415 210 210 210
-0.37319401 0.015121924 -0.75484937 210 210 210
-0.46212465 0.76704156 -0.67671984 210 210 210
-0.24497071 0.28330779 -0.60039639 210 210 210
0.076434366 0.41850868 -0.67367905 210 210 210
-0.25421757 0.29898793 -0.6029982 210 210 210
-0.2550638 0.29492477 -0.60318929 210 210 210
-0.27798125 0.86700517 -0.36401719 210 210 210
-0.26401162 0.27276707 -0.60501266 210 210 210
-0.2560986 0.28519008 -0.60290432 210 210 210
-0.16986826 0.24563144 -0.75401378 210 210 210
0.073576659 0.42815721 -0.69194251 210 210 210
-0.087518647 0.37413186 -0.70170105 210 210 210
-0.024241019 0.3482433 -0.72179359 210 210 210
-0.38237983 0.07055302 -0.8044284 210 210 210
-0.28657073 0.32342181 -0.40306306 210 210 210
-0.64054012 -0.24522273 -0.75454575 210 210 210
-0.33711162 0.79901201 -0.29827067 210 210 210
0.00021455312 0.22584184 -0.64273989 210 210 210
-0.84123039 0.077321745 -0.61675239 210 210 210
-0.096648984 0.57431507 -0.59847999 210 210 210
-0.30437306 0.0747566 -0.75571132 210 210 210
-0.57050824 0.75544983 -0.56600952 210 210 210
-0.17493099 0.35910931 -0.63967997 210 210 210
-0.24687637 0.25189978 -0.6138075 210 210 210
-0.17839277 0.36040643 -0.69844663 210 210 210
-0.24675651 0.94935369 -0.28456479 210 210 210
-0.25319585 0.2898578 -0.60284543 210 210 210
-0.24597441 0.32344297 -0.60254002 210 210 210
-0.91328841 0.99884546 -0.63025272 210 210 210
-0.91332608 1.0003942 -0.63129663 210 210 210
-0.25339371 0.25915965 -0.60476041 210 210 210
-0.0052453727 0.34041432 -0.67395329 210 210 210
-0.14376001 0.24981473 -0.73899788 210 210 210
-0.001980802 0.33589226 -0.71174455 210 210 210
-0.090089627 0.39669514 -0.5746842 210 210 210
-0.23034088 0.32082874 -0.60415739 210 210 210
-0.49889711 0.58584327 -0.53374749 210 210 210
-0.47203657 0.5089941 -0.48473245 210 210 210
-0.26014996 0.69824034 -0.36475146 210 210 210
-0.018122284 0.24352615 -0.67347562 210 210 210
-0.25983727 0.73944604 -0.3672249 210 210 210
-0.50485593 0.75004965 -0.62202102 210 210 210
-0.21462528 0.074815087 -0.66268528 210 210 210
-0.85599864 0.091884069 -0.61720538 210 210 210
-0.16094391 0.34980217 -0.6979003 210 210 210
-0.33034465 0.73682356 -0.65187913 210 210 210
0.057464834 0.25526363 -0.69228572 210 210 210
-0.26537699 1.1320355 -0.20482546 210 210 210
-0.29196426 0.59112644 -0.3638624 210 210 210
-0.23393804 0.32912934 -0.60131419 210 210 210
-0.28097966 0.1559678 -0.77612066 210 210 210
-0.23026025 0.13408558 -0.75511009 210 210 210
-0.31824163 0.059164055 -0.75999463 210 210 210
-0.34873304 0.065028675 -0.78376687 210 210 210
-0.16052684 0.87258434 -0.35568926 210 210 210
-0.24408668 0.26887301 -0.60962945 210 210 210
-0.38541052 0.077553511 -0.81256783 210 210 210
-0.12722552 0.80647749 -0.39405972 210 210 210
-0.25658602 -0.030500637 -0.73780811 210 210 210
-0.47371128 0.70957971 -0.6984849 210 210 210
0.17049909 0.40081021 -0.66304857 210 210 210
-0.20428911 0.24280614 -0.75692666 210 210 210
-0.072505094 0.30939442 -0.66470629 210 210 210
0.070588306 0.40944409 -0.67558825 210 210 210
-0.83042485 0.90275443 -0.60743576 210 210 210
-0.2053652 0.92629701 -0.31022444 210 210 210
0.073633574 0.42969486 -0.69546586 210 210 210
-0.027089052 0.015099248 -0.69382095 210 210 210
-0.49001911 0.68108082 -0.66025358 210 210 210
-0.20929325 0.060238823 -0.71556807 210 210 210
-0.10811306 0.31067941 -0.68694603 210 210 210
-0.3405863 0.87459975 -0.32831514 210 210 210
-0.37779 0.93123007 -0.29597396 210 210 210
-0.086446166 0.2348244 -0.50765312 210 210 210
-0.11403622 0.2792528 -0.74417222 210 210 210
-0.29284459 0.035832163 -0.77372575 210 210 210
-0.22692849 0.08904089 -0.62868983 210 210 210
-0.033255275 0.0015256654 -0.56999284 210 210 210
-0.53707713 0.58546424 -0.49124813 210 210 210
-0.85447699 0.1042522 -0.60128337 210 210 210
-0.2080261 0.32770729 -0.71363539 210 210 210
-0.31315801 -0.0067583071 -0.75499558 210 210 210
-0.45338532 0.77387744 -0.66955411 210 210 210
-1.0562459 0.83207726 -0.56810236 210 210 210
-0.25340021 0.79840815 -0.34301376 210 210 210
-0.25658488 1.053991 -0.23271301 210 210 210
-0.16729894 0.063414119 -0.6914776 210 210 210
-0.31526044 0.74128288 -0.30864441 210 210 210
-0.15865475 0.80259818 -0.340756 210 210 210
-0.26873836 0.14488503 -0.75309747 210 210 210
-0.43959531 -0.043219857 -0.79243517 210 210 210
-0.0076493174 0.25962612 -0.67687607 210 210 210
-0.28659189 0.83736414 -0.29704541 210 210 210
-0.78437269 0.080928572 -0.63545257 210 210 210
-0.50762582 0.75778925 -0.7212829 210 210 210
-0.17269099 0.065194525 -0.69275039 210 210 210
-0.25683355 0.10378892 -0.70773602 210 210 210
-0.3710905 0.033955019 -0.77016872 210 210 210
-0.1444177 0.27702549 -0.73776489 210 210 210
-0.25926778 0.26615399 -0.61040521 210 210 210
-0.28856632 0.59574193 -0.47195214 210 210 210
-0.37003121 0.85748762 -0.34111667 210 210 210
-0.28058076 0.09017621 -0.78189379 210 210 210
-0.35262465 0.06581144 -0.78534216 210 210 210
-0.021037059 0.33965307 -0.72027212 210 210 210
-0.1871406 0.34873188 -0.60369879 210 210 210
-0.37282503 0.94936371 -0.28446555 210 210 210
-0.25369304 0.97015214 -0.2923882 210 210 210
-0.0035634469 0.14319488 -0.48034281 210 210 210
-0.3143948 -0.1287708 -0.71473169 210 210 210
-0.30134824 0.012559399 -0.7519002 210 210 210
-0.46934232 -0.052851062 -0.78722435 210 210 210
-0.002715992 0.27005923 -0.67749488 210 210 210
-0.47232309 0.78254682 -0.6880244 210 210 210
-0.24798119 0.094483025 -0.72857392 210 210 210
-0.25355896 0.1060381 -0.74580359 210 210 210
-0.56472814 0.6988793 -0.70106792 210 210 210
-0.36968729 0.0259795 -0.7636494 210 210 210
-0.048755594 0.29819784 -0.67947429 210 210 210
-0.40014625 0.87397319 -0.68584967 210 210 210
-0.20429312 0.15942979 -0.68354678 210 210 210
0.06781514 0.41376147 -0.68004185 210 210 210
-0.33324811 0.048228741 -0.75203371 210 210 210
-0.36895028 0.9259432 -0.298715 210 210 210
-0.80330837 0.88192123 -0.6087985 210 210 210
-0.35599849 0.82575804 -0.39122638 210 210 210
-0.49748975 0.82603574 -0.68041724 210 210 210
-0.43424276 0.82595015 -0.7055462 210 210 210
0.20007247 0.15811668 -0.70660341 210 210 210
-0.47891217 0.84766638 -0.69081342 210 210 210
-0.45745128 0.87258488 -0.68765622 210 210 210
-0.066791341 0.32923618 -0.69234002 210 210 210
-0.069502033 0.56268787 -0.30102092 210 210 210
0.066678777 0.1843136 -0.68453062 210 210 210
-0.31981146 -0.042061456 -0.73799068 210 210 210
-0.10849038 0.22108209 -0.67357445 210 210 210
-1.0606489 0.78884184 -0.5633226 210 210 210
-1.0130172 0.86004835 -0.57464582 210 210 210
-0.247272 0.083407663 -0.69668454 210 210 210
-1.0628346 0.82368892 -0.57571018 210 210 210
-0.7991609 0.1614715 -0.66889232 210 210 210
-0.054501876 0.3082526 -0.67466545 210 210 210
-0.19350255 0.35340664 -0.60217738 210 210 210
-0.26141602 0.28495303 -0.6043722 210 210 210
-0.0091062412 0.33785039 -0.66964871 210 210 210
-0.94583517 0.93124098 -0.59783113 210 210 210
-0.24050555 0.27069643 -0.60842413 210 210 210
-0.20829315 0.060993336 -0.67513585 210 210 210
-0.70470792 0.84544575 -0.62497914 210 210 210
-0.54048735 0.51997322 -0.54599166 210 210 210
-0.48175794 0.88518625 -0.68888354 210 210 210
-0.51195067 0.54413795 -0.52223873 210 210 210
-0.17521572 0.47733396 -0.23040344 210 210 210
-0.11358602 0.017863559 -0.75040972 210 210 210
-0.2991538 0.088597618 -0.82436299 210 210 210
-0.78588361 1.1107708 -0.62732041 210 210 210
-0.59622669 0.74187726 -0.58451492 210 210 210
-0.27751562 0.93754065 -0.26348928 210 210 210
-0.85133153 0.082682356 -0.60350192 210 210 210
-0.064684704 0.3073954 -0.68200934 210 210 210
-0.24460426 0.25171974 -0.612863 210 210 210
-0.048206761 0.36879054 -0.69690162 210 210 210
0.010536675 0.29209518 -0.64650983 210 210 210
-0.25100487 0.25980908 -0.60503829 210 210 210
-0.23388425 0.27612913 -0.61071682 210 210 210
-0.89085573 1.1520255 -0.67881489 210 210 210
-0.45038176 0.82512707 -0.70971876 210 210 210
-0.49654317 0.83898288 -0.68113548 210 210 210
-0.46944007 0.85196388 -0.70016152 210 210 210
-0.37119675 -0.005869736 -0.59058183 210 210 210
-0.9798885 0.80817169 -0.55931973 210 210 210
-0.44923726 0.75672954 -0.61837173 210 210 210
-0.11761744 0.36250117 -0.69093627 210 210 210
-1.0543371 0.85061324 -0.56073433 210 210 210
-0.34083864 0.85986638 -0.36410397 210 210 210
-0.23504691 0.27153468 -0.60712606 210 210 210
-0.66537696 0.81151783 -0.6323697 210 210 210
-0.43197602 0.50244904 -0.4865095 210 210 210
-0.22532099 0.84095436 -0.30516917 210 210 210
-0.835132 0.063260019 -0.61425126 210 210 210
-0.30550537 1.2158943 -0.18274665 210 210 210
-0.24694476 0.30310965 -0.60271794 210 210 210
-0.5375821 0.80618441 -0.68827641 210 210 210
-0.47893152 0.57701325 -0.39905852 210 210 210
0.014493283 0.28653255 -0.63889945 210 210 210
-0.84186339 0.04605538 -0.60256284 210 210 210
-0.25717887 0.37316722 -0.37121096 210 210 210
-0.44137514 0.82213652 -0.68615478 210 210 210
-0.3444998 0.78185618 -0.29393342 210 210 210
-0.34539929 0.78962517 -0.29074806 210 210 210
-0.26650801 0.28650379 -0.60378712 210 210 210
-0.25557843 -0.12380438 -0.68744928 210 210 210
-0.013712106 0.24677587 -0.6737712 210 210 210
-0.4587605 0.77327782 -0.68903661 210 210 210
-0.13508624 0.08330752 -0.75954604 210 210 210
-0.2320002 0.82617307 -0.32759485 210 210 210
-0.2342611 0.83738816 -0.32066116 210 210 210
-0.29154289 1.1724912 -0.18754482 210 210 210
-0.6096822 0.82605755 -0.57563764 210 210 210
-0.36538383 0.84439236 -0.63809556 210 210 210
-0.49780613 0.78526032 -0.64685315 210 210 210
-0.14699724 0.22084799 -0.74063838 210 210 210
-0.37092403 0.035470814 -0.76902562 210 210 210
-0.66009879 0.6322602 -0.4611688 210 210 210
-0.077476956 0.22141089 -0.5425002 210 210 210
-0.91214889 0.99200231 -0.62838644 210 210 210
-0.0077131116 0.32957539 -0.66839492 210 210 210
-0.36918837 0.93043959 -0.29655978 210 210 210
0.042317152 0.41231343 -0.67546088 210 210 210
-0.3981356 0.71102166 -0.47817203 210 210 210
-0.67208445 0.32387117 -0.57533532 210 210 210
-0.17561555 0.053278364 -0.6899246 210 210 210
-0.026109915 0.34804133 -0.72230577 210 210 210
-0.3727791 0.069717973 -0.79756415 210 210 210
-0.24206842 0.3602944 -0.661125 210 210 210
-0.50507063 0.60468727 -0.52959383 210 210 210
-0.47007146 0.84252012 -0.69940883 210 210 210
-0.85703254 1.0160929 -0.62398309 210 210 210
-0.48156983 0.50576013 -0.48448166 210 210 210
-0.52834994 0.59236294 -0.54944396 210 210 210
-0.45142969 0.87282199 -0.67024225 210 210 210
-0.23976392 1.0057354 -0.2789987 210 210 210
-0.11338402 0.13604644 -0.72560614 210 210 210
-0.23285443 0.065918654 -0.65211755 210 210 210
-0.41185609 0.6543864 -0.3978295 210 210 210
-1.0522337 0.80710548 -0.56922269 210 210 210
-0.0037933632 0.26863235 -0.6603331 210 210 210
-0.03680452 0.28465515 -0.68976271 210 210 210
-0.36970407 0.82744575 -0.63058048 210 210 210
-0.25102517 0.2794567 -0.60571355 210 210 210
-0.23695181 0.30477166 -0.59887069 210 210 210
-0.14825094 0.87516141 -0.34251824 210 210 210
-0.3541458 0.84219933 -0.35390359 210 210 210
-0.25113159 0.04597405 -0.6418041 210 210 210
-0.37680122 0.93383604 -0.29277787 210 210 210
-0.4311713 0.81337893 -0.68540013 210 210 210
0.031572498 0.38767788 -0.6702581 210 210 210
-0.67420453 0.3814244 -0.57556665 210 210 210
-0.22005151 1.1127827 -0.21711218 210 210 210
-0.23750982 0.11964042 -0.73430115 210 210 210
-0.22804132 0.33858916 -0.6062957 210 210 210
-0.18269329 0.21589783 -0.76721871 210 210 210
-0.2432674 0.30865091 -0.61247987 210 210 210
-0.19417135 0.35167271 -0.6032787 210 210 210
-0.4080438 0.86364311 -0.6897893 210 210 210
-0.42044511 0.86253875 -0.68581879 210 210 210
-0.44599274 0.82447076 -0.7161054 210 210 210
-0.22348008 0.088028722 -0.64607811 210 210 210
-0.55511111 0.50623983 -0.54088891 210 210 210
-0.57319051 0.47631076 -0.53158921 210 210 210
0.42578804 0.1290579 -0.81006938 210 210 210
-0.29293832 -0.020206347 -0.71933568 210 210 210
-0.53380728 0.55341512 -0.53852701 210 210 210
-0.22107154 0.060199294 -0.6643374 210 210 210
-0.26854211 0.17474087 -0.74457198 210 210 210
-0.20304626 0.055466559 -0.71692312 210 210 210
-0.56472814 0.6988793 -0.70106792 210 210 210
-0.25592163 0.70442045 -0.38933635 210 210 210
-0.47540182 0.77524436 -0.73527694 210 210 210
-0.32859856 0.65625924 -0.41866201 210 210 210
-0.24808523 0.084068902 -0.68976539 210 210 210
-0.013267365 0.30182326 -0.68199581 210 210 210
-0.66808248 0.87680012 -0.57156497 210 210 210
-0.002481234 0.26487303 -0.63246095 210 210 210
0.0075785276 0.27142429 -0.63066947 210 210 210
-0.36376718 0.89913058 -0.28856331 210 210 210
-0.35149887 0.85678297 -0.34671733 210 210 210
-0.34790719 0.89562929 -0.32267287 210 210 210
-0.37486327 0.93047458 -0.29300001 210 210 210
-0.33217159 0.85685664 -0.36585456 210 210 210
-0.11502744 0.30779308 -0.52882886 210 210 210
-0.1193319 0.2766262 -0.74441409 210 210 210
-0.018650362 0.36611864 -0.68178296 210 210 210
-0.89361745 1.005338 -0.63433868 210 210 210
-0.74969387 0.88794374 -0.61760294 210 210 210
-0.43679586 0.85951072 -0.67833042 210 210 210
-0.49283803 0.78948081 -0.66444504 210 210 210
-0.49278668 0.5496313 -0.51317292 210 210 210
-0.45387474 0.86416239 -0.67833096 210 210 210
-0.44576666 0.49844375 -0.4873068 210 210 210
-0.57502455 0.48891926 -0.53850949 210 210 210
-0.58597612 0.74905717 -0.63503343 210 210 210
-0.59222233 0.72409171 -0.62622118 210 210 210
-0.54098737 0.70122689 -0.59899622 210 210 210
-0.022476053 0.21912631 -0.66441768 210 210 210
-0.17334376 0.080806509 -0.70515496 210 210 210
-0.19327119 0.048961096 -0.71156865 210 210 210
-0.34007019 -0.016992936 -0.76106584 210 210 210
-0.33345935 0.0072679352 -0.77277678 210 210 210
-0.84889323 0.096886128 -0.6197837 210 210 210
0.35372522 0.16756959 -0.74995542 210 210 210
-0.47135335 0.7665602 -0.70397234 210 210 210
-0.016976381 0.28713319 -0.64785784 210 210 210
-0.25886476 0.26169381 -0.60994685 210 210 210
-0.29181978 0.032057319 -0.70651823 210 210 210
-0.27423781 1.2188201 -0.18312067 210 210 210
-0.25833666 0.26741338 -0.60839784 210 210 210
-1.0300412 0.20804885 -0.54746169 210 210 210
-0.88090962 0.0015175529 -0.62937438 210 210 210
-0.1798435 0.050439917 -0.6863755 210 210 210
-1.0597138 0.80947685 -0.53814626 210 210 210
-0.23195279 0.2755399 -0.60687435 210 210 210
-0.33231279 0.57324028 -0.47168934 210 210 210
-0.48826453 0.76912349 -0.64093333 210 210 210
-0.18285272 0.91573715 -0.33342695 210 210 210
-0.49666962 0.51091081 -0.48694143 210 210 210
-0.13160683 0.32063153 -0.61338693 210 210 210
-0.53448772 0.80183023 -0.68263215 210 210 210
-0.5864675 0.7442683 -0.63224816 210 210 210
-0.55797893 0.78349674 -0.63230622 210 210 210
-0.42340064 0.54165316 -0.49093509 210 210 210
-0.54191571 0.68227768 -0.59353 210 210 210
-0.10179555 0.83299249 -0.39873776 210 210 210
-0.27786529 0.044679943 -0.75249946 210 210 210
0.1231308 0.34137803 -0.49853 210 210 210
0.17159337 0.39984682 -0.66284347 210 210 210
-0.044002954 0.32433346 -0.68297338 210 210 210
-1.1111689 0.83661783 -0.57449973 210 210 210
-0.34805119 0.87138069 -0.34009725 210 210 210
-0.45254597 0.49682793 -0.49429038 210 210 210
-0.48252389 0.50666922 -0.48643953 210 210 210
-0.12018823 0.67492914 -0.4565888 210 210 210
-0.44538835 0.49808884 -0.48999509 210 210 210
-0.45070976 0.50382054 -0.49193853 210 210 210
-0.16976908 0.066569529 -0.69266087 210 210 210
-0.56466156 0.74401504 -0.62090153 210 210 210
-0.8822577 1.0677058 -0.67158377 210 210 210
-0.24275368 0.32940513 -0.67010808 210 210 210
-0.013657957 0.32405409 -0.65526932 210 210 210
-0.74264508 0.83074325 -0.61724168 210 210 210
-0.36900344 0.9219954 -0.30433315 210 210 210
-0.23288248 0.28097558 -0.60773671 210 210 210
-0.45805159 0.86106116 -0.68146145 210 210 210
-0.16176796 0.4074567 -0.7389251 210 210 210
-0.66675979 0.40640038 -0.58246803 210 210 210
-0.25395587 0.90376508 -0.35740337 210 210 210
-0.20367485 0.49054182 -0.37039328 210 210 210
-0.11761744 0.36250117 -0.69093627 210 210 210
-0.48099479 0.50491118 -0.4857699 210 210 210
-0.55435872 0.70664567 -0.56631678 210 210 210
-0.77585506 -0.032290481 -0.70502961 210 210 210
-0.88869405 0.93628454 -0.62972397 210 210 210
-0.23026831 0.33118516 -0.60552382 210 210 210
-0.94357401 0.81405222 -0.5606004 210 210 210
-0.26481745 1.0240479 -0.25885385 210 210 210
-0.42920524 0.86471522 -0.68005288 210 210 210
-0.30548394 0.060652025 -0.73811948 210 210 210
-0.17405191 0.055498134 -0.6900146 210 210 210
-0.21558785 0.010154555 -0.74292773 210 210 210
-0.32006532 -0.023132751 -0.76989055 210 210 210
-0.47736019 -0.059124809 -0.79093987 210 210 210
-0.44265988 -0.02773864 -0.80828708 210 210 210
-0.87350297 1.0843012 -0.67082071 210 210 210
-0.35955018 0.62735653 -0.42405078 210 210 210
-0.20397615 0.15739934 -0.73851466 210 210 210
-0.41472802 0.59761697 -0.51209605 210 210 210
-0.89305353 0.08133392 -0.61233222 210 210 210
-0.015649149 0.28486976 -0.67849457 210 210 210
-0.022334948 0.29393479 -0.6813007 210 210 210
-0.24263678 0.29564801 -0.60651672 210 210 210
-0.049995072 0.29998007 -0.67238426 210 210 210
-0.24270138 0.2521129 -0.61189437 210 210 210
-0.24303263 0.25254774 -0.61215752 210 210 210
-0.33904526 0.91989154 -0.27683416 210 210 210
-0.3359018 0.92690581 -0.27076688 210 210 210
-0.83435094 0.69736254 -0.51846319 210 210 210
-0.27634192 0.71676427 -0.44737703 210 210 210
-0.26375455 0.26375672 -0.6043579 210 210 210
-0.36028805 0.8699711 -0.33945245 210 210 210
-0.50531286 0.67267418 -0.45943314 210 210 210
-0.18895304 0.24544364 -0.76441032 210 210 210
-0.54229188 0.63932288 -0.52075362 210 210 210
-0.49240941 0.8291083 -0.69849968 210 210 210
-0.50233293 0.85472286 -0.68079704 210 210 210
-0.48719552 0.738662 -0.62444013 210 210 210
-0.41278332 0.86769241 -0.68239063 210 210 210
-0.4669103 0.85826075 -0.69322795 210 210 210
-0.42235333 0.89024442 -0.66984767 210 210 210
-0.22819328 0.98480946 -0.29401639 210 210 210
-0.49101785 0.66398466 -0.67797446 210 210 210
-0.23930638 0.5298118 -0.37181976 210 210 210
-0.20864291 0.1097507 -0.70975649 210 210 210
-0.0023615737 0.20902841 -0.63033563 210 210 210
-0.29095492 0.0053510373 -0.77228272 210 210 210
-0.35736433 0.78124893 -0.66312265 210 210 210
-0.93480027 0.94338304 -0.63203079 210 210 210
-0.23039205 0.14954844 -0.68127769 210 210 210
-0.25315136 0.81172508 -0.32165325 210 210 210
-0.83905488 0.082356639 -0.62080765 210 210 210
-0.89159524 0.90680206 -0.62572718 210 210 210
-0.92426616 1.0958769 -0.6777032 210 210 210
-0.24028043 0.84094894 -0.31796995 210 210 210
-0.27213925 0.033544932 -0.78632337 210 210 210
-0.24912897 0.10308412 -0.74089056 210 210 210
-0.46946904 0.80294853 -0.68529427 210 210 210
-0.56367332 0.64093661 -0.6527791 210 210 210
-0.22585967 0.69280833 -0.58366942 210 210 210
-0.33035785 0.080892518 -0.78771365 210 210 210
-0.07085707 0.34421071 -0.70085835 210 210 210
-0.27188775 0.13622579 -0.76343197 210 210 210
-0.23475021 0.32384679 -0.60101849 210 210 210
-0.41554287 0.83893943 -0.71360344 210 210 210
-0.35472542 0.59015536 -0.50762266 210 210 210
-0.25390691 0.26266584 -0.60481751 210 210 210
-0.44790041 0.79806226 -0.38192689 210 210 210
-0.23856877 0.27451175 -0.60501444 210 210 210
-0.23004475 0.27480745 -0.60927743 210 210 210
-0.23464604 0.28370759 -0.60610449 210 210 210
-0.8038094 0.90643859 -0.61627066 210 210 210
-0.40390036 0.84535891 -0.70618093 210 210 210
-0.53000575 0.80561596 -0.69500381 210 210 210
-0.48083025 0.84362221 -0.70096469 210 210 210
-0.43849084 0.8609125 -0.67823339 210 210 210
-0.054062799 0.32036489 -0.69901925 210 210 210
-0.48667964 0.89009053 -0.68153828 210 210 210
-0.47004464 0.82535934 -0.68005055 210 210 210
-0.51299423 0.82162106 -0.69382411 210 210 210
-0.55020618 0.63063949 -0.60092354 210 210 210
-0.53680259 0.57011914 -0.57501888 210 210 210
-0.8360824 0.92929679 -0.58494914 210 210 210
-0.38636911 -0.00060037861 -0.78449154 210 210 210
-0.85616487 0.041053936 -0.60105801 210 210 210
-0.84527147 0.046832446 -0.60552585 210 210 210
-0.34224403 -0.013672303 -0.7464506 210 210 210
-0.0091167614 0.26609227 -0.68025374 210 210 210
-0.5166508 0.72756886 -0.75731862 210 210 210
-0.051993076 -0.82330555 -0.9225055 210 210 210
-0.6888662 0.60098827 -0.64320689 210 210 210
-0.68625355 0.41355282 -0.56464303 210 210 210
-0.31165004 1.2087743 -0.18651204 210 210 210
-1.1301749 0.25671214 -0.51329803 210 210 210
-0.20088515 -0.050095178 -0.74250132 210 210 210
-0.48360237 0.79365194 -0.69638693 210 210 210
-0.20949417 0.30465725 -0.6053493 210 210 210
-0.41808817 0.67494482 -0.42081845 210 210 210
-0.16778219 0.2267433 -0.73407871 210 210 210
-0.25220233 0.26184446 -0.60800165 210 210 210
-0.24324329 0.26182622 -0.60362136 210 210 210
-0.35530382 0.85059458 -0.34713933 210 210 210
0.021318818 0.37963766 -0.55148643 210 210 210
-0.54503202 0.77949244 -0.70678979 210 210 210
-0.0576276 -0.46627966 -0.84528124 210 210 210
-0.90001553 1.1467549 -0.67911363 210 210 210
-0.014162319 0.33557755 -0.71300536 210 210 210
-0.49882784 0.83019215 -0.68031377 210 210 210
-1.4312142 0.24590592 -0.46499062 210 210 210
-0.29892659 0.59433544 -0.46620059 210 210 210
-0.75426185 0.91813737 -0.6066702 210 210 210
-0.53640288 0.52487648 -0.54797542 210 210 210
-0.52707338 0.76515287 -0.6321919 210 210 210
-0.17120352 0.40737042 -0.74154776 210 210 210
-0.52411729 0.76302207 -0.62410009 210 210 210
-0.2510401 1.0049902 -0.27415046 210 210 210
-0.54828107 0.59646893 -0.5396558 210 210 210
-0.54027814 0.60728961 -0.56019759 210 210 210
-0.53296381 0.56304175 -0.57395345 210 210 210
-0.34501442 0.78206766 -0.29620835 210 210 210
-0.49479103 0.76357806 -0.67923331 210 210 210
0.17052424 0.11607196 -0.69239116 210 210 210
-0.69243479 0.49608386 -0.58536702 210 210 210
-0.82728064 0.095344082 -0.61972815 210 210 210
-0.91491145 0.15687957 -0.58946639 210 210 210
-0.68689942 0.47109625 -0.59259868 210 210 210
-0.17890589 0.10644983 -0.71398437 210 210 210
-0.37328884 -0.26115078 -0.80955845 210 210 210
-0.24395286 0.28672877 -0.60089749 210 210 210
-0.12558988 0.21320952 -0.73948568 210 210 210
0.010560418 0.30967519 -0.68638659 210 210 210
-0.24565873 0.31710598 -0.6029222 210 210 210
-0.56325567 0.81923568 -0.71894324 210 210 210
-0.52843463 0.79416621 -0.7064994 210 210 210
-0.52732438 0.82294017 -0.69070816 210 210 210
-0.44198051 0.86258912 -0.67769331 210 210 210
-0.44345367 0.85510147 -0.67354411 210 210 210
-0.55474448 0.78473514 -0.67879713 210 210 210
-0.47030035 0.86553645 -0.67398709 210 210 210
-0.31607154 0.59182161 -0.50754493 210 210 210
-0.53780311 0.55496657 -0.57878107 210 210 210
-0.31682363 -0.037210051 -0.7425282 210 210 210
-1.0521661 0.80747283 -0.56900841 210 210 210
-0.84502345 0.067487344 -0.60514504 210 210 210
-0.52537447 0.74631256 -0.77021903 210 210 210
-0.57678699 0.54914629 -0.52499944 210 210 210
-1.4120448 0.27731374 -0.4569467 210 210 210
-0.36800048 0.027301298 -0.76407558 210 210 210
0.077623367 0.42174679 -0.68406188 210 210 210
-0.3442359 0.8904255 -0.33323699 210 210 210
-0.50245106 0.83092576 -0.67790025 210 210 210
-0.50511467 0.83519912 -0.67702603 210 210 210
-0.24032114 0.99014598 -0.28949237 210 210 210
-0.1970589 -0.024177982 -0.75547236 210 210 210
-0.86992168 0.051604416 -0.60403061 210 210 210
-0.90091687 1.1139714 -0.6781252 210 210 210
-0.27440506 0.098499909 -0.78254151 210 210 210
-0.34761789 0.88306051 -0.3370679 210 210 210
-0.16828747 0.83789355 -0.3736358 210 210 210
-0.47088453 0.85728842 -0.68460834 210 210 210
-0.5410381 0.57777262 -0.56693572 210 210 210
-0.25534296 0.0043086754 -0.74148875 210 210 210
-1.2406847 0.27184254 -0.48571029 210 210 210
-0.49852118 0.8216086 -0.67993081 210 210 210
-0.10214548 0.35572386 -0.70705962 210 210 210
-0.86481088 0.033251055 -0.63577217 210 210 210
-0.24774335 0.094357572 -0.72945285 210 210 210
-0.34256759 0.5725854 -0.47232127 210 210 210
-0.59207076 0.61850607 -0.62698627 210 210 210
-0.5494231 0.5922088 -0.59112084 210 210 210
-0.26337349 0.28426561 -0.60476816 210 210 210
-0.24521872 0.8444131 -0.31210256 210 210 210
-0.92025483 1.0028766 -0.63364309 210 210 210
-0.37948245 0.81462681 -0.6511361 210 210 210
-0.51988614 0.82055193 -0.69203216 210 210 210
-0.34531242 0.79202586 -0.28954357 210 210 210
-0.030139651 0.22491452 -0.66443121 210 210 210
-0.32576239 0.01119852 -0.77308613 210 210 210
-0.091123663 -0.46308348 -0.83786547 210 210 210
-0.9086926 0.98617411 -0.64572263 210 210 210
-0.78474015 0.11351857 -0.65519762 210 210 210
-0.027505204 0.22195615 -0.6527701 210 210 210
-0.39302272 0.57550085 -0.48946989 210 210 210
-0.011048395 0.26599526 -0.66116935 210 210 210
-0.43759325 -0.015566827 -0.79864854 210 210 210
-0.4922688 0.64194614 -0.42644507 210 210 210
-0.20561437 0.42723626 -0.30960205 210 210 210
-0.51913571 0.7169311 -0.4174166 210 210 210
-0.89962542 1.1033884 -0.67431247 210 210 210
-0.40000048 0.06459377 -0.82799631 210 210 210
-0.37607491 0.76556772 -0.2706674 210 210 210
-0.069796525 0.22853084 -0.56174374 210 210 210
-0.25728488 0.02749417 -0.72041219 210 210 210
-0.62956303 0.49598575 -0.5584566 210 210 210
-0.23348108 0.25416157 -0.60634547 210 210 210
-0.35551867 0.90331423 -0.3117094 210 210 210
0.090605401 0.42725208 -0.67762125 210 210 210
-0.33510315 0.87596339 -0.33783448 210 210 210
-0.7555986 0.85137802 -0.61710203 210 210 210
-0.88160175 0.97380143 -0.62310165 210 210 210
-0.14334819 0.27444622 -0.76696908 210 210 210
-0.69161355 0.91097665 -0.62001091 210 210 210
-0.49963632 0.83318853 -0.6781559 210 210 210
-0.50062138 0.56820959 -0.53223002 210 210 210
-0.63348043 0.793455 -0.63916916 210 210 210
-0.66588533 0.68205613 -0.66715926 210 210 210
-0.527888 0.51879191 -0.53845656 210 210 210
-0.48005024 0.85140759 -0.6857987 210 210 210
-0.15558586 0.39085492 -0.73985517 210 210 210
-0.56393486 0.48977518 -0.53405339 210 210 210
-0.51305813 0.71652526 -0.60435992 210 210 210
-0.21155152 0.06031841 -0.6700055 210 210 210
-0.56579012 0.7753036 -0.65096766 210 210 210
-0.5361982 0.80171716 -0.67977273 210 210 210
-0.5124734 0.77329898 -0.61865366 210 210 210
0.06788069 0.4285489 -0.69729751 210 210 210
-0.53662658 0.80104721 -0.64772123 210 210 210
-0.33383596 -0.26798439 -0.7605561 210 210 210
-0.54647428 0.69209117 -0.59607494 210 210 210
-0.53778923 0.63367891 -0.57090437 210 210 210
-0.54244775 0.61435258 -0.59658015 210 210 210
-0.53808612 0.59211582 -0.56079704 210 210 210
-0.5658657 0.59702188 -0.59177196 210 210 210
-0.55453545 0.54809546 -0.5814178 210 210 210
-0.52955002 0.5252164 -0.55904853 210 210 210
-0.24558622 0.044501387 -0.72766626 210 210 210
-0.0038022017 0.23636602 -0.66416246 210 210 210
-0.29792935 0.02944362 -0.74198657 210 210 210
-0.84654909 0.0552692 -0.60259944 210 210 210
0.1158229 0.36533481 -0.65351665 210 210 210
-0.90366405 0.13857743 -0.60331362 210 210 210
0.1630955 0.39486611 -0.66342169 210 210 210
-1.2007785 0.27217555 -0.49774384 210 210 210
-0.91472781 1.0714636 -0.67280579 210 210 210
-0.31597498 0.089120112 -0.7826184 210 210 210
-0.89208776 0.15258835 -0.61511159 210 210 210
-0.30924264 1.2291785 -0.18879284 210 210 210
-0.33461213 0.026742628 -0.74286973 210 210 210
-0.64823961 0.63294333 -0.4604134 210 210 210
-0.073993772 0.34969717 -0.70138574 210 210 210
-0.92145377 0.99390507 -0.62769908 210 210 210
-0.33403206 0.76503623 -0.17744239 210 210 210
-0.89979446 1.1385819 -0.67676818 210 210 210
-0.23745285 0.12567317 -0.775056 210 210 210
-0.24260074 0.26491413 -0.60679519 210 210 210
-0.12986061 0.26372337 -0.74967659 210 210 210
-0.51405561 0.79565102 -0.72373509 210 210 210
-0.50116223 0.83417189 -0.67840075 210 210 210
-0.48496485 0.70034033 -0.61806345 210 210 210
-0.3193723 0.082712561 -0.8029539 210 210 210
-0.53447205 0.56737089 -0.54306215 210 210 210
-0.16630444 0.40422413 -0.74112958 210 210 210
-0.42096743 0.87646723 -0.67012447 210 210 210
-0.5216952 0.81363177 -0.69503713 210 210 210
-0.45371416 0.87445164 -0.68022865 210 210 210
-0.43242151 -0.023019595 -0.81485945 210 210 210
-0.49562988 0.83448505 -0.70208967 210 210 210
-0.57455164 0.70288259 -0.6133914 210 210 210
-0.58178306 0.7280457 -0.62449241 210 210 210
-0.58387345 0.70678282 -0.6199913 210 210 210
-0.53917009 0.553985 -0.53237671 210 210 210
-0.66091615 0.43045118 -0.59320414 210 210 210
-0.53379619 0.61498797 -0.56305701 210 210 210
-0.53610325 0.59350848 -0.58898723 210 210 210
-0.54515129 0.60976613 -0.57718396 210 210 210
-0.33422703 0.58006388 -0.55616021 210 210 210
-0.55957735 0.60376352 -0.59448254 210 210 210
-0.22596824 0.62541199 -0.50449109 210 210 210
-0.35822701 0.57549167 -0.53112596 210 210 210
-0.5338496 0.80147356 -0.72052652 210 210 210
-0.50106639 0.72063923 -0.71238291 210 210 210
0.092438944 0.22102652 -0.60926956 210 210 210
-0.22319393 0.089442663 -0.62929815 210 210 210
-0.94445908 0.82041383 -0.52196187 210 210 210
-0.48411867 -0.027636366 -0.79671812 210 210 210
-0.22060159 0.097135223 -0.76457453 210 210 210
-0.53914237 0.56731725 -0.48668426 210 210 210
-0.97246307 -0.06282378 -0.3755337 210 210 210
-0.043890432 0.30024266 -0.66563106 210 210 210
-0.23660076 1.0668124 -0.22878589 210 210 210
-0.26332593 0.75731051 -0.42916042 210 210 210
-0.69564539 0.48541901 -0.58301872 210 210 210
-0.67584556 0.7916652 -0.62877578 210 210 210
-0.23474909 0.27199349 -0.60506481 210 210 210
-0.77792645 0.88173878 -0.617365 210 210 210
0.52891397 1.4367173 -0.55141217 210 210 210
-0.19715956 0.084932618 -0.68344617 210 210 210
-0.56841683 0.78098845 -0.7221849 210 210 210
-0.47222736 0.82181478 -0.71176749 210 210 210
-0.56996244 0.49563831 -0.534895 210 210 210
-0.83790547 0.34550893 -0.53980833 210 210 210
-0.47449049 0.85914445 -0.68474638 210 210 210
-0.26781127 1.0156515 -0.26714906 210 210 210
-0.66641378 0.34843591 -0.57664186 210 210 210
-0.27844486 0.15305007 -0.77142966 210 210 210
-0.22941664 0.8651309 -0.37532228 210 210 210
-0.22750539 0.94654906 -0.32786605 210 210 210
-0.5304352 0.58826417 -0.59121865 210 210 210
-0.69380504 0.49660558 -0.58516067 210 210 210
-0.25261435 0.61322838 -0.51497412 210 210 210
-0.54455715 0.57531148 -0.57893568 210 210 210
-0.90571111 1.0537734 -0.66580629 210 210 210
-0.074007139 0.11436985 -0.68126059 210 210 210
-1.0730356 0.81072503 -0.56334853 210 210 210
-0.92471319 1.0912147 -0.68005389 210 210 210
-0.88596624 1.0901309 -0.67188591 210 210 210
-0.81732267 1.1409746 -0.63358235 210 210 210
-0.26716092 1.1316837 -0.20504653 210 210 210
-0.50285739 0.7823649 -0.70456797 210 210 210
-0.15870607 0.85933769 -0.35789362 210 210 210
-0.5019365 0.8335039 -0.69147408 210 210 210
-0.47792381 0.84777629 -0.68825895 210 210 210
-0.20040435 0.25830993 -0.35153809 210 210 210
-0.48308295 0.84127933 -0.69232792 210 210 210
-0.51584089 0.81795591 -0.69947851 210 210 210
-0.49035153 0.5526709 -0.51507115 210 210 210
-0.52919018 0.5618996 -0.57394117 210 210 210
-0.54853749 0.62137115 -0.58633441 210 210 210
-0.07529036 -0.81646323 -0.9714238 210 210 210
-0.52489281 0.54870605 -0.55440682 210 210 210
-0.55617601 0.55677128 -0.57797855 210 210 210
-0.24902448 0.0089961952 -0.73434293 210 210 210
-0.064137429 -0.10083129 -0.63588667 210 210 210
-0.86557102 0.10025073 -0.61293393 210 210 210
-0.35672545 0.052686948 -0.77882594 210 210 210
-0.50932932 0.82934207 -0.69408935 210 210 210
-0.53202099 0.51518774 -0.53892314 210 210 210
-0.5048691 0.83377635 -0.68172294 210 210 210
-0.488354 0.84418219 -0.6934557 210 210 210
-0.55246747 0.64201957 -0.59331548 210 210 210
-0.12163278 0.73191553 -0.43654844 210 210 210
-0.53815788 0.52536571 -0.57260889 210 210 210
-0.80307949 0.071620919 -0.62762409 210 210 210
-0.51419675 0.67498922 -0.48572168 210 210 210
-0.47917432 0.84615374 -0.69669193 210 210 210
-0.53485978 0.56454605 -0.58274931 210 210 210
0.086326048 -0.49337599 -0.92400366 210 210 210
-0.2685678 0.97062165 -0.2959325 210 210 210
-0.53777301 0.63275474 -0.45887634 210 210 210
-0.45473078 0.867746 -0.68448538 210 210 210
-0.58747506 0.69988352 -0.61723197 210 210 210
-0.37026668 0.020752337 -0.75874925 210 210 210
-0.20184794 0.14094841 -0.6864388 210 210 210
-0.31296805 1.2240946 -0.18314154 210 210 210
-0.85331839 0.078585714 -0.61000466 210 210 210
-0.94969499 0.17990071 -0.56870818 210 210 210
-0.33197325 0.71222496 -0.26517281 210 210 210
-0.28686553 0.12216667 -0.40994516 210 210 210
-0.28215396 -0.052556466 -0.70696586 210 210 210
-0.30930349 0.26198682 -0.28273875 210 210 210
-0.89959216 0.087309085 -0.62295187 210 210 210
-0.30351904 0.3037678 -0.31499353 210 210 210
-0.31377074 -0.26474753 -0.76141107 210 210 210
-0.21389332 0.23519799 -0.34598151 210 210 210
-0.35023147 0.17317918 -0.49518004 210 210 210
-0.17072995 0.059898477 -0.68691409 210 210 210
-0.07467483 0.51274407 -0.27965644 210 210 210
-0.16614412 0.08444842 -0.69410068 210 210 210
-0.30205828 0.28476906 -0.37846342 210 210 210
-0.20624927 0.11611173 -0.40369162 210 210 210
-0.29273012 0.19688112 -0.35370597 210 210 210
-0.051188286 0.29023439 -0.68284804 210 210 210
-0.77871418 0.075938873 -0.6318661 210 210 210
-0.45442677 0.3216404 -0.55862325 210 210 210
-0.16916765 0.067469738 -0.69428402 210 210 210
-0.28904057 0.29980898 -0.29769483 210 210 210
-0.41254103 0.48277789 -0.6172263 210 210 210
-0.16190475 0.228102 -0.35333163 210 210 210
-0.14836003 0.30922574 -0.3604838 210 210 210
-0.31355983 0.19579993 -0.40521061 210 210 210
-0.26719418 -0.057002667 -0.75124919 210 210 210
-0.1743162 0.054337561 -0.68628871 210 210 210
-0.19371425 0.053915281 -0.68780226 210 210 210
-0.23267511 0.02815344 -0.76579416 210 210 210
-0.18288843 0.099769667 -0.70065367 210 210 210
-0.050504576 0.22869088 -0.62616712 210 210 210
-0.3327986 -0.26541495 -0.76061702 210 210 210
0.16729705 0.42447209 -0.38269216 210 210 210
-0.43465632 -0.12260728 -0.5395413 210 210 210
-0.89793807 0.898045 -0.66700846 210 210 210
-0.42872259 0.39247039 -0.60616332 210 210 210
-0.18412364 0.074241094 -0.68731475 210 210 210
-0.22806197 0.026290469 -0.76493472 210 210 210
-0.25425836 0.30329132 -0.20689157 210 210 210
-0.26259175 -0.035753679 -0.7788372 210 210 210
-0.18712266 0.096970357 -0.68857223 210 210 210
-0.12553933 0.50796998 -0.56612068 210 210 210
-0.2178247 -0.18837796 -0.76005048 210 210 210
-0.13408342 0.29848447 -0.36013862 210 210 210
-0.242006 0.11475955 -0.72657073 210 210 210
-0.20751724 0.38153318 -0.27782041 210 210 210
-0.19751886 0.046457417 -0.68499786 210 210 210
-0.20198543 0.082356982 -0.67876422 210 210 210
-0.68221396 0.493586 -0.58109403 210 210 210
-0.21473064 0.87424195 -0.2332065 210 210 210
-0.45599714 -0.19081552 -0.51758599 210 210 210
-0.30399182 0.68442392 -0.27861127 210 210 210
-0.28678876 0.0043084496 -0.76111305 210 210 210
-0.75156349 -0.0040284186 -0.66763097 210 210 210
-0.10498172 0.59490693 -0.35950902 210 210 210
-0.18408099 0.063101426 -0.68881834 210 210 210
-0.27151045 0.26642361 -0.20338848 210 210 210
-0.43965575 0.4428173 -0.63027102 210 210 210
-0.19889452 0.12337568 -0.71300822 210 210 210
-0.16230324 0.22659527 -0.35885039 210 210 210
0.076986969 0.55273676 -0.337823 210 210 210
-0.21649523 0.041527532 -0.7194643 210 210 210
-0.16526681 0.19790544 -0.36601302 210 210 210
0.0063981786 0.074415714 -0.72655582 210 210 210
-0.34436935 -0.063045032 -0.3408342 210 210 210
-0.29662877 0.30721435 -0.3459869 210 210 210
-0.11919405 -0.044858549 -0.6805498 210 210 210
-0.41060853 -0.20641199 -0.76927161 210 210 210
-0.19501679 0.041372031 -0.68270081 210 210 210
-0.4927879 -0.10983873 -0.88488472 210 210 210
-0.1331149 0.023232754 -0.64802212 210 210 210
-0.35917088 0.1098862 -0.45994851 210 210 210
-0.1563393 0.4577226 -0.23453777 210 210 210
-0.1692563 0.066928133 -0.69370818 210 210 210
-0.1509473 -0.064669862 -0.67697591 210 210 210
-0.22891293 -0.065136105 -0.7578218 210 210 210
-0.2782411 -0.10816488 -0.72682732 210 210 210
-0.31452295 0.63023269 -0.33484244 210 210 210
-0.26706436 -0.052544158 -0.75232238 210 210 210
-0.17323744 0.051598024 -0.68510908 210 210 210
-0.16874044 0.060012631 -0.68813223 210 210 210
-0.29349616 0.2297492 -0.38519323 210 210 210
-0.17495582 0.072270058 -0.69893467 210 210 210
-0.75909263 -0.018031636 -0.68935925 210 210 210
-0.13414419 -0.036274217 -0.65131521 210 210 210
-0.1797778 -0.071658365 -0.69639021 210 210 210
-0.16634908 -0.045683406 -0.728724 210 210 210
-0.11952268 -0.044604581 -0.66762519 210 210 210
-0.11230574 -0.046506185 -0.67353261 210 210 210
-0.14491646 0.023028815 -0.64849073 210 210 210
-0.28909245 -0.092680037 -0.72168028 210 210 210
-0.36850259 -0.094134346 -0.53531438 210 210 210
0.020127174 0.54269654 -0.3261033 210 210 210
-0.36344054 0.15418065 -0.52781105 210 210 210
-0.10121157 -0.34904662 -0.77443731 210 210 210
-0.17095748 0.058397219 -0.68694472 210 210 210
-0.18281725 0.053039495 -0.69073856 210 210 210
-0.31559938 0.075830281 -0.43091795 210 210 210
-0.17244482 0.082108282 -0.69270247 210 210 210
-0.75598216 -0.033522408 -0.66528469 210 210 210
0.049610719 0.013404617 -0.60292172 210 210 210
-0.17139788 -0.059733644 -0.64887035 210 210 210
-0.37044123 0.5311923 -0.64504439 210 210 210
-0.15299895 -0.059277792 -0.68052018 210 210 210
-0.15793043 -0.016898032 -0.65436125 210 210 210
-0.31143418 -0.12627867 -0.71007526 210 210 210
-0.14818354 0.017042655 -0.64828336 210 210 210
-0.15555841 -0.014399086 -0.67304116 210 210 210
-0.6413067 -0.27099639 -0.6855253 210 210 210
-0.23388675 0.54237151 -0.34709939 210 210 210
-0.73368591 -0.14736001 -0.64052898 210 210 210
-0.41358179 0.42369968 -0.62435585 210 210 210
-0.17468369 0.050553821 -0.68523371 210 210 210
-0.20921749 0.04355637 -0.65473437 210 210 210
-0.16985984 0.061789528 -0.68634301 210 210 210
-0.43909401 -0.14969693 -0.80861557 210 210 210
-0.1740284 0.064982817 -0.69337654 210 210 210
-0.20098791 0.064158536 -0.68138319 210 210 210
-0.76143825 -0.037713923 -0.676799 210 210 210
0.015636634 -0.012717892 -0.57963949 210 210 210
0.010844362 0.0019476672 -0.59078693 210 210 210
-0.14660065 -0.028666655 -0.64659643 210 210 210
-0.66144383 0.59276974 -0.62817639 210 210 210
-0.13416809 -0.006885211 -0.64774019 210 210 210
-0.18576215 -0.07699617 -0.70496047 210 210 210
-0.17420739 -0.052791234 -0.68043512 210 210 210
-0.11320519 -0.050908837 -0.67841834 210 210 210
-0.1124156 0.022257363 -0.64026779 210 210 210
-0.36646241 -0.25449577 -0.75682187 210 210 210
-0.49851334 0.2810103 -0.51524824 210 210 210
-0.41242096 -0.30134282 -0.85663569 210 210 210
-0.061463628 0.53764808 -0.38933757 210 210 210
-0.48233598 0.57416087 -0.69398993 210 210 210
-0.5183906 0.8051092 -0.72036654 210 210 210
-0.16073178 0.073385231 -0.69430405 210 210 210
0.0670655 0.54558146 -0.33426064 210 210 210
-0.17214641 0.063480698 -0.69344634 210 210 210
-0.1922663 0.060530428 -0.68707961 210 210 210
-0.28807351 4.3201177e-05 -0.77947634 210 210 210
-0.76151395 -0.041224118 -0.69350225 210 210 210
-0.15882008 0.19058681 -0.42947435 210 210 210
-0.22653833 -0.096221186 -0.67865396 210 210 210
-0.14492123 0.23017512 -0.39337558 210 210 210
-0.18862189 -0.075426981 -0.72385633 210 210 210
-0.15013433 0.26950195 -0.32624713 210 210 210
-0.29312876 -0.11333056 -0.73562777 210 210 210
-0.096579455 0.59781802 -0.32571101 210 210 210
-1.0209252 -0.28738996 -0.41567403 210 210 210
-0.17422205 0.050309204 -0.68406785 210 210 210
-0.17205411 0.055726156 -0.68812454 210 210 210
-0.63782239 0.8057245 -0.60820556 210 210 210
-0.18793111 0.0565864 -0.69160646 210 210 210
-0.16736181 0.076213241 -0.69303918 210 210 210
-0.46492472 -0.14731859 -0.81260151 210 210 210
-0.92799157 -0.057624009 -0.62762475 210 210 210
-0.18606819 -0.084047891 -0.80966681 210 210 210
-0.14625822 0.0092369374 -0.64661378 210 210 210
-0.73986727 -0.11953082 -0.64651603 210 210 210
-0.25152805 -0.041482337 -0.75136471 210 210 210
-0.76967275 -0.01656986 -0.697218 210 210 210
-0.28911462 0.26185948 -0.39806592 210 210 210
-0.22835821 0.076672919 -0.73630714 210 210 210
-0.16017009 -0.02204304 -0.6489718 210 210 210
-0.69419265 0.49542087 -0.58618605 210 210 210
-0.30521727 -0.11411551 -0.72253358 210 210 210
-0.26219079 -0.08260192 -0.71833098 210 210 210
-0.17648785 0.056792602 -0.691145 210 210 210
-0.1956965 -0.068521693 -0.68466443 210 210 210
-0.17648989 0.049156237 -0.68443662 210 210 210
-0.49478781 -0.10579007 -0.88402849 210 210 210
-0.024009453 -0.81391275 -0.90802699 210 210 210
-0.27182633 -0.059099782 -0.71111429 210 210 210
-1.0014164 0.89073282 -0.58343828 210 210 210
-0.15368901 0.22939305 -0.34649014 210 210 210
-0.091208108 -0.76865727 -0.69021076 210 210 210
-0.15550394 0.49664366 -0.34285608 210 210 210
-0.21822903 0.32761544 -0.28604332 210 210 210
-0.21213607 0.12853631 -0.6770454 210 210 210
-0.1549527 0.23059827 -0.3440488 210 210 210
-0.38765419 0.31317851 -0.59743476 210 210 210
-0.23290429 0.36770943 -0.26149112 210 210 210
-0.24056219 0.40396762 -0.26263189 210 210 210
-0.15132156 -0.073905744 -0.67907435 210 210 210
-0.35292065 0.54490387 -0.65822762 210 210 210
0.12006314 0.3351917 -0.52306479 210 210 210
-0.13345781 0.34866253 -0.35699704 210 210 210
-0.12093494 0.32387769 -0.20867883 210 210 210
-0.55223036 0.25377533 -0.49382487 210 210 210
-0.18911867 0.10827803 -0.79224652 210 210 210
-0.12133528 -0.10417938 -0.68255705 210 210 210
0.028835306 0.010370174 -0.60943949 210 210 210
-0.12188347 0.38457772 -0.30362713 210 210 210
-0.21874377 0.10122196 -0.41635326 210 210 210
-0.16736265 0.22621572 -0.37403068 210 210 210
-0.058971141 -0.48845965 -0.83812261 210 210 210
-0.42959082 -0.14997517 -0.53400844 210 210 210
-0.22744372 0.40877894 -0.19991219 210 210 210
-0.32195991 0.75306088 -0.64414346 210 210 210
-0.25421357 -0.26198536 -0.77184188 210 210 210
-0.27842185 0.58436984 -0.66200989 210 210 210
-0.19053635 0.22579363 -0.3848131 210 210 210
-0.16342838 0.24735537 -0.37904096 210 210 210
-0.14746788 0.3590638 -0.34502065 210 210 210
-0.15125754 0.36418957 -0.34287253 210 210 210
-0.31785247 0.20268027 -0.36028671 210 210 210
-0.24313241 0.28431809 -0.36997253 210 210 210
-0.35907584 0.3528544 -0.59815174 210 210 210
-0.35111058 0.23465796 -0.53452849 210 210 210
-0.14259745 0.28287178 -0.33039147 210 210 210
-0.41044673 -0.16019236 -0.79815722 210 210 210
-0.20147842 0.41500202 -0.27102524 210 210 210
0.28326583 0.54089481 -0.36376897 210 210 210
-0.38551661 -0.28627333 -0.752303 210 210 210
-0.42640463 -0.21990331 -0.50440645 210 210 210
-0.16150241 0.42773393 -0.23429708 210 210 210
-0.2598913 0.67238432 -0.28536192 210 210 210
-0.23724008 0.67663664 -0.3427006 210 210 210
-0.34624559 0.38253316 -0.61609685 210 210 210
-0.34688032 0.50388169 -0.65179259 210 210 210
-0.32779077 0.24655673 -0.54580414 210 210 210
-0.0079101315 -0.81704551 -0.95867801 210 210 210
-0.37862954 -0.12365159 -0.80172229 210 210 210
-0.12377513 0.39270201 -0.34790134 210 210 210
-0.054693818 -0.46723703 -0.84442878 210 210 210
0.20801666 0.50204551 -0.39757776 210 210 210
-0.17639847 0.20446865 -0.38692194 210 210 210
-0.068464622 -0.46855015 -0.84406185 210 210 210
-0.1539446 0.2662155 -0.34201473 210 210 210
-0.15494014 0.25880098 -0.40962619 210 210 210
-0.30074298 0.27563402 -0.28601927 210 210 210
-0.16828601 -0.099238642 -0.69129342 210 210 210
-0.16729271 0.22287518 -0.37577108 210 210 210
-0.15357633 0.2645101 -0.34148505 210 210 210
-0.13559562 0.022160942 -0.65414542 210 210 210
-0.23228629 0.3578817 -0.26440626 210 210 210
-0.27965593 0.33595577 -0.61735302 210 210 210
-0.052649833 -0.46475339 -0.84538168 210 210 210
-0.11615469 0.3990702 -0.35064769 210 210 210
-0.28012139 0.12810771 -0.49010581 210 210 210
-0.34723651 0.06226309 0.10419053 210 210 210
-0.28038374 0.27391508 -0.21854788 210 210 210
-0.035493299 -0.028789517 -0.59548384 210 210 210
-0.15228355 0.23808081 -0.33826065 210 210 210
-0.057175264 -0.45877013 -0.84666181 210 210 210
-0.086080424 -0.46729782 -0.83463484 210 210 210
-0.23546118 0.40894073 -0.26113948 210 210 210
-0.40682724 0.24125548 -0.52876884 210 210 210
-0.052794673 -0.46515611 -0.84545708 210 210 210
-0.14152372 0.47141615 -0.24900962 210 210 210
-0.24568066 0.19740827 -0.50122213 210 210 210
-0.31074864 0.68732989 -0.26901302 210 210 210
-0.14378412 0.28274816 -0.36977944 210 210 210
-0.20415798 0.42484823 -0.29458916 210 210 210
-0.44869789 0.39459223 -0.57857859 210 210 210
0.26864213 0.43132523 -0.38157076 210 210 210
-0.20315412 0.20790465 -0.37028012 210 210 210
-0.081007145 -0.077084146 -0.62688911 210 210 210
-0.18635659 0.22455771 -0.38450545 210 210 210
-0.1452848 0.29695299 -0.35874388 210 210 210
-0.20757253 0.41346797 -0.28392106 210 210 210
-0.10073187 -0.07772892 -0.64000285 210 210 210
-0.15578002 0.22976558 -0.34674934 210 210 210
-0.23286046 0.24899925 -0.75402427 210 210 210
-0.054379102 -0.46608946 -0.84439695 210 210 210
-0.14214972 0.32641086 -0.36098957 210 210 210
-0.15580462 0.34642422 -0.34193039 210 210 210
-0.21427864 0.25389826 -0.40151352 210 210 210
-0.19269474 0.41491187 -0.29276216 210 210 210
-0.16526379 0.081801035 -0.69232267 210 210 210
-0.79111785 -0.076596379 -0.53499323 210 210 210
-0.21540986 0.067852072 -0.42049137 210 210 210
-0.16129529 0.20742504 -0.36891878 210 210 210
-0.053077474 -0.47477701 -0.84056354 210 210 210
-0.055221286 -0.46295589 -0.84448832 210 210 210
-0.078744784 0.59170234 -0.33247384 210 210 210
-0.20732568 0.049332958 -0.72521806 210 210 210
-0.17522636 0.36918902 -0.23518217 210 210 210
-0.015800977 0.52469623 -0.30875194 210 210 210
-0.29553822 -0.059034232 -0.69425935 210 210 210
-0.012054058 -0.80909908 -0.91332501 210 210 210
-0.0059224637 -0.8140949 -0.95898676 210 210 210
-0.17166598 0.11146126 -0.39950821 210 210 210
-0.37979761 -0.27257851 -0.7444703 210 210 210
0.044346318 0.024263494 -0.60194027 210 210 210
-0.22838488 0.058959514 -0.42269161 210 210 210
-0.15640794 0.21349652 -0.35185444 210 210 210
-0.22455585 0.13128962 -0.4031899 210 210 210
-0.17954139 -0.072338358 -0.69600534 210 210 210
-0.15601869 0.35394838 -0.33895016 210 210 210
-0.24144223 0.045903649 -0.73316121 210 210 210
-0.15649329 0.2168 -0.35299504 210 210 210
-0.16282566 0.31681815 -0.38022196 210 210 210
-0.56345117 0.28789172 -0.49372596 210 210 210
-0.20545115 0.39892596 -0.65834391 210 210 210
-0.20790792 0.072484605 -0.43780869 210 210 210
-0.3379713 0.042962793 -0.50269914 210 210 210
-0.30492663 -0.050924342 -0.50781769 210 210 210
0.056277271 0.0068412218 -0.68490487 210 210 210
-0.13054352 0.24558365 -0.39464894 210 210 210
-0.14465334 0.26314405 -0.32313934 210 210 210
-0.38794452 -0.24614467 -0.82064009 210 210 210
-0.05749255 -0.46616399 -0.84510589 210 210 210
-0.054390557 -0.46227291 -0.84472966 210 210 210
-0.12803513 0.35986447 -0.35934436 210 210 210
-0.11562194 -0.047568124 -0.67424709 210 210 210
-0.11051816 0.45154938 -0.33936876 210 210 210
-0.21881129 0.4067151 -0.26896468 210 210 210
-0.22184652 0.35490048 -0.27012482 210 210 210
-0.26510203 0.29909953 -0.22179207 210 210 210
-0.25013629 -0.031086657 -0.75867605 210 210 210
-0.14274377 0.25260434 -0.3280549 210 210 210
-0.27431095 -0.056044478 -0.80288845 210 210 210
-0.32672945 -0.268006 -0.76213366 210 210 210
-0.11139538 0.3286092 -0.36795998 210 210 210
-0.10204751 0.58694428 -0.36602196 210 210 210
-0.18268701 0.36897457 -0.29370353 210 210 210
-0.16538049 0.35181096 -0.38302934 210 210 210
-0.020026907 0.54904598 -0.30012318 210 210 210
0.095935799 -0.00051715074 -0.57047153 210 210 210
-0.71290922 0.48314124 -0.58438051 210 210 210
-0.21549587 0.075131416 -0.42185876 210 210 210
-0.13513483 -0.028754625 -0.6553992 210 210 210
-0.31906962 -0.086325817 -0.28834367 210 210 210
-0.29644483 0.034806479 -0.71108627 210 210 210
-0.33262241 0.39148676 -0.61376143 210 210 210
-0.20086038 0.37164423 -0.19037841 210 210 210
-0.20135878 0.32798064 -0.28439054 210 210 210
-0.18572888 0.2981773 -0.34340018 210 210 210
-0.14490648 0.19569921 -0.35781196 210 210 210
-0.3448973 0.62632984 -0.28773096 210 210 210
-0.31066871 -0.29691061 -0.77850896 210 210 210
-0.21024416 0.19385284 -0.3706044 210 210 210
-0.20292287 0.20635311 -0.37080646 210 210 210
-0.09831778 0.020811368 -0.64079988 210 210 210
-0.056752123 -0.072611034 -0.6107986 210 210 210
-0.49858072 0.56221467 -0.60096323 210 210 210
-0.4122462 -0.19829856 -0.53581858 210 210 210
-0.12933816 0.285647 -0.34856582 210 210 210
0.06539122 0.42931941 -0.69974071 210 210 210
-0.22081243 0.32257059 -0.28108457 210 210 210
-0.14581446 -0.068257131 -0.62695205 210 210 210
-0.23486666 0.11300777 -0.41206414 210 210 210
-0.17151621 0.22188674 -0.38649455 210 210 210
-0.19172183 0.22414869 -0.3888844 210 210 210
-0.20120595 0.19192658 -0.37854534 210 210 210
-0.11897733 -0.042526294 -0.67014855 210 210 210
-0.27816743 0.5824421 -0.32541901 210 210 210
-0.20738022 0.52095735 -0.25007576 210 210 210
0.027951356 -0.87468272 -0.94002277 210 210 210
-0.058669642 -0.81734276 -0.95615005 210 210 210
0.15288809 -0.82886165 -1.2827715 210 210 210
-0.16788764 0.14809756 -0.43544394 210 210 210
-0.13922194 0.23241566 -0.3506256 210 210 210
-0.17965788 0.67601246 -0.3119978 210 210 210
-0.092880219 0.58209282 -0.35893264 210 210 210
-0.11048834 0.011339843 -0.65033007 210 210 210
-0.34191769 0.63259387 -0.28511602 210 210 210
-0.22044785 0.25854403 -0.38195005 210 210 210
-0.054031007 -0.12079263 -0.6427334 210 210 210
-0.18675306 0.20606951 -0.39310518 210 210 210
-0.30476564 0.249118 -0.45738882 210 210 210
-0.2097571 0.066170476 -0.45565686 210 210 210
-0.16135672 0.59473485 -0.24486598 210 210 210
-0.17613707 0.84081548 -0.23948987 210 210 210
-0.20025159 0.38851684 -0.19234866 210 210 210
-0.19692345 0.14462459 -0.39854619 210 210 210
0.19869494 -0.81546891 -0.59267098 210 210 210
-0.39350218 -0.5993225 -0.73230636 210 210 210
-0.043861263 -0.82335669 -0.95516586 210 210 210
-0.021314897 -0.82332194 -0.9567644 210 210 210
-0.24076395 -0.26329648 -0.76279718 210 210 210
-0.068143472 -0.078556158 -0.61841309 210 210 210
-0.0028859102 -0.010828923 -0.60019726 210 210 210
0.026408324 0.016683256 -0.61172074 210 210 210
-0.16392791 0.21315986 -0.38380536 210 210 210
-0.15461521 0.21154457 -0.39239231 210 210 210
-0.20262866 0.2043308 -0.37387782 210 210 210
-0.19774427 0.29335526 -0.30752209 210 210 210
0.8461743 -1.0204782 -0.0038110793 210 210 210
-0.39637449 0.19071296 -0.53243089 210 210 210
-0.062036809 -0.81036955 -0.93271971 210 210 210
-0.075230248 -0.80045712 -0.93437165 210 210 210
0.025566375 0.033890609 -0.70534009 210 210 210
0.21479404 -1.006753 -1.1320837 210 210 210
-0.082049571 -0.077820562 -0.62913537 210 210 210
-0.21578777 0.080000095 -0.42069158 210 210 210
-0.2299761 0.51353747 -0.25015995 210 210 210
-0.026732918 -0.83026403 -0.74463928 210 210 210
0.47942841 -0.52013642 -0.42117888 210 210 210
-0.062666215 -0.093045324 -0.58896691 210 210 210
-0.053818472 -0.82270336 -0.93610799 210 210 210
-0.076313332 -0.79189444 -0.92447978 210 210 210
-0.31708303 -0.612293 -0.77117562 210 210 210
-0.35910988 0.33447504 -0.58333838 210 210 210
-0.1083303 -0.11830214 -0.76592702 210 210 210
-0.20477171 0.82974833 -0.24803232 210 210 210
-0.14060488 0.2852596 -0.35204318 210 210 210
-0.19355543 0.31445494 -0.2981773 210 210 210
-0.010173564 -0.10974398 -0.56578583 210 210 210
-0.041115157 0.072545663 -0.54244572 210 210 210
-0.010237257 -0.81694698 -0.92658478 210 210 210
-0.07534641 -0.80773723 -0.96122968 210 210 210
-0.18789239 0.20280337 -0.39590278 210 210 210
-0.17679203 0.28789121 -0.37709799 210 210 210
-0.31988561 -1.2306063 -0.48234189 210 210 210
-0.052280359 -0.82097453 -0.94279373 210 210 210
-0.18636672 -0.28008872 -0.78144699 210 210 210
-0.13456126 -0.021196092 -0.66403836 210 210 210
-0.082528904 -0.12910157 -0.64958233 210 210 210
-0.32094583 0.40256849 -0.6221652 210 210 210
-0.3284505 0.35477126 -0.59084231 210 210 210
-0.1889416 0.35909799 -0.28122294 210 210 210
-0.24798931 -0.24780817 -0.77416253 210 210 210
-0.029279431 -0.8275314 -0.93551487 210 210 210
-0.23462145 0.94152182 -0.21356492 210 210 210
-0.038469635 -0.8167491 -0.90245676 210 210 210
-0.066398591 -0.080856137 -0.61398405 210 210 210
-0.80991733 -0.061120685 -0.52875626 210 210 210
-0.2370663 -0.0075704884 -0.74466473 210 210 210
-0.33820227 -0.60919118 -0.74001414 210 210 210
-0.092104942 -0.077451363 -0.6281895 210 210 210
0.047241576 0.01759745 -0.60361737 210 210 210
-0.14002383 -0.025047438 -0.62372506 210 210 210
-0.12987964 0.021957368 -0.6536451 210 210 210
-0.34386548 0.66737729 -0.30936715 210 210 210
-0.041233335 -0.82268161 -0.9578014 210 210 210
-0.066543691 -0.08081124 -0.61154199 210 210 210
-0.10902938 -0.067060731 -0.63841575 210 210 210
-0.15079741 -0.086161077 -0.67037481 210 210 210
-0.14164634 -0.02606695 -0.65427375 210 210 210
-0.23898675 0.38365364 -0.25618967 210 210 210
-0.022405175 -0.80553412 -0.90983617 210 210 210
-0.094763614 -0.12645388 -0.66502374 210 210 210
-0.11363982 -0.064436562 -0.63790971 210 210 210
-0.43963131 0.42321131 -0.59933132 210 210 210
-0.12599133 -0.043764535 -0.67651153 210 210 210
-0.25898898 0.37769076 -0.2355821 210 210 210
-0.022803407 -0.82428789 -0.95425284 210 210 210
-0.14828902 -0.070819937 -0.62377012 210 210 210
-0.18175885 -0.10429326 -0.69802213 210 210 210
-0.42532 -0.21933022 -0.83554983 210 210 210
-0.035870016 -0.82499862 -0.95254403 210 210 210
-0.18077575 -0.078451529 -0.6973806 210 210 210
-0.30140123 -0.11039802 -0.7894842 210 210 210
-0.37576696 0.22387692 -0.53123099 210 210 210
-0.29410917 -0.056567252 -0.6995405 210 210 210
-0.29797858 0.11898311 -0.4135325 210 210 210
-0.82427037 0.055661358 -0.60904074 210 210 210
-0.26374751 0.2636964 -0.60417014 210 210 210
-0.24703871 0.25198212 -0.6136958 210 210 210
-0.34061718 0.054419216 -0.77805364 210 210 210
-0.23763753 0.2679649 -0.60624266 210 210 210
-0.89594811 1.1125387 -0.67640424 210 210 210
-0.84877282 0.054669928 -0.59919292 210 210 210
-0.90426975 0.075075954 -0.60161602 210 210 210
-0.52740884 -0.12062218 -0.91233653 210 210 210
-0.35624152 0.067616552 -0.73194557 210 210 210
-0.84977186 0.062492594 -0.60080856 210 210 210
-0.56659728 0.73070228 -0.70342994 210 210 210
-0.55739808 0.74858439 -0.72304398 210 210 210
-0.85764009 0.071441472 -0.6230942 210 210 210
-0.55930042 0.76251328 -0.70958161 210 210 210
-1.1964778 0.62686622 -0.60638976 210 210 210
-1.2338804 0.2763077 -0.48906779 210 210 210
-0.38518056 0.072982147 -0.80353075 210 210 210
-0.049496524 0.33023974 -0.6789521 210 210 210
-0.67238086 0.67939407 -0.66615468 210 210 210
-0.69138622 0.4974688 -0.58554673 210 210 210
-0.50833863 0.82942331 -0.69183916 210 210 210
-0.20887604 0.12289493 -0.71821892 210 210 210
-0.20923726 0.13877247 -0.67982227 210 210 210
-0.29509377 0.24475658 -0.71656561 210 210 210
-0.9083693 0.90029544 -0.61201644 210 210 210
-0.66330779 0.37956867 -0.54870605 210 210 210
-0.91707259 0.077038117 -0.61203223 210 210 210
-0.67852116 0.65664959 -0.66513997 210 210 210
-0.55591959 0.7599355 -0.7070362 210 210 210
-0.89981508 0.12020546 -0.64273226 210 210 210
-0.60890335 0.71838987 -0.72452664 210 210 210
-0.64100516 0.69938946 -0.6935482 210 210 210
-0.63034242 0.42071787 -0.5431357 210 210 210
-0.68350738 0.48839006 -0.57947081 210 210 210
-0.25235918 0.26936346 -0.60499173 210 210 210
-0.24170288 0.255263 -0.6097163 210 210 210
-0.63426006 0.62530738 -0.64463371 210 210 210
-0.69351029 0.49331295 -0.58498526 210 210 210
-0.021316037 0.34256041 -0.71881908 210 210 210
-0.65091777 0.61565417 -0.62566793 210 210 210
-0.22452909 0.12522288 -0.66589898 210 210 210
-0.2048815 0.13852467 -0.68368423 210 210 210
-0.63025075 0.37294695 -0.55444592 210 210 210
-0.55441993 0.74025887 -0.68869323 210 210 210
-0.69008327 0.51751661 -0.6066792 210 210 210
-0.63898683 0.6825918 -0.68734747 210 210 210
-0.26645872 0.26912257 -0.76597583 210 210 210
-0.21879791 0.23848872 -0.74826533 210 210 210
-0.24329695 0.28629732 -0.76192743 210 210 210
-0.63114041 0.71301883 -0.69403684 210 210 210
-0.43875894 0.82179219 -0.67894816 210 210 210
-0.65233248 0.65756881 -0.65832663 210 210 210
-0.66482168 0.48235124 -0.58446151 210 210 210
-0.70717698 0.48937541 -0.58404344 210 210 210
-0.65232497 0.64942688 -0.6442529 210 210 210
-0.68623048 0.37755653 -0.57445103 210 210 210
-0.23557793 0.14403981 -0.66192156 210 210 210
-0.51864737 -0.067008257 -0.86425692 210 210 210
-0.68582278 0.56561494 -0.62842673 210 210 210
-0.67017221 0.64703721 -0.66018653 210 210 210
-0.87910086 0.1019899 -0.62785512 210 210 210
-0.61094016 0.77083069 -0.74339712 210 210 210
-0.5524289 0.7727021 -0.70554888 210 210 210
-0.21687357 0.25378257 -0.74377131 210 210 210
-0.63702625 0.70608878 -0.69374168 210 210 210
-0.6749683 0.65724587 -0.65709728 210 210 210
-0.042389829 0.36793339 -0.69673079 210 210 210
-0.51514661 0.81311178 -0.68692446 210 210 210
-0.64533889 0.66240281 -0.65833586 210 210 210
-0.70235312 0.49069005 -0.58432305 210 210 210
-0.52569771 0.82418489 -0.69629395 210 210 210
-0.47764069 0.35955727 -0.56331056 210 210 210
-0.59585142 0.65037668 -0.73532271 210 210 210
-0.70991766 0.36176786 -0.550668 210 210 210
-1.0892648 0.24640419 -0.51906776 210 210 210
-0.42781863 0.78619331 -0.65678924 210 210 210
-0.6614691 0.66964418 -0.66567308 210 210 210
-0.65562016 0.66350597 -0.66117197 210 210 210
-0.640154 0.6529969 -0.6557523 210 210 210
-0.25069425 0.26095313 -0.6051085 210 210 210
-0.65872574 0.59021878 -0.62397915 210 210 210
-0.82280457 0.9523204 -0.61541653 210 210 210
-0.53680378 0.80219239 -0.70191312 210 210 210
-0.30318937 0.20678973 -0.77053738 210 210 210
-0.20977569 0.18939872 -0.65021616 210 210 210
-0.68660522 0.61718476 -0.64642173 210 210 210
-0.28239319 0.28130627 -0.76952368 210 210 210
-0.68431723 0.60695773 -0.64190507 210 210 210
-0.66853499 0.54385781 -0.60316867 210 210 210
-0.59570396 0.73385853 -0.67704666 210 210 210
0.066971391 0.42653352 -0.69512993 210 210 210
-0.67766768 0.62098521 -0.6436041 210 210 210
-0.5653469 0.726767 -0.74407488 210 210 210
-0.65720516 0.65406334 -0.65890968 210 210 210
-0.66564602 0.64665383 -0.65512341 210 210 210
-0.67565548 0.54859143 -0.59076589 210 210 210
-0.68863672 0.56926233 -0.62994772 210 210 210
-0.88758594 0.14502457 -0.6309303 210 210 210
-0.27811733 0.29935497 -0.77471268 210 210 210
-0.25070387 0.29569611 -0.6033724 210 210 210
-0.18794164 0.11963616 -0.68974036 210 210 210
-0.733051 0.28875196 -0.57325286 210 210 210
-0.20365316 0.18468601 -0.65593117 210 210 210
-0.91266423 0.11108131 -0.6302169 210 210 210
-0.26212868 0.15060107 -0.75014442 210 210 210
-0.2007651 0.13273169 -0.68581408 210 210 210
-0.78097689 0.13563149 -0.6598984 210 210 210
-0.65747792 0.68953556 -0.67207903 210 210 210
-0.19621158 0.11569637 -0.68563563 210 210 210
-0.20081906 0.12733093 -0.68678743 210 210 210
-0.67959589 0.4151977 -0.55597085 210 210 210
-0.5393784 0.79216129 -0.72513103 210 210 210
-0.20632222 0.11528356 -0.67807299 210 210 210
-0.66508436 0.55494761 -0.6531437 210 210 210
-0.5535782 -0.11949223 -0.85250616 210 210 210
-0.66185075 0.65785176 -0.66079134 210 210 210
-0.5503481 0.74897432 -0.71241367 210 210 210
-0.67582542 0.67627072 -0.6672501 210 210 210
-0.50952268 -0.10750926 -0.91310757 210 210 210
-0.91824722 0.1436131 -0.58146966 210 210 210
-0.023468772 0.34726062 -0.68197137 210 210 210
-0.19839448 0.13625062 -0.70039976 210 210 210
-0.18071906 0.080412284 -0.68824798 210 210 210
-0.49242935 0.65938932 -0.72551101 210 210 210
-0.12044399 0.2267814 -0.68665892 210 210 210
-0.22473478 0.059355181 -0.66180646 210 210 210
-0.17670181 0.084123418 -0.6896652 210 210 210
-0.20994994 0.10077696 -0.6340493 210 210 210
-0.22122422 0.10381348 -0.72179067 210 210 210
-0.6488322 0.60987449 -0.67689824 210 210 210
-0.21744017 0.06017632 -0.66708404 210 210 210
-0.23245849 0.090944856 -0.63056904 210 210 210
-0.21391454 0.10913428 -0.6405865 210 210 210
-0.19975148 0.12054928 -0.68548262 210 210 210
-0.46995127 -0.069157407 -0.77544332 210 210 210
-0.62387186 0.69268405 -0.70386696 210 210 210
-0.1941455 0.055303004 -0.68652713 210 210 210
-0.17243527 0.067405514 -0.69264692 210 210 210
-0.68806118 0.31464833 -0.58366013 210 210 210
-0.17715964 0.096443266 -0.6908673 210 210 210
-0.27750906 0.12685758 -0.75475389 210 210 210
-0.19282186 0.13150415 -0.68957525 210 210 210
-0.59072834 0.65423936 -0.73898894 210 210 210
-0.92051756 0.057473782 -0.61244941 210 210 210
-0.25022045 0.044619046 -0.64209801 210 210 210
-0.69432992 0.29861027 -0.58078229 210 210 210
-0.18027997 0.099383503 -0.69015259 210 210 210
-0.19721483 0.11318575 -0.68414581 210 210 210
-0.19971269 0.12370854 -0.6862939 210 210 210
-0.7690106 0.7356602 -0.62667632 210 210 210
-0.54241401 0.68709815 -0.71444774 210 210 210
-0.59920168 0.68730658 -0.72091585 210 210 210
-0.20085065 0.050366569 -0.68337899 210 210 210
-0.24788617 0.099345297 -0.63172084 210 210 210
-0.30322757 0.18520658 -0.7680077 210 210 210
-0.23258141 0.15259187 -0.62579155 210 210 210
-0.68882412 0.48596659 -0.6032362 210 210 210
-0.77940738 0.073958062 -0.63035506 210 210 210
-0.78265476 0.1148695 -0.65089172 210 210 210
-0.70441842 0.2793639 -0.58103114 210 210 210
-0.19802748 0.057530858 -0.68448532 210 210 210
-0.24252193 0.13878305 -0.66197634 210 210 210
-0.77273637 -0.025631674 -0.67230761 210 210 210
-0.23221588 0.1348815 -0.77081382 210 210 210
-0.19239132 0.071943559 -0.68493766 210 210 210
-0.31710827 0.72866672 -0.30116129 210 210 210
-0.18839386 0.065539606 -0.68691689 210 210 210
-0.31936401 0.011840688 -0.71051347 210 210 210
-0.23865663 0.055719417 -0.75058389 210 210 210
-0.67258656 0.35101241 -0.59127712 210 210 210
-0.21429145 0.067925498 -0.66843921 210 210 210
-0.18947421 0.093552008 -0.68707168 210 210 210
-0.71021008 0.27276656 -0.57892323 210 210 210
-0.17650187 0.14827178 -0.70040137 210 210 210
-0.24600689 0.14174943 -0.6733979 210 210 210
-0.69412076 0.28198543 -0.54795414 210 210 210
-0.23823126 0.051702831 -0.64415139 210 210 210
-0.19718525 0.084972806 -0.68371588 210 210 210
-0.7212528 0.33079147 -0.56993324 210 210 210
-0.63311577 -0.18613364 -0.65152794 210 210 210
-0.20795986 0.11733788 -0.63352615 210 210 210
-0.23418723 0.13603199 -0.6581105 210 210 210
-0.2268566 0.041999534 -0.65029752 210 210 210
-0.19557314 0.056747556 -0.6874423 210 210 210
-0.73499882 0.29013345 -0.57318145 210 210 210
-0.47812653 0.66824579 -0.71927017 210 210 210
-0.70996374 0.25237891 -0.57797027 210 210 210
-0.5450651 -0.5323537 -0.59297055 210 210 210
-0.18404005 0.047266666 -0.68972385 210 210 210
-0.20290755 0.047201835 -0.68446469 210 210 210
-0.25089034 0.046962261 -0.64061606 210 210 210
-0.18943475 0.08787863 -0.6859042 210 210 210
-0.66308111 -0.29326651 -0.65905678 210 210 210
-0.54165184 -0.55003929 -0.59277648 210 210 210
-0.30541736 -0.053915985 -0.72227186 210 210 210
-0.16567342 0.069860034 -0.69249827 210 210 210
-0.21127172 0.064080849 -0.67680663 210 210 210
-0.25755376 0.056008622 -0.643507 210 210 210
-0.73118293 -0.053129602 -0.68120354 210 210 210
-0.25479835 0.092969015 -0.67762893 210 210 210
-0.26547733 0.16691832 -0.75347763 210 210 210
-0.60093409 0.30854782 -0.59350908 210 210 210
-0.3026748 0.19913073 -0.38588279 210 210 210
-0.19096476 0.041818731 -0.679699 210 210 210
-0.2282214 0.035811353 -0.64864725 210 210 210
-0.1805432 0.059044957 -0.69018018 210 210 210
-0.22965834 0.058265273 -0.65451944 210 210 210
-0.21845786 0.088685505 -0.6296438 210 210 210
-0.17916273 0.098209158 -0.69021171 210 210 210
-0.70880705 0.30572128 -0.58176416 210 210 210
-0.17125481 0.13796438 -0.69693267 210 210 210
-0.19182305 0.11982179 -0.68782222 210 210 210
-0.16656435 -0.076317862 -0.8018285 210 210 210
-1.0042268 -0.32163912 -0.39147931 210 210 210
-0.82002014 -0.13496572 -0.64719313 210 210 210
-0.20680529 0.30901003 -0.26756993 210 210 210
-0.22421417 -0.04296992 -0.79984301 210 210 210
-0.17425071 0.053129572 -0.68726581 210 210 210
-0.68294537 0.40848693 -0.62321788 210 210 210
-0.16867653 0.077314004 -0.69385523 210 210 210
-0.69310498 0.3051936 -0.58370584 210 210 210
-0.30293316 0.14341076 -0.76996213 210 210 210
-0.2471799 0.097543038 -0.62758309 210 210 210
-0.32122138 0.13558415 -0.76567513 210 210 210
-0.20904642 0.11004405 -0.67550987 210 210 210
-0.21177582 0.11450848 -0.67315978 210 210 210
-0.19719921 0.13041382 -0.68668222 210 210 210
-0.19681635 -0.064961337 -0.75407183 210 210 210
-0.53715575 -0.43514147 -0.74187768 210 210 210
-0.18186331 0.046005253 -0.67922282 210 210 210
-0.62148088 0.34060553 -0.61098683 210 210 210
-0.31797078 -0.0026813399 -0.74172801 210 210 210
-0.69542259 0.3052156 -0.58132815 210 210 210
-0.29221258 0.13410057 -0.76331896 210 210 210
-0.74628532 0.25730142 -0.58083284 210 210 210
-0.21385586 0.12015405 -0.67162573 210 210 210
-0.7609241 -0.23484348 -0.6297515 210 210 210
-0.5393458 0.51100725 -0.72949737 210 210 210
-0.18620129 0.04684199 -0.6830346 210 210 210
-0.23489846 0.084416755 -0.62086898 210 210 210
-0.56033111 -0.30757326 -0.78392541 210 210 210
-0.16651152 -0.0107314 -0.63163269 210 210 210
-0.20823666 0.046495594 -0.67407441 210 210 210
-0.70125645 0.2924003 -0.57841533 210 210 210
-0.64265412 0.4097496 -0.64042431 210 210 210
-0.63380778 0.3855179 -0.63191688 210 210 210
-0.6462546 0.38806731 -0.62499374 210 210 210
-0.67302567 0.3723799 -0.60659951 210 210 210
-0.17465834 0.074309379 -0.69092298 210 210 210
-0.19948296 0.043246586 -0.68510306 210 210 210
-0.021739231 -0.81354487 -0.94486851 210 210 210
-0.13903566 -0.006920143 -0.64232582 210 210 210
-0.11643103 0.021439945 -0.64976233 210 210 210
-0.2903876 -0.059304312 -0.70062417 210 210 210
-0.075442046 -0.074234888 -0.62653536 210 210 210
-0.17448847 -0.091443799 -0.80430579 210 210 210
-0.19968344 -0.081003882 -0.73734665 210 210 210
-0.11804657 -0.046766121 -0.67029744 210 210 210
-0.56503415 -0.2754223 -0.80675739 210 210 210
-0.63452351 0.36185005 -0.6232819 210 210 210
-0.10715198 -0.76324916 -0.89290249 210 210 210
-0.17092684 -0.073948517 -0.63909554 210 210 210
-0.27922037 -0.24648508 -0.81006199 210 210 210
-0.28071663 -0.13636498 -0.77206337 210 210 210
-0.13654041 0.014167466 -0.64075541 210 210 210
-0.49592623 -0.53586924 -0.59061402 210 210 210
-0.20693153 0.061348807 -0.67571062 210 210 210
-0.13048288 -0.10715709 -0.6465857 210 210 210
-0.1510399 -0.089723386 -0.66500974 210 210 210
-0.17250988 -0.058819387 -0.64942336 210 210 210
-0.13444071 -0.070062265 -0.67680192 210 210 210
-1.2326589 0.061646953 0.075284928 210 210 210
-1.1520413 -0.77516788 -0.53854549 210 210 210
-0.62638044 0.38123503 -0.62356496 210 210 210
-0.21396618 0.042795822 -0.65335709 210 210 210
-0.19523409 0.059001911 -0.68590099 210 210 210
-0.3353678 -0.62645561 -0.77191532 210 210 210
-0.13862987 -0.069273822 -0.63196409 210 210 210
-0.12922184 -0.051721346 -0.6322912 210 210 210
-0.32155958 -0.16277134 -0.68855804 210 210 210
-0.63348037 -0.25713912 -0.75323093 210 210 210
-0.42817104 -0.69554174 -0.78374052 210 210 210
-0.22693142 0.050266925 -0.65066224 210 210 210
0.14169492 -1.0066725 -1.1707305 210 210 210
-0.11533692 -0.06202152 -0.64015949 210 210 210
-0.16579457 -0.068755612 -0.65395981 210 210 210
-0.29191834 -0.089697607 -0.71834034 210 210 210
-0.18334441 0.058271129 -0.68962252 210 210 210
-0.19457376 -0.11566958 -0.73959321 210 210 210
-0.17267655 -0.072260238 -0.75106877 210 210 210
-0.18384181 0.049903687 -0.68874842 210 210 210
-0.86689204 -0.18518995 -0.65192616 210 210 210
-0.18473685 0.060062479 -0.68972909 210 210 210
-0.66164404 -0.29425433 -0.6826694 210 210 210
-0.13139214 -0.81659037 -0.77841854 210 210 210
-0.093843549 -0.81945592 -0.96745181 210 210 210
-0.20390067 0.08250834 -0.42223585 210 210 210
-0.18306628 -0.10782067 -0.71736401 210 210 210
-0.15617667 -0.047374077 -0.65001172 210 210 210
-0.16847536 -0.063612267 -0.65660065 210 210 210
-0.12309401 -0.065142669 -0.67317265 210 210 210
-0.16892214 -0.06628634 -0.80216897 210 210 210
-0.27066481 -0.12561592 -0.80881101 210 210 210
-0.33680397 0.0039278679 -0.59363908 210 210 210
-0.27090719 -0.11009238 -0.80077618 210 210 210
-0.18131943 0.043856427 -0.68072248 210 210 210
-0.35221794 -0.61055028 -0.76933581 210 210 210
-0.027403748 -0.80896538 -0.93653286 210 210 210
0.17205893 -1.027012 -1.1502268 210 210 210
-0.27958491 -0.30791005 -0.80884212 210 210 210
-0.53320169 -0.3185479 -0.76965839 210 210 210
-0.15633754 -0.10036038 -0.78832465 210 210 210
-0.14380947 -0.058883458 -0.63744831 210 210 210
-0.1265416 -0.060842197 -0.64490956 210 210 210
-0.55219877 -0.32166281 -0.78709781 210 210 210
-0.18187499 -0.082558244 -0.80104035 210 210 210
-0.13600083 -0.076360784 -0.67565209 210 210 210
-0.28575128 -0.14851715 -0.74203581 210 210 210
-0.14842217 0.00015079917 -0.64532661 210 210 210
-0.12243777 -0.042055659 -0.66773778 210 210 210
-0.21766542 -0.008524375 -0.7363317 210 210 210
-0.46100289 -0.32936886 -0.76112598 210 210 210
-0.12472001 -0.13512804 -0.66027415 210 210 210
-0.15272383 -0.067884617 -0.62453347 210 210 210
-0.21088102 -0.11324453 -0.73964512 210 210 210
-0.14835989 -0.083343849 -0.67118102 210 210 210
-0.11757007 -0.013718189 -0.64495862 210 210 210
-0.14567755 -0.064682208 -0.68455857 210 210 210
-0.32254121 -0.14460841 -0.71620816 210 210 210
-0.32115605 -0.12790461 -0.70186639 210 210 210
-0.31981707 -0.12000255 -0.71322161 210 210 210
-0.51371789 0.55553579 -0.69479084 210 210 210
-0.4780165 -0.33717066 -0.76161331 210 210 210
-0.13746533 -0.80934536 -0.79997844 210 210 210
-0.094529778 -0.82446617 -0.95552069 210 210 210
-0.53321183 -0.32878098 -0.77432066 210 210 210
-0.13938087 -0.067728117 -0.6356433 210 210 210
-0.77122295 -0.20615867 -0.64361531 210 210 210
-0.11055175 -0.067443661 -0.67732549 210 210 210
-0.17322575 -0.052259497 -0.7499842 210 210 210
-0.124836 0.036564864 -0.63295496 210 210 210
-0.54818934 0.2451939 -0.49472284 210 210 210
-0.49231198 -0.33037406 -0.7618348 210 210 210
-0.10186876 -0.83462697 -0.95718801 210 210 210
-0.51686472 -0.32626945 -0.77307403 210 210 210
-0.14191893 -0.084729373 -0.62863231 210 210 210
-0.12322729 -0.053884048 -0.6416778 210 210 210
-0.37383327 -0.13804524 -0.54963619 210 210 210
-0.14403206 -0.029790342 -0.66258776 210 210 210
-0.28371412 0.2498645 -0.31796607 210 210 210
-0.54685467 -0.38914615 -0.63578653 210 210 210
0.10922474 -1.0021536 -1.0904813 210 210 210
-0.16084102 -0.076493219 -0.63985205 210 210 210
-0.52432656 -0.56190026 -0.5943529 210 210 210
-0.31917357 -0.14983043 -0.76235986 210 210 210
-0.57980782 -0.36920604 -0.62874287 210 210 210
-0.80208993 -0.16528295 -0.65594435 210 210 210
-0.16603695 -0.054076444 -0.7980293 210 210 210
-0.51025599 -0.34381166 -0.75046891 210 210 210
-0.25657111 -0.13278224 -0.77978468 210 210 210
-0.77512765 -0.22989742 -0.62913299 210 210 210
-0.14652559 -0.81030589 -0.79103357 210 210 210
-0.13934694 -0.066158749 -0.6338532 210 210 210
-0.30154341 -0.16287163 -0.708408 210 210 210
-0.54409522 -0.45048863 -0.7321046 210 210 210
-0.32598203 -0.61391705 -0.77329934 210 210 210
-0.14160196 -0.069273673 -0.63021296 210 210 210
-0.13292803 -0.068790376 -0.65167063 210 210 210
-0.31312969 -0.14880098 -0.72038656 210 210 210
-0.6402328 0.38181648 -0.6276055 210 210 210
-0.53018749 -0.44288447 -0.70173728 210 210 210
0.13120548 -0.85083753 -1.3282392 210 210 210
-0.13674097 -0.064204469 -0.63444239 210 210 210
-0.59993565 -0.33021465 -0.77385008 210 210 210
-0.14379381 -0.041079823 -0.61724555 210 210 210
-0.60284203 0.28973672 -0.58646482 210 210 210
-0.66137254 -0.34294522 -0.6421628 210 210 210
-0.63541883 0.14152846 -0.54064906 210 210 210
-0.51453322 -0.4411948 -0.74761236 210 210 210
0.098951012 -0.66973692 -0.77548623 210 210 210
-0.013461597 -0.82090133 -0.95150375 210 210 210
-0.18046024 -0.12674516 -0.71591228 210 210 210
-0.14126422 -0.065147668 -0.63999373 210 210 210
-0.58553988 0.049982335 -0.55650413 210 210 210
-0.55452442 -0.29691708 -0.78373897 210 210 210
-0.65892148 0.19481616 -0.51588422 210 210 210
-0.96785825 -0.55021888 -0.27274638 210 210 210
-1.0434977 -0.7999981 -0.52028924 210 210 210
-0.58435053 -0.5060088 -0.58811116 210 210 210
-0.6385777 0.35398769 -0.61970967 210 210 210
-0.63936919 -0.34513533 -0.6324625 210 210 210
-0.12561528 -0.1398665 -0.66641659 210 210 210
-0.16953655 -0.085803546 -0.63509202 210 210 210
-0.2110932 -0.12104569 -0.72910666 210 210 210
-0.31968179 -0.15271445 -0.6985417 210 210 210
-0.64431494 -1.1187886 -0.016899705 210 210 210
-0.058170073 -0.81924891 -0.96323341 210 210 210
-0.13251667 -0.14577995 -0.66335672 210 210 210
-0.6742602 -0.32510003 -0.63484913 210 210 210
-0.45998088 0.06844914 -0.56743288 210 210 210
-0.46155462 0.14230177 -0.5858624 210 210 210
-0.49306655 -0.36839688 -0.74341935 210 210 210
-0.68756664 -0.31223789 -0.63409507 210 210 210
-0.55762315 -0.32122463 -0.79178387 210 210 210
-0.63844037 0.38126937 -0.63043755 210 210 210
-0.14383686 0.24893467 -0.33155069 210 210 210
-0.54333884 -0.39985529 -0.63456273 210 210 210
-0.65739757 0.41135368 -0.62054974 210 210 210
-0.27116773 -1.1403855 -0.57950008 210 210 210
-0.13386731 -0.80890483 -0.8016485 210 210 210
-0.10468297 -0.070833825 -0.63574177 210 210 210
-0.16989307 -0.075042412 -0.66028756 210 210 210
-0.34067574 -0.15466446 -0.68605757 210 210 210
-0.2778478 -0.1331739 -0.78710294 210 210 210
-0.5700174 -0.23334736 -0.56351084 210 210 210
-0.018836623 -0.82430881 -0.95121467 210 210 210
-0.091664441 -0.81117851 -0.96793342 210 210 210
-0.45053831 -0.12592733 -0.56965429 210 210 210
-0.14663351 -0.063262746 -0.63859749 210 210 210
-0.12744494 -0.061599139 -0.67752326 210 210 210
-0.38891688 -0.0075862752 -0.57437479 210 210 210
-0.66427648 0.2078689 -0.5181672 210 210 210
-0.51119697 -0.61625195 -0.67615908 210 210 210
-0.49053028 -0.34651431 -0.76211762 210 210 210
-0.095326662 -0.82752979 -0.96691519 210 210 210
-0.13769548 -0.070161328 -0.62713057 210 210 210
-0.15378749 -0.066213496 -0.62632209 210 210 210
-0.11736019 -0.088116825 -0.66922361 210 210 210
-0.14439654 -0.043881055 -0.65117872 210 210 210
-0.32001317 -0.14411177 -0.69880956 210 210 210
-0.29133958 -0.12923434 -0.73954123 210 210 210
-0.54529768 -0.55443215 -0.58865517 210 210 210
-0.57905293 -0.51008373 -0.58724165 210 210 210
-0.62361151 -0.38659397 -0.63553715 210 210 210
-0.50811303 -0.35015389 -0.74622399 210 210 210
-0.51761788 -0.34107399 -0.75146979 210 210 210
0.070315637 -0.85035795 -1.3209323 210 210 210
-0.16375919 -0.072648592 -0.65153491 210 210 210
-0.5188455 0.18091291 -0.58350652 210 210 210
-1.076593 -0.034389209 -0.52681047 210 210 210
-0.33008119 0.64946181 -0.32245913 210 210 210
-0.59638506 -0.50484067 -0.63153005 210 210 210
-0.41403571 -0.33341208 -0.75831801 210 210 210
-0.5336799 -0.34169617 -0.77112734 210 210 210
-0.54761851 -0.30961677 -0.75816882 210 210 210
-0.16714546 -0.058153838 -0.80424207 210 210 210
-0.52516603 -0.53275698 -0.61651623 210 210 210
-0.52537483 -0.61737597 -0.66754758 210 210 210
-0.012975214 -0.8216027 -0.95030707 210 210 210
-0.63939399 0.11898286 -0.51078933 210 210 210
-0.13527469 -0.075551093 -0.67608255 210 210 210
-0.60481614 0.45325905 -0.66858405 210 210 210
-0.56561482 -0.31853694 -0.59882307 210 210 210
-0.78489918 -0.20956019 -0.6278193 210 210 210
-0.6057955 -0.50376803 -0.63687682 210 210 210
-0.56291628 -0.32959965 -0.76679295 210 210 210
-0.67961389 0.17743267 -0.51744825 210 210 210
-0.15062889 -0.030436398 -0.66318965 210 210 210
-0.13395289 0.55866444 -0.28301975 210 210 210
-0.18469605 0.043527465 -0.74209529 210 210 210
-0.18347757 0.43519032 -0.20870666 210 210 210
-0.20864367 0.37498847 -0.2788496 210 210 210
0.28250456 0.56277937 -0.39513016 210 210 210
-0.29998982 -0.030427899 -0.75457412 210 210 210
-0.24303581 0.36903769 -0.24133499 210 210 210
-0.1635683 0.45062947 -0.23165989 210 210 210
-0.092896543 -0.4637486 -0.83849841 210 210 210
-0.059284516 -0.45127788 -0.84403378 210 210 210
0.085833661 -0.5100019 -0.94790512 210 210 210
-0.052900326 -0.46534151 -0.8453427 210 210 210
-0.24783699 0.15895617 -0.41488063 210 210 210
-0.38030255 0.62767047 -0.3615807 210 210 210
-0.22641519 0.77100444 -0.24751125 210 210 210
-0.32359493 0.34191933 -0.46778277 210 210 210
-0.19401745 0.38159242 -0.57005 210 210 210
-0.06490162 0.57518524 -0.32936493 210 210 210
0.24430721 0.46830168 -0.39060622 210 210 210
-0.19024737 0.22875251 -0.38462511 210 210 210
0.019598294 0.53961724 -0.31512335 210 210 210
0.15454844 0.52879202 -0.50683677 210 210 210
-0.15944166 0.31005803 -0.23644559 210 210 210
-0.10572887 0.14910884 0.033953499 210 210 210
-0.17901358 0.099169463 -0.69891709 210 210 210
-0.79211223 0.070264719 -0.62794363 210 210 210
-0.21435417 0.13353324 -0.63319194 210 210 210
-0.17355879 0.076806128 -0.69243664 210 210 210
-0.3401536 0.83559686 -0.38636482 210 210 210
-0.21816084 0.043146517 -0.65332288 210 210 210
-0.30565253 -0.03175528 -0.76980126 210 210 210
-0.64611065 0.62388414 -0.6538257 210 210 210
-0.77463841 0.11052763 -0.65500408 210 210 210
-0.058162734 -0.46570644 -0.8459093 210 210 210
-0.052937806 -0.46850961 -0.84394872 210 210 210
-0.072044514 -0.43984514 -0.83661759 210 210 210
-0.054576457 -0.46368888 -0.84530854 210 210 210
0.061571646 -0.48491916 -0.91409361 210 210 210
-0.070045054 -0.47444403 -0.84129763 210 210 210
0.27183881 -0.3753618 -0.82096988 210 210 210
-0.054827131 -0.46957645 -0.84372109 210 210 210
-0.03616016 0.52554911 -0.28216338 210 210 210
-0.14982687 0.21766223 -0.35368332 210 210 210
0.055748489 0.52433598 -0.3483068 210 210 210
0.005316528 0.45340434 -0.56937087 210 210 210
-0.18172407 0.37273383 -0.29783911 210 210 210
-0.24022081 0.49930748 -0.27181157 210 210 210
-0.61082983 0.72749746 -0.720034 210 210 210
-0.31361428 -0.015696552 -0.74075484 210 210 210
-0.76371831 -0.046778198 -0.69500214 210 210 210
-0.69426733 0.51759529 -0.58344388 210 210 210
-0.66880226 0.6398626 -0.64921618 210 210 210
-0.20315206 0.33586422 -0.60545254 210 210 210
-0.16586463 0.066598319 -0.69123405 210 210 210
-0.23498325 0.32706332 -0.60157835 210 210 210
-0.65126354 0.53799939 -0.59696019 210 210 210
-0.26914641 0.29873458 -0.77046806 210 210 210
-0.18047176 0.097102419 -0.70007449 210 210 210
-0.28482836 1.2512528 -0.1760188 210 210 210
-0.2529847 -0.034808613 -0.74837774 210 210 210
0.70087433 0.58325064 -0.43658704 210 210 210
-0.44191226 0.6171937 -0.48432919 210 210 210
-0.0032374333 0.19418752 -0.7611497 210 210 210
0.061000593 0.55919093 -0.33359569 210 210 210
-0.059139416 -0.45289242 -0.844697 210 210 210
-0.091885537 -0.46162388 -0.83805937 210 210 210
-0.092776604 -0.46121278 -0.83796328 210 210 210
-0.32146597 0.26313835 -0.54761708 210 210 210
-0.15426183 0.22988312 -0.37868845 210 210 210
-0.063841239 0.64701337 -0.31552246 210 210 210
0.091797918 0.018199824 -0.68349534 210 210 210
-0.15627478 0.31432965 -0.35438585 210 210 210
-0.19275725 0.39435336 -0.6149714 210 210 210
-0.19511642 0.39243373 -0.2973547 210 210 210
-0.081746317 -0.48323214 -0.83465922 210 210 210
-0.048998866 -0.46739072 -0.84418839 210 210 210
-0.053253252 -0.46583524 -0.84456736 210 210 210
-0.056743328 -0.45423853 -0.84705597 210 210 210
-0.07946533 -0.46089944 -0.83377743 210 210 210
-0.049089022 -0.46915457 -0.84315354 210 210 210
-0.057499643 -0.4698751 -0.84284973 210 210 210
-0.056678921 -0.46226799 -0.84698606 210 210 210
-0.015450648 -0.69954121 -0.85816216 210 210 210
-0.047147583 -0.46894592 -0.84321815 210 210 210
-0.053419933 -0.4678731 -0.84424919 210 210 210
-0.018360488 -0.47555944 -0.84078735 210 210 210
-0.049938735 -0.47101024 -0.84231746 210 210 210
-0.067418121 -0.46776462 -0.84442508 210 210 210
-0.056824837 -0.46189308 -0.84394127 210 210 210
-0.060754329 -0.48013139 -0.83738106 210 210 210
-0.068504952 -0.47141722 -0.84295142 210 210 210
0.0093274666 -0.43318239 -0.86589909 210 210 210
-0.04781495 -0.47221303 -0.84139967 210 210 210
-0.31339765 0.28489187 -0.55740231 210 210 210
-0.32006502 0.26742843 -0.5482471 210 210 210
0.0065450319 0.049650025 -0.57119191 210 210 210
-0.077791236 0.5898329 -0.32612824 210 210 210
0.023119155 0.022049073 -0.67657572 210 210 210
-0.31526959 0.28199294 -0.55568087 210 210 210
0.10448939 0.030546833 -0.68406594 210 210 210
-0.0073219272 0.53601938 -0.30699489 210 210 210
0.13600038 0.0407198 -0.6075356 210 210 210
0.17627399 0.059098534 -0.57394296 210 210 210
0.037256651 -0.034004565 -0.5757392 210 210 210
-0.053016931 -0.46555725 -0.8450793 210 210 210
-0.39302945 0.022129931 -0.82415682 210 210 210
-0.45074949 -0.18121542 -0.5242514 210 210 210
-0.87890542 0.084890656 -0.6325742 210 210 210
-0.46253443 0.69167113 -0.70325011 210 210 210
-0.25060341 0.25835112 -0.60871047 210 210 210
-0.51643455 -0.090957202 -0.88868862 210 210 210
-0.47900265 0.69169366 -0.70165151 210 210 210
-0.11946585 -0.027400918 -0.64279407 210 210 210
-0.19438684 0.12423775 -0.70063502 210 210 210
-0.16964233 0.061770711 -0.69094491 210 210 210
-0.18911494 0.044453032 -0.6843583 210 210 210
-0.19210662 0.046852462 -0.69137406 210 210 210
-0.16996172 0.065936871 -0.69420469 210 210 210
-0.53502589 -0.10369997 -0.90507418 210 210 210
0.081297345 0.43167394 -0.68521166 210 210 210
-0.50349981 0.55016249 -0.52911621 210 210 210
-0.73038119 0.37579584 -0.53927469 210 210 210
0.0079524526 0.36223862 -0.62435335 210 210 210
-0.56660181 0.50045526 -0.53635836 210 210 210
0.078106038 0.41568759 -0.68106329 210 210 210
-0.38960952 0.87793964 -0.68994671 210 210 210
-0.01169827 0.3227734 -0.70599675 210 210 210
-0.17426723 0.051187977 -0.68559295 210 210 210
-0.29774308 -0.032726284 -0.75048512 210 210 210
-0.18583596 0.049304631 -0.68974817 210 210 210
-0.31988755 0.41124308 -0.62905353 210 210 210
-0.17494497 0.084295735 -0.69280583 210 210 210
-0.052987833 -0.47077954 -0.84269506 210 210 210
-0.19402479 0.046225756 -0.6863544 210 210 210
-0.17340365 0.058685496 -0.69025517 210 210 210
-0.30670354 -0.63919872 -0.75329441 210 210 210
-0.21341489 0.35754231 -0.37298274 210 210 210
0.31185353 -0.71073705 -0.59909827 210 210 210
-0.15739274 -0.043062206 -0.64471185 210 210 210
-0.089145027 -0.82181329 -0.97486043 210 210 210
0.12912831 -0.30293036 -0.76930213 210 210 210
-0.11382285 -0.04487459 -0.6739887 210 210 210
-0.20695688 0.40013477 -0.27516666 210 210 210
0.98790187 -0.11989661 -1.013917 210 210 210
0.44705912 -0.035123609 -0.7160635 210 210 210
-0.41742375 0.83371055 -0.7097795 210 210 210
-0.5080747 0.57949167 -0.55392545 210 210 210
-0.14804256 0.67549574 -0.48222634 210 210 210
0.01858129 0.30983609 -0.68244219 210 210 210
-0.44426984 0.82383215 -0.71630901 210 210 210
-0.13354638 0.71895653 -0.43989593 210 210 210
0.18104702 0.39964297 -0.66005403 210 210 210
-0.13634634 0.69273579 -0.46129623 210 210 210
0.16998121 0.37603599 -0.66876829 210 210 210
0.35901323 1.1753613 -0.6581443 210 210 210
-0.17291178 0.91280252 -0.34589216 210 210 210
-0.17414509 0.67061692 -0.48604983 210 210 210
0.21708456 -0.082274631 -0.81835788 210 210 210
-0.13133392 0.52003771 -0.61977822 210 210 210
0.2299208 0.3918092 -0.66607976 210 210 210
0.29768434 0.56155747 -0.3998166 210 210 210
0.12478439 0.29907626 -0.48648927 210 210 210
-0.0057251654 0.50901574 -0.58242059 210 210 210
0.1049516 0.53680515 -0.34387073 210 210 210
0.15294352 0.39527351 -0.65487605 210 210 210
-0.36093146 0.040855173 -0.76819611 210 210 210
-0.085862361 0.35085776 -0.7038843 210 210 210
-0.83208692 0.083952174 -0.62521893 210 210 210
-0.29074115 0.1036294 -0.78120428 210 210 210
0.053480234 0.25951687 -0.66837496 210 210 210
0.041071709 0.21718404 -0.63631934 210 210 210
-0.072465241 -0.43977964 -0.83642364 210 210 210
-0.24246481 0.10745634 -0.76063371 210 210 210
0.50268775 -0.39451748 -0.81198007 210 210 210
0.19018015 0.14854233 -0.70193034 210 210 210
-0.15815315 0.3379741 -0.34493268 210 210 210
-0.23620674 0.15386611 -0.021263489 210 210 210
-0.34293622 0.77749699 -0.1939345 210 210 210
-0.2343121 0.81906295 -0.33875418 210 210 210
-0.78946561 0.80511355 -0.5341388 210 210 210
-0.16212402 0.66636914 -0.49322435 210 210 210
0.25599712 0.27035609 -0.70184225 210 210 210
-0.2530596 1.2138492 -0.18488133 210 210 210
-0.22364244 0.84479338 -0.29803124 210 210 210
-0.21906012 0.043705657 -0.6534403 210 210 210
-0.23319237 0.035016634 -0.64566451 210 210 210
-0.28092223 0.017188575 -0.66534239 210 210 210
-0.25423622 0.047269031 -0.64146155 210 210 210
-0.19123974 -0.08028616 -0.8109566 210 210 210
-0.3722508 0.02143519 -0.76045769 210 210 210
-0.074829131 0.71929747 -0.46025136 210 210 210
-0.47020805 0.50397551 -0.48546508 210 210 210
-0.10528667 0.68845665 -0.3041071 210 210 210
-0.37103391 0.54497117 -0.49751425 210 210 210
-0.053049117 -0.46735287 -0.84432274 210 210 210
0.24987336 0.16725755 -0.67588753 210 210 210
0.063545443 0.0077317348 -0.68247181 210 210 210
-0.51456761 0.70344311 -0.57932097 210 210 210
-0.054801274 -0.46344101 -0.84457266 210 210 210
0.2104257 0.1317378 -0.71887052 210 210 210
0.1590381 0.088640779 -0.59237522 210 210 210
0.11472205 0.051139712 -0.68630254 210 210 210
-0.15118775 0.30857739 -0.35870802 210 210 210
-0.14497857 0.2763308 -0.32141346 210 210 210
-0.30330804 0.41924831 -0.63073099 210 210 210
0.50321645 0.11613283 -0.71979427 210 210 210
-0.15673532 0.32117373 -0.3249054 210 210 210
0.56847835 0.82426435 -0.36417404 210 210 210
0.52200794 1.457692 -0.54026794 210 210 210
0.44169781 0.12894504 -0.7989797 210 210 210
0.42613414 0.11872212 -0.79728788 210 210 210
0.44031033 0.12851374 -0.82712114 210 210 210
0.41939959 0.14553346 -0.82301521 210 210 210
0.43832213 0.13024355 -0.82565206 210 210 210
0.43189368 0.13327007 -0.81056845 210 210 210
0.41490853 0.12295561 -0.75667995 210 210 210
0.43087429 0.136399 -0.8311711 210 210 210
0.4427197 0.12460686 -0.83189058 210 210 210
0.43414187 0.12216087 -0.79577863 210 210 210
-0.029697219 0.39178881 -0.49038613 210 210 210
