ply
format ascii 1.0
element vertex 8192
property float x
property float y
property float z
property uchar red
property uchar green
property uchar blue
end_header
-0.13214539 0.049730804 -0.91080695 210 210 210
-0.13123836 -0.10606093 -0.84057301 210 210 210
-0.070665374 -0.57467699 -1.4654236 210 210 210
-0.11549278 0.051481955 -0.91319793 210 210 210
0.2356116 0.45637399 -1.0749452 210 210 210
-0.0066539478 -0.50408828 -0.56564122 210 210 210
-0.15923892 -0.35114738 -1.4555452 210 210 210
0.83999616 -0.62753618 -1.1414386 210 210 210
0.099194728 -0.19674738 -0.75150663 210 210 210
0.01934672 -0.21244894 -0.76726729 210 210 210
0.14942059 -0.39044327 -0.74793214 210 210 210
-0.13348204 -0.13120103 -0.78664654 210 210 210
-0.1096233 -0.083577067 -0.82488519 210 210 210
0.017877607 -0.21291041 -0.77769238 210 210 210
0.086985379 -0.94237518 -0.69968009 210 210 210
0.15124969 -0.2508308 -0.73390752 210 210 210
0.030175325 -0.27837226 -0.74878997 210 210 210
-0.13718222 -0.11916931 -0.81979406 210 210 210
0.14787404 -0.17625047 -0.72371143 210 210 210
-0.10416214 -0.32079545 -0.72970188 210 210 210
0.86189514 -0.59669477 -1.0952513 210 210 210
-1.8363774 -0.54367614 -0.63383198 210 210 210
0.056746844 -0.32597756 -1.009518 210 210 210
-0.034709025 -0.31433156 -1.0849092 210 210 210
-0.15032205 -0.11991674 -0.86006343 210 210 210
0.57783455 -1.0847765 -0.85088098 210 210 210
0.28460824 -0.054153807 -1.2722528 210 210 210
-0.092734925 0.064882733 -0.87686932 210 210 210
-0.021186657 0.074844405 -0.84787524 210 210 210
0.0048981942 -0.20892945 -0.76244605 210 210 210
0.1319402 -0.24956237 -0.72531897 210 210 210
-0.12557861 -0.10732327 -0.81404024 210 210 210
-0.19052297 -0.57591277 -0.43345219 210 210 210
-0.27239305 -0.46601748 -1.4257617 210 210 210
-0.13522325 -0.13942638 -0.7935667 210 210 210
0.15566906 -0.2229014 -0.75620472 210 210 210
-0.15087086 -0.074403241 -0.84068525 210 210 210
-0.072553106 -0.22119245 -1.2900336 210 210 210
-0.010911159 -0.18575078 -0.77872026 210 210 210
-0.25185806 -0.42591575 -1.430725 210 210 210
-0.19883126 -0.32558176 -1.0767802 210 210 210
0.065242812 -0.19064651 -0.7395851 210 210 210
-0.1589061 -0.077228218 -0.84292394 210 210 210
0.13819236 -0.18268168 -0.72281957 210 210 210
-0.13234879 -0.09418916 -0.82709652 210 210 210
-0.21663599 -0.5580436 -0.46593288 210 210 210
-0.20588714 -0.59311914 -0.97290999 210 210 210
0.18651348 0.0047829184 -0.35096854 210 210 210
0.01564035 -0.077836022 -1.2351786 210 210 210
-0.038663305 -0.21082132 -0.78419375 210 210 210
0.041977987 -0.22167635 -0.72377092 210 210 210
0.31795439 -0.44497612 -0.47452629 210 210 210
0.088138439 -0.27855533 -0.68262964 210 210 210
-0.26634228 -0.44647151 -1.2798772 210 210 210
0.94652224 -0.52801973 -1.0951135 210 210 210
-0.26351747 -0.44028455 -1.3813208 210 210 210
0.0049747536 0.077719562 -0.86580551 210 210 210
-0.42305517 -0.28456396 -0.23827159 210 210 210
0.31649563 0.49351814 -1.0448798 210 210 210
-0.31423283 -0.47796673 -1.2778902 210 210 210
-0.11277423 -0.087268636 -0.85791796 210 210 210
-0.013050875 0.069239385 -0.85469335 210 210 210
-0.12167551 -0.13239025 -0.79475844 210 210 210
-0.057068042 -0.26325628 -0.84811693 210 210 210
-0.014834207 -0.49829072 -0.46659252 210 210 210
-0.0021775588 0.065792181 -0.85727572 210 210 210
0.010673157 -0.27113068 -1.2070627 210 210 210
-0.085729577 0.075945273 -0.87765294 210 210 210
0.0010615167 -0.34167051 -1.0588584 210 210 210
0.0043588136 0.078920528 -0.86333281 210 210 210
0.27066687 -0.0071163066 -1.2883199 210 210 210
0.011347963 0.078978971 -0.86429721 210 210 210
0.36902249 -0.39591345 -0.44195133 210 210 210
0.04716276 -0.27504197 -0.67872316 210 210 210
-0.043421395 0.03988421 -0.79402769 210 210 210
-0.87193179 -0.69424486 -0.090363264 210 210 210
0.12909409 -0.22059321 -0.73786169 210 210 210
0.036797099 -0.15059239 -1.3797492 210 210 210
-0.24898612 -0.58518457 -1.1207629 210 210 210
0.023630831 -0.22029762 -0.75291026 210 210 210
0.60732114 -0.89559257 -1.0156864 210 210 210
0.047379475 -0.21858028 -0.80647326 210 210 210
-0.076107353 -0.071922287 -0.81684667 210 210 210
0.21040972 -0.4746874 -0.49006259 210 210 210
-0.15115637 -0.30592588 -1.3544433 210 210 210
0.28923804 -0.30057782 -1.3644115 210 210 210
0.0038461571 -0.21746774 -0.81085062 210 210 210
0.32819858 0.41595328 -1.3095849 210 210 210
0.30537713 0.38277909 -1.0558069 210 210 210
0.82500255 -0.72945279 -1.1649685 210 210 210
-0.095961571 0.039594132 -0.88955295 210 210 210
-0.094528131 0.086349092 -0.908171 210 210 210
-0.13142438 -0.13413855 -0.79505295 210 210 210
-0.13198201 -0.14017893 -0.79189581 210 210 210
0.11501034 -0.16571523 -0.71673828 210 210 210
-0.12010627 -0.14131092 -0.79341447 210 210 210
-0.14555393 -0.077937737 -0.83441716 210 210 210
-0.1233255 -0.38482517 -1.0972118 210 210 210
-0.045626935 -0.22755189 -0.78836793 210 210 210
-0.1001898 0.079656638 -0.90054786 210 210 210
-0.92608935 -0.68114752 -0.25797427 210 210 210
0.16550295 -0.17610537 -0.71858954 210 210 210
0.11005919 -0.17717651 -0.7219758 210 210 210
0.020692591 -0.19854347 -1.2301635 210 210 210
0.02596903 0.10520893 -0.83878368 210 210 210
0.052274011 -0.18254903 -1.3963718 210 210 210
0.0032530662 0.10487641 -1.0515839 210 210 210
0.15476134 -0.42940795 -1.1724399 210 210 210
-0.12340406 -0.086252294 -0.82377464 210 210 210
0.18610154 -0.00074398884 -0.35457847 210 210 210
0.71397525 -0.43709967 -1.1999812 210 210 210
-0.023428733 -0.20908536 -0.78714234 210 210 210
-0.010520088 -0.19619396 -0.78065538 210 210 210
0.92107421 -0.4860155 -1.1191717 210 210 210
-0.21648668 -0.54595888 -0.5073458 210 210 210
-0.032738857 0.067459628 -0.81836933 210 210 210
-0.0085421344 -0.62570524 -1.0308393 210 210 210
-0.0098238736 0.080972023 -0.8623547 210 210 210
-0.002479003 0.058370296 -0.84473765 210 210 210
0.34827441 0.37950906 -1.2457248 210 210 210
0.18303777 -0.15050381 -0.29234475 210 210 210
0.97120339 -1.6515611 0.88552111 210 210 210
0.079277053 -0.22640884 -0.79202884 210 210 210
0.031624138 -0.17551529 -0.76751393 210 210 210
-0.010772496 -0.21418245 -0.77927703 210 210 210
-0.10986653 -0.10483449 -0.86414891 210 210 210
-0.0033636172 -0.21002002 -1.3405567 210 210 210
-0.77848178 1.4923482 -0.63297135 210 210 210
0.29909873 0.48270357 -1.0705521 210 210 210
-0.028541867 -0.39129618 -1.5413612 210 210 210
0.058335524 -0.26143914 -0.72189778 210 210 210
-0.43797913 -0.61485565 -1.10695 210 210 210
0.10459469 -0.19593556 -0.74967068 210 210 210
0.28094593 -0.57292777 -0.64798248 210 210 210
-0.01652994 -0.29769552 -1.3867412 210 210 210
0.8651498 -0.48376751 -1.2050687 210 210 210
-0.025382193 -0.21596862 -1.2081717 210 210 210
0.11374195 -0.2022053 -0.74863267 210 210 210
-0.39211014 -0.63936853 -1.101476 210 210 210
-0.091339126 -0.15809476 -0.72561342 210 210 210
0.0034913374 -0.2685661 -0.77623343 210 210 210
-0.6023798 -1.2760354 -0.85459602 210 210 210
0.11378074 -0.16813165 -0.72155565 210 210 210
-0.23756018 -0.57517487 -0.44800681 210 210 210
-0.16774391 -0.086133189 -0.85169041 210 210 210
-0.11248778 -0.20553192 -1.2722095 210 210 210
-0.16505535 -0.083294272 -0.84587973 210 210 210
0.091427885 -0.28609157 -0.78621382 210 210 210
-0.0037749938 -0.18842603 -0.78422076 210 210 210
0.11837079 -0.20172581 -0.74910307 210 210 210
-0.015024994 -0.19566055 -0.7864117 210 210 210
-0.058281902 0.069994323 -0.85966468 210 210 210
-0.21103176 -0.50171894 -0.54453945 210 210 210
0.12519115 -0.37278178 -1.1934321 210 210 210
-0.063477285 -0.61226255 -1.1652299 210 210 210
-0.10832468 -0.29099163 -0.90566522 210 210 210
-0.17225017 -0.39808759 -1.4196022 210 210 210
-0.19159763 -0.35354879 -1.3559699 210 210 210
0.25514826 0.43191573 -1.0529644 210 210 210
0.51798499 -1.3085792 0.48564303 210 210 210
-0.0073709954 0.085544035 -0.85984838 210 210 210
0.11186206 -0.18257815 -0.69940048 210 210 210
0.73261565 -1.0133271 -0.32598183 210 210 210
0.10250028 -0.24306273 -0.77470905 210 210 210
-0.011120675 -0.22188188 -0.77447569 210 210 210
-0.0046952413 0.03530366 -0.79485583 210 210 210
0.24970417 0.38515168 -1.0633354 210 210 210
0.048268698 -0.20392297 -1.1682351 210 210 210
0.012852446 -0.081130907 -0.79077739 210 210 210
0.037309334 0.28939474 -1.2049736 210 210 210
-0.17531528 -0.093206294 -0.84449089 210 210 210
-0.20332763 -0.5142132 -1.1423599 210 210 210
0.10895357 -0.19851626 -0.74298197 210 210 210
-0.14592804 -0.08639814 -0.85921007 210 210 210
0.92209876 -0.54323024 -1.1258792 210 210 210
-0.084361918 0.073050819 -0.87630278 210 210 210
-0.0015060093 0.078234814 -0.86079007 210 210 210
0.27889615 -1.2861302 0.1537981 210 210 210
0.0041934373 0.2844834 -1.0898765 210 210 210
-0.11690827 -0.33773804 -1.3053697 210 210 210
0.88812709 -0.65766889 -1.1847525 210 210 210
-0.06230526 -0.24979809 -1.1380368 210 210 210
0.11925565 -0.17625286 -0.70863366 210 210 210
-0.11359114 0.059519034 -0.90684181 210 210 210
-0.13063212 -0.22184673 -1.4106181 210 210 210
-0.06754107 -0.28722703 -0.78751189 210 210 210
0.29142818 0.50112081 -1.0749686 210 210 210
-0.020021673 -0.2106543 -0.78241926 210 210 210
-0.007836354 -0.23164339 -0.77185261 210 210 210
0.14195116 -0.19451091 -0.71579552 210 210 210
0.095577843 0.0063965032 -0.2537241 210 210 210
-0.30418387 -0.73343748 -0.52164227 210 210 210
0.0045901933 0.054233443 -0.85129511 210 210 210
-0.030282395 -0.2287097 -0.78938019 210 210 210
0.78958672 -0.72782177 -0.46871316 210 210 210
0.11456798 -0.21969959 -0.75022769 210 210 210
-0.017559141 0.05786122 -0.83984011 210 210 210
0.81690663 -0.63659167 -1.1494956 210 210 210
-0.16928086 -0.55021769 -0.55584085 210 210 210
-0.0045067566 -0.21764588 -0.76796776 210 210 210
0.096686438 -0.19858301 -0.75032359 210 210 210
-0.012549475 -0.2125774 -0.77676016 210 210 210
0.68434829 -0.54240817 -1.1901923 210 210 210
0.31562677 0.48797441 -1.0660987 210 210 210
-0.1120436 -0.39255053 -1.275561 210 210 210
-0.054937232 0.18443872 -1.2053311 210 210 210
0.089946657 -0.21122041 -0.6790095 210 210 210
0.0071370802 -0.29196131 -0.77734035 210 210 210
-0.044856299 -0.32315433 -0.66033328 210 210 210
-0.069295652 -0.23523195 -1.2141281 210 210 210
-0.13586572 -0.14010853 -0.79396749 210 210 210
-0.20280553 -0.14048281 -0.79556942 210 210 210
-0.22286361 -0.57298696 -0.44218168 210 210 210
-0.18895577 -0.33178529 -1.1155221 210 210 210
-0.028538352 -0.20821555 -0.78452754 210 210 210
-0.50546139 -0.6382851 -1.09035 210 210 210
0.0016679802 -0.24103247 -0.77572387 210 210 210
0.0066367476 0.076783486 -0.86333704 210 210 210
-0.2908074 -0.41485316 -1.1370325 210 210 210
-0.076046556 -0.3237164 -1.3324988 210 210 210
0.10788703 -0.16429114 -0.71201462 210 210 210
0.015049871 0.35183626 -1.21508 210 210 210
-0.14592069 -0.32070178 -1.4143322 210 210 210
0.86416554 -0.98446327 -1.021603 210 210 210
0.076114498 -0.26712093 -1.1507652 210 210 210
-0.04753013 -0.16846704 -0.78568906 210 210 210
-0.0022303085 -0.21583116 -0.77053255 210 210 210
-0.065391786 -0.26584432 -1.0013461 210 210 210
0.7696386 -0.67295921 -1.1425102 210 210 210
-0.0066134869 0.054933812 -0.84631884 210 210 210
0.070851877 0.29013649 -1.1869663 210 210 210
0.094018303 -0.22612245 -0.71374774 210 210 210
-0.029768746 -0.10764459 -1.4369558 210 210 210
-0.14821433 -0.10315855 -0.8441968 210 210 210
0.074072398 -0.29095834 -1.3815801 210 210 210
0.1524816 -0.20502979 -0.71172547 210 210 210
-0.045525704 -0.22615194 -0.79036838 210 210 210
-0.03871372 -0.27500382 -1.2949104 210 210 210
-0.0074553988 -0.2177591 -0.77914333 210 210 210
-0.0080680205 -0.48161951 -1.2388397 210 210 210
-0.0087478012 -0.23548119 -0.78766137 210 210 210
0.017371768 -0.2370504 -0.78506798 210 210 210
0.52929705 -0.49429816 -1.1942735 210 210 210
-0.038571756 -0.24506542 -0.81106335 210 210 210
0.010845735 0.063346349 -0.85273159 210 210 210
-0.019387785 -0.20339732 -0.78422368 210 210 210
0.020950543 -0.21497226 -0.77033955 210 210 210
-0.0090132859 0.067722522 -0.85726339 210 210 210
-0.020288661 -0.23446192 -0.7988748 210 210 210
0.057666261 -0.23721856 -0.75849414 210 210 210
-0.038770404 -0.28277424 -1.2880473 210 210 210
0.011910955 -0.25705364 -0.7342335 210 210 210
0.24150579 0.48242542 -1.0485818 210 210 210
0.009674035 -0.20248282 -0.77509236 210 210 210
0.2488289 -0.28658247 -1.3806471 210 210 210
-0.00052808312 0.35710925 -1.2303295 210 210 210
0.14850643 -0.27565679 -0.71451539 210 210 210
-0.015531341 0.066406339 -0.85168457 210 210 210
-0.21268173 -0.38864294 -1.1689137 210 210 210
0.32578009 0.49018097 -1.067866 210 210 210
-0.15956001 -0.080542199 -0.84529924 210 210 210
0.91298693 -0.68775082 -0.5766142 210 210 210
0.00063148001 -0.23012176 -0.77805418 210 210 210
-0.15699516 -0.33712721 -1.4264677 210 210 210
0.15262328 -0.27393153 -0.67640877 210 210 210
0.15064929 -0.26547185 -0.67135674 210 210 210
0.81538922 -0.51952052 -1.1417105 210 210 210
-0.0060373154 0.070052184 -0.85894555 210 210 210
-0.012760064 -0.062973969 -0.77797514 210 210 210
0.13402933 -0.17471896 -0.72533649 210 210 210
0.84460765 -0.54991013 -1.1168395 210 210 210
0.11359205 -0.17588156 -0.7210415 210 210 210
-0.050525445 -0.5692578 -0.48322764 210 210 210
0.16358927 0.12509166 -0.38115206 210 210 210
-0.0047678016 -0.070953615 -0.79039717 210 210 210
-0.22879511 -0.4370369 -1.4104501 210 210 210
0.12395877 -0.21398149 -0.7463479 210 210 210
0.20062681 -0.46742266 -0.46300292 210 210 210
0.17124934 -0.26288089 -1.2683212 210 210 210
-0.069048479 -0.37307385 -1.4688356 210 210 210
0.18670334 -0.96161157 -0.30224386 210 210 210
0.016826734 -0.21683049 -0.76754057 210 210 210
0.014119987 0.39247373 -1.2399001 210 210 210
0.15321219 0.34199303 -1.1460073 210 210 210
0.069217563 -0.24265926 -0.67061263 210 210 210
-0.1011395 0.076934874 -0.89748871 210 210 210
0.079384476 -0.1940307 -1.1552525 210 210 210
0.0038062087 -0.21404912 -0.808824 210 210 210
-0.19104467 -0.40938783 -0.54204828 210 210 210
0.25851524 0.085792951 -1.2503198 210 210 210
0.11754502 -0.25029817 -0.66994154 210 210 210
-0.0057595335 -0.19350632 -0.77667683 210 210 210
-0.098609596 -0.2324158 -1.432833 210 210 210
0.36781791 -0.38811913 -1.2110294 210 210 210
0.027308377 -0.25116563 -0.73146755 210 210 210
0.16537812 -0.19253369 -0.72266114 210 210 210
-0.13177602 -0.54518944 -0.56195837 210 210 210
0.87222481 -0.48125651 -1.1901046 210 210 210
0.028348941 -0.21415581 -0.76356041 210 210 210
-0.02660647 -0.19447993 -0.78490627 210 210 210
0.1562551 -0.24116482 -0.74266738 210 210 210
0.076003641 -0.19950862 -0.7545042 210 210 210
0.8183558 -0.55202198 -1.1304398 210 210 210
-0.14457977 -0.33800122 -1.3467355 210 210 210
0.066712841 -0.26858541 -0.72638273 210 210 210
0.0063083847 0.079467654 -0.86573273 210 210 210
0.10152207 -0.19833195 -0.74435121 210 210 210
0.0067565758 0.083546251 -0.86515957 210 210 210
-0.60957831 1.424036 -0.66375709 210 210 210
-0.18473706 -0.33169755 -1.0854731 210 210 210
-0.0056682709 -0.21501014 -0.78809458 210 210 210
0.018687036 -0.20285442 -1.2647127 210 210 210
0.41972655 -0.43493873 -1.2470235 210 210 210
0.18777725 0.46724236 -1.1235591 210 210 210
-0.013683114 -0.1898091 -0.78473812 210 210 210
0.14016281 -0.18448664 -1.2301728 210 210 210
-0.1165877 0.058363281 -0.90636879 210 210 210
0.13131316 -0.40522626 -1.1502407 210 210 210
-0.35966617 -0.83802235 -0.92189246 210 210 210
-0.025219876 -0.23122756 -0.79181415 210 210 210
0.267263 0.47651684 -1.0703044 210 210 210
-0.075407565 0.061165281 -0.86851186 210 210 210
-0.0046783155 -0.21450883 -0.79237366 210 210 210
-0.15934893 -0.077531375 -0.85724974 210 210 210
0.11344475 -0.17086165 -0.71913344 210 210 210
0.42829162 -1.3898824 0.27471322 210 210 210
0.021010403 -0.19686171 -1.2809011 210 210 210
-0.0020737604 -0.13330434 -1.4002872 210 210 210
-0.021615863 -0.19923644 -0.78292722 210 210 210
0.052846912 0.36191684 -1.2177809 210 210 210
-0.44369057 0.1948216 -0.20936491 210 210 210
-0.029727634 -0.27264878 -0.63539946 210 210 210
-0.041430414 -0.35300982 -1.2390584 210 210 210
0.0082324678 -0.50811476 -1.2204703 210 210 210
0.11416209 -0.17001273 -0.72433084 210 210 210
0.11525735 -0.25940737 -0.76788318 210 210 210
0.073037587 -0.12833942 -1.3344147 210 210 210
0.033172157 -0.18317425 -0.78026938 210 210 210
0.053349759 -0.27239981 -1.4192047 210 210 210
0.11202265 -0.19743599 -0.74499464 210 210 210
0.83310562 -0.56857771 -1.1473769 210 210 210
0.0082718916 -0.35712641 -1.4137832 210 210 210
0.3468107 0.49976754 -1.0293227 210 210 210
0.043322377 -0.15530279 -1.3895831 210 210 210
0.19995897 -0.23658511 -0.66897196 210 210 210
-0.093218848 -0.44538558 -1.2914466 210 210 210
-0.23337021 -0.56953382 -0.44589892 210 210 210
0.0097957598 0.081020311 -0.8655917 210 210 210
0.22795469 0.11155038 -1.1863278 210 210 210
0.038882893 -0.21649216 -0.80452371 210 210 210
0.25478926 0.46852258 -1.0588797 210 210 210
0.044600405 0.39075956 -1.226939 210 210 210
0.4094128 0.76745683 -1.3253249 210 210 210
0.032820262 0.059800223 -0.83532387 210 210 210
-0.60209835 -1.1089458 -0.87965727 210 210 210
0.79288304 -0.5138014 -1.1578914 210 210 210
-0.25088811 -0.59284043 -0.43099838 210 210 210
-0.063675679 -0.40517196 -1.4835875 210 210 210
0.86507988 -0.50606424 -1.1288242 210 210 210
0.038018368 -0.21899244 -0.80671221 210 210 210
0.024930093 -0.23561521 -0.79598969 210 210 210
-0.033138368 -0.25507939 -0.63855845 210 210 210
-0.18378852 -0.085080318 -0.84010869 210 210 210
-0.016027788 -0.2118187 -0.78554487 210 210 210
0.056566291 -0.26250714 -0.70986289 210 210 210
0.028446866 -0.2069089 -0.7668758 210 210 210
0.226647 0.44725189 -1.0831239 210 210 210
0.054492377 0.066629224 -0.83879554 210 210 210
0.049890488 0.26176262 -1.1924992 210 210 210
-0.0049918136 -0.20193794 -0.77992159 210 210 210
-0.10701354 -0.32898808 -1.34158 210 210 210
-0.096833684 -0.35791481 -1.1597904 210 210 210
-0.07176169 -0.23652181 -1.3350122 210 210 210
0.15693152 -0.23012833 -0.75130105 210 210 210
0.32312971 0.47389889 -1.0590557 210 210 210
-0.17481944 -0.097118333 -0.85688001 210 210 210
-0.025378887 0.41219735 -0.49884161 210 210 210
-0.05056205 0.071244903 -0.85849738 210 210 210
0.81710804 -0.47213057 -1.14255 210 210 210
-0.27949873 -0.56629145 -0.49904659 210 210 210
-0.0017293259 0.072410576 -0.86157292 210 210 210
-0.20480399 -0.4707948 -0.59558344 210 210 210
0.10286558 -0.36353591 -0.62484586 210 210 210
0.25291002 0.49616462 -1.0625588 210 210 210
-0.5562554 -0.69194293 -1.0698292 210 210 210
0.00031995907 0.075096786 -0.86350566 210 210 210
0.0062045399 -0.19953422 -0.76559997 210 210 210
-0.15638334 -0.094089873 -0.86020565 210 210 210
0.025123926 -0.22780359 -0.80247992 210 210 210
-0.19793269 -0.095294468 -0.83544964 210 210 210
0.19299752 -0.0052192234 -0.34909475 210 210 210
-0.02492179 0.0095837992 -1.1879449 210 210 210
0.0077549154 -0.1968094 -0.77758062 210 210 210
-0.098077625 -0.31956631 -1.2216802 210 210 210
0.0918364 -0.19187859 -0.73374999 210 210 210
0.0040703085 -0.34227377 -1.3452023 210 210 210
-0.57193542 -0.76563531 -0.73331839 210 210 210
0.2810387 0.50893211 -1.0700785 210 210 210
-0.20965512 -0.5089519 -0.53435314 210 210 210
-0.031931348 -0.2248868 -0.79311955 210 210 210
0.1867813 -0.0024678856 -0.35126156 210 210 210
-0.014799722 -0.21383831 -0.78595686 210 210 210
0.02726673 -0.35762742 -1.4041181 210 210 210
0.037104711 -0.1891463 -0.779495 210 210 210
-0.36176947 -0.5912075 -1.1314572 210 210 210
0.25115642 0.44406626 -1.0628433 210 210 210
0.080781601 -0.26148763 -0.67422897 210 210 210
-0.19797234 -0.37137097 -1.1746567 210 210 210
-0.0069426768 0.28859034 -1.0868647 210 210 210
-0.01432418 -0.51189548 -0.56585008 210 210 210
-0.092195876 -0.39551622 -1.2138606 210 210 210
-0.04645896 -0.24667555 -0.80267572 210 210 210
0.42299983 -0.31819224 -1.2360737 210 210 210
-0.13115059 0.047171105 -0.91114324 210 210 210
0.20073855 -0.28395435 -1.0638788 210 210 210
-0.007934209 0.046393268 -0.81382632 210 210 210
-0.12953445 0.047255021 -0.91006553 210 210 210
-0.1634288 -0.076024845 -0.83742112 210 210 210
-0.03028422 -0.23484522 -0.79476976 210 210 210
0.53636163 -0.42319781 -1.2292042 210 210 210
-0.010118417 0.042991083 -0.3015261 210 210 210
0.031506088 -0.27376628 -0.74281371 210 210 210
-0.31024435 -0.41974258 -1.1505897 210 210 210
0.85886461 -0.81054103 -1.050864 210 210 210
-0.58521849 -0.68116719 -1.050316 210 210 210
0.084404938 -0.58635587 -0.476381 210 210 210
0.54691482 -0.48676059 -1.2059786 210 210 210
-0.025350088 -0.19781062 -0.78286874 210 210 210
0.051582195 -0.27238837 -0.72628117 210 210 210
-0.14095645 -0.080468386 -0.82970721 210 210 210
-0.16875663 -0.31272516 -1.1362016 210 210 210
-0.053131197 -0.23526309 -0.79200804 210 210 210
-0.1392616 -0.095562205 -0.82586944 210 210 210
-0.37322831 -0.81066543 -1.0409812 210 210 210
0.79875761 -0.62257558 -1.1592352 210 210 210
-0.039886717 -0.37427148 -1.4768333 210 210 210
0.086350963 -0.32644409 -0.62552947 210 210 210
-0.025679298 -0.24735919 -0.79601806 210 210 210
-0.0034163191 -0.22130528 -0.77406359 210 210 210
-0.14459535 -0.10077569 -0.82980001 210 210 210
-0.028823482 -0.23753242 -0.80520171 210 210 210
0.26477852 0.44767186 -1.0115892 210 210 210
0.052928671 -0.23226511 -0.71810907 210 210 210
-0.34971642 -0.59470671 -1.1276934 210 210 210
-0.34115967 -0.60659915 -1.1230799 210 210 210
0.062052745 -0.40301386 -0.5842911 210 210 210
-0.27712122 -0.41201392 -1.2043723 210 210 210
0.76905006 -0.61128414 -1.1768847 210 210 210
-0.36295795 -0.61790282 -1.1081591 210 210 210
0.0033803347 0.029287258 -0.29756692 210 210 210
-0.0054866066 -0.23556378 -0.77313191 210 210 210
-0.025639415 -0.22982624 -0.76752758 210 210 210
0.079756774 -0.21760271 -0.69208646 210 210 210
0.11736914 0.22285102 -0.40368846 210 210 210
0.043460455 -0.20030235 -0.77109569 210 210 210
0.1553645 -0.20891523 -0.74140555 210 210 210
0.18251224 -0.51962638 -0.53970432 210 210 210
0.032114852 -0.13881958 -1.3611572 210 210 210
0.82989955 -0.60201746 -1.1356537 210 210 210
-0.0267828 -0.21388759 -0.79404527 210 210 210
-0.11461304 -0.38552541 -1.2913549 210 210 210
-0.059799436 -0.41156787 -1.0465674 210 210 210
0.00069957494 0.072383337 -0.86285377 210 210 210
-0.00072697172 0.073693983 -0.86229622 210 210 210
-0.2929765 -0.46244889 -1.3639495 210 210 210
0.036964584 0.076522678 -0.8543725 210 210 210
0.033903092 0.0010148531 -0.25213593 210 210 210
0.067278996 -0.20478441 -0.68401557 210 210 210
-0.36324146 -0.83060831 -0.92328131 210 210 210
0.031803284 0.11342652 -1.2747824 210 210 210
0.17574045 -0.48514667 -0.48141012 210 210 210
-0.11171121 -0.12507239 -0.78293836 210 210 210
0.095514692 -0.18375693 -0.72318339 210 210 210
-0.046426058 0.0084909061 -1.1901429 210 210 210
0.043916538 -0.19297384 -0.74200851 210 210 210
-0.11417747 -0.13909155 -0.79397166 210 210 210
-0.11713196 -0.12287288 -0.81092924 210 210 210
0.28256896 -0.42496985 -0.4339371 210 210 210
-0.16903287 -0.53368479 -1.1523107 210 210 210
-0.24851777 -0.57765484 -1.1209177 210 210 210
0.85574919 -0.59244955 -1.1066058 210 210 210
-0.0070917048 -0.23596551 -0.77119559 210 210 210
-0.26609525 -0.44166586 -1.246146 210 210 210
-0.19702446 -0.33112496 -1.0836999 210 210 210
-0.81251246 -0.71014756 -0.33335519 210 210 210
-0.32978189 -0.84034771 -0.70215887 210 210 210
0.2708059 0.47479954 -1.0742813 210 210 210
0.010962132 -0.24981689 -0.77473825 210 210 210
-0.63138735 -0.62603992 0.087867789 210 210 210
0.0079197669 -0.24696247 -0.77741319 210 210 210
-0.31372559 -0.60251218 -1.1143202 210 210 210
0.01058414 0.10458639 -0.84984255 210 210 210
-0.23972993 -0.38226745 -1.1727166 210 210 210
0.22007896 -0.57638103 -0.48844764 210 210 210
-0.2783035 -0.5835852 -1.1238539 210 210 210
0.26819414 -0.41839692 -0.43447161 210 210 210
-0.21528363 -0.41535023 -1.433095 210 210 210
-0.031939629 -0.21991901 -0.77668768 210 210 210
-0.25516176 -0.57552135 -1.1271918 210 210 210
-0.069922045 -0.09543775 -0.76380354 210 210 210
-0.10860398 -0.32058957 -1.2103872 210 210 210
-0.0098061878 -0.22583529 -0.77627605 210 210 210
0.0061926469 0.10887945 -0.84988087 210 210 210
-0.2290089 -0.56505179 -1.1312326 210 210 210
-0.16403368 -0.53558564 -1.0781276 210 210 210
0.13984458 -0.20402272 -0.70688254 210 210 210
-0.15061997 -0.39208901 -1.3370659 210 210 210
-0.061042782 -0.23262489 -1.1041573 210 210 210
-0.65048099 1.5483114 -0.54907459 210 210 210
-0.006099036 -0.31345943 -0.6254369 210 210 210
-0.059597582 -0.24548756 -0.79592812 210 210 210
-0.21532913 -0.33004409 -1.0952441 210 210 210
-0.20089382 -0.33404201 -1.0998371 210 210 210
0.083758652 0.29940715 -1.0688903 210 210 210
-0.34589767 -0.59209824 -1.1202298 210 210 210
-0.084775351 -0.3512249 -1.3050462 210 210 210
-0.29563308 -0.58677101 -1.1218781 210 210 210
0.25859138 0.49726027 -1.0603558 210 210 210
0.87176317 -0.68699706 -1.0821804 210 210 210
0.012166396 -0.20345129 -1.3323365 210 210 210
-0.059972543 -0.29433885 -1.2900321 210 210 210
0.16816597 -0.55418038 -0.4920505 210 210 210
-0.15529099 -0.09588702 -0.82909584 210 210 210
-0.074292623 -0.35255763 -1.2586439 210 210 210
0.93835753 -0.56650442 -1.1159729 210 210 210
-0.037243597 -0.25211883 -0.79815245 210 210 210
-0.14488247 -0.094573006 -0.83501452 210 210 210
0.89381438 -0.52593267 -1.1057538 210 210 210
0.095026158 -0.24561793 -0.73430669 210 210 210
-0.40260834 -0.80351162 -1.0422345 210 210 210
0.075949937 0.35507467 -1.1975621 210 210 210
0.10902064 -0.20686606 -0.74635416 210 210 210
0.16607235 0.093686953 -0.38062844 210 210 210
0.088909745 0.038946632 -0.26543757 210 210 210
0.0087787388 -0.56011754 -0.77020532 210 210 210
-0.11808273 0.053993173 -0.90656567 210 210 210
-0.11860989 -0.10636363 -0.85845351 210 210 210
-0.093542852 -0.092339046 -0.82412308 210 210 210
0.1350043 -0.42377555 -0.57636565 210 210 210
-0.090187833 -0.44043046 -1.3140936 210 210 210
0.15251797 -0.28064606 -0.75048441 210 210 210
-0.16970766 -0.091909468 -0.83905995 210 210 210
0.027558461 0.070494294 -0.85425359 210 210 210
-0.18937968 -0.79093009 -0.92766994 210 210 210
0.22672276 0.26534474 -1.1204104 210 210 210
0.057487272 -0.49724677 -0.47487396 210 210 210
-0.020139834 0.066421382 -0.84653383 210 210 210
-0.34830061 -0.90882349 -0.83860862 210 210 210
-0.11755127 0.056756176 -0.90747541 210 210 210
-0.058990486 -0.95232803 -1.0801256 210 210 210
0.83283573 -0.55442804 -1.0913407 210 210 210
-0.11696841 0.055313982 -0.90989971 210 210 210
0.19099602 -0.037139717 -1.2245992 210 210 210
-0.11979789 -0.087683022 -0.82843268 210 210 210
0.16344979 0.46511084 -1.1233954 210 210 210
-0.02786318 -0.38537577 -1.259975 210 210 210
0.0084308647 -0.2639392 -0.73797011 210 210 210
0.033645444 -0.25999188 -0.65200669 210 210 210
-0.016441414 -0.19802842 -0.79029578 210 210 210
-0.2775237 -0.49772462 -1.2836901 210 210 210
-0.019095663 -0.21603571 -0.76107621 210 210 210
0.16282077 -0.42891243 -1.0140452 210 210 210
0.07428316 -0.22590518 -0.69305342 210 210 210
0.09143728 -0.28365612 -0.67748219 210 210 210
-0.001189005 -0.34571624 -1.1218016 210 210 210
-0.031350598 -0.23831891 -0.8121351 210 210 210
0.10993811 -0.37761128 -1.1276799 210 210 210
-0.015495641 -0.43919468 -1.1501577 210 210 210
0.28429034 0.4696897 -1.0619224 210 210 210
-0.22138442 -0.58737111 -0.43767068 210 210 210
-0.10876238 -0.41440895 -1.2891299 210 210 210
0.66180998 -0.47188061 -1.1789685 210 210 210
-0.25309518 -0.43530777 -1.3334901 210 210 210
-0.014794505 -0.19539082 -0.77706325 210 210 210
0.42586398 -1.2012374 -0.58044028 210 210 210
0.19594161 -0.0169746 -0.3312062 210 210 210
0.28954422 0.44984594 -1.1151918 210 210 210
-0.64292318 -0.66725314 -1.0434766 210 210 210
0.17068361 -0.056996308 -0.20292081 210 210 210
0.00077233347 -0.22644919 -0.76373601 210 210 210
-0.094839834 -0.31784636 -1.2148563 210 210 210
0.11879428 -0.21267374 -0.67211467 210 210 210
-0.19780579 -0.5272885 -0.46794334 210 210 210
-0.0076369494 -0.43903413 -1.587775 210 210 210
0.81776941 -0.55981594 -1.1203905 210 210 210
0.27079076 0.4565863 -1.0767328 210 210 210
0.27539292 0.48498559 -1.0707575 210 210 210
-0.14047037 -0.080573723 -0.83135653 210 210 210
-0.017486097 0.07304088 -0.84942085 210 210 210
-0.13367581 -0.098148875 -0.83288026 210 210 210
0.12323514 -0.77087635 -1.0682584 210 210 210
0.20698822 -0.20807725 -0.68380266 210 210 210
0.15552604 0.098283052 -0.38198251 210 210 210
0.27072278 0.48197225 -1.0737695 210 210 210
-0.0095908595 -0.21410151 -0.79164058 210 210 210
0.24304171 0.47692063 -1.0411251 210 210 210
0.0038053996 -0.075658932 -0.7844857 210 210 210
0.15024677 -0.18615898 -0.72517997 210 210 210
-0.14197864 -0.078197949 -0.83097291 210 210 210
-0.022737576 -0.17706111 -0.77948666 210 210 210
0.89480829 -0.60677451 -1.1616681 210 210 210
-0.11426002 -0.34014854 -1.233717 210 210 210
0.2028545 0.48072448 -1.0981843 210 210 210
0.2784217 0.48448202 -1.0761437 210 210 210
0.83689928 -0.54722345 -1.1176922 210 210 210
-0.16157991 -0.080847695 -0.84395897 210 210 210
0.41259018 0.83504146 -1.3188112 210 210 210
0.16170797 -0.1812347 -0.72742689 210 210 210
-0.15166368 -0.092468351 -0.86097419 210 210 210
0.021401811 -0.20457171 -1.2962505 210 210 210
-0.14800026 -0.078126632 -0.83638507 210 210 210
-0.16231388 -0.37124252 -1.3755116 210 210 210
0.76082021 -0.47108579 -1.1900556 210 210 210
0.92452347 -0.69617033 -0.56109399 210 210 210
0.16344072 -0.17934524 -0.72824049 210 210 210
0.11836775 -0.22275133 -0.73622668 210 210 210
0.13382028 -0.32647738 -1.4473126 210 210 210
-0.42465976 -0.40816876 -1.1791077 210 210 210
0.016535446 -0.077971868 -0.80022407 210 210 210
-0.25650302 -0.44910672 -1.4474787 210 210 210
-0.0080700703 -0.2047537 -0.7871598 210 210 210
0.28311831 0.49028176 -1.0784148 210 210 210
-0.23589595 -0.22722197 -0.8408432 210 210 210
0.32786041 0.51966465 -1.0335448 210 210 210
0.0141191 0.080519922 -0.86365545 210 210 210
-0.0064094374 -0.27265584 -1.361601 210 210 210
1.5603901 1.6955134 -0.57620597 210 210 210
-0.23258279 -0.4170008 -1.3910036 210 210 210
0.1990772 0.47895119 -1.0878139 210 210 210
0.26515743 -0.47055554 -0.47022644 210 210 210
-0.007323496 0.082231298 -0.86189628 210 210 210
-0.015635191 -0.17404222 -0.78079414 210 210 210
0.27634257 0.35878345 -1.0742607 210 210 210
0.048383906 -0.54574513 -0.48665872 210 210 210
0.02451315 -0.23143974 -1.3876116 210 210 210
0.31392568 -0.53039223 -1.1204942 210 210 210
-0.02534348 -0.057130173 -0.76679099 210 210 210
0.27644536 0.47701067 -1.0715512 210 210 210
0.14117189 -0.1700045 -0.72077906 210 210 210
-0.22810857 -0.46617079 -0.60513192 210 210 210
0.0098017696 0.087191232 -0.86399364 210 210 210
0.018236758 -0.29660946 -1.3497385 210 210 210
0.023995701 -0.21798599 -0.80155015 210 210 210
-0.22137079 -0.40997177 -1.447039 210 210 210
-0.016830547 -0.20958853 -0.7773602 210 210 210
0.87511849 -0.63361442 -1.1479009 210 210 210
0.94360906 -0.49475479 -1.1123523 210 210 210
0.86097968 -0.98729855 -1.024461 210 210 210
0.28908265 0.49344099 -1.0795572 210 210 210
0.15136024 -0.040157519 -0.21343683 210 210 210
-0.050859466 -0.25293285 -0.70002919 210 210 210
0.78214049 -0.71537131 -1.1076872 210 210 210
-0.74312288 -0.42329922 -0.23128794 210 210 210
0.27156669 -0.48920223 -0.71586323 210 210 210
0.81626672 -0.52759469 -1.1178893 210 210 210
0.11484267 -0.20445304 -0.67657131 210 210 210
0.21163708 0.45905846 -1.0463797 210 210 210
0.90875417 -0.50022078 -1.1328461 210 210 210
0.84931213 -0.54434222 -1.1144032 210 210 210
-0.1824884 -0.37464893 -1.4121002 210 210 210
0.38198033 0.62514412 -1.3196961 210 210 210
-0.0040503512 -0.19553566 -0.76669884 210 210 210
0.37081164 -0.47350064 -1.2150197 210 210 210
-0.32772356 -0.45334515 -1.2264754 210 210 210
0.11506146 -0.041560713 -0.20414244 210 210 210
0.24023074 0.44243184 -1.0109496 210 210 210
-0.55587119 -0.33631548 -0.19382738 210 210 210
0.15566121 -0.5484494 -0.48404038 210 210 210
0.78849024 -0.57093275 -1.1472919 210 210 210
-0.071012199 -0.33608907 -1.258451 210 210 210
0.002318817 -0.21273068 -0.80871296 210 210 210
0.0909537 -0.19737251 -0.75105828 210 210 210
0.083666503 0.31750393 -1.2029548 210 210 210
-0.11592264 -0.34474865 -1.4901249 210 210 210
-0.18994357 -0.4893268 -1.1291323 210 210 210
-0.38146079 -0.56751031 -1.1304859 210 210 210
0.80481994 -0.4711439 -1.1522368 210 210 210
0.19599389 0.49498832 -1.1184984 210 210 210
0.0014705517 0.024441306 -1.2253994 210 210 210
0.037835971 -0.24920236 -1.3660786 210 210 210
-0.096288197 -0.3557646 -1.5416129 210 210 210
0.053331722 -0.49079904 -0.49640852 210 210 210
0.05277675 -0.2079673 -0.80905956 210 210 210
0.11525981 -0.19228435 -0.74764162 210 210 210
0.52084482 -0.57864386 -1.1617409 210 210 210
0.092984565 -0.1908296 -0.7580964 210 210 210
0.062852383 -0.61228186 -1.1370513 210 210 210
0.013106097 -0.24070495 -0.72071499 210 210 210
0.6144045 -0.38484469 -1.2378005 210 210 210
-0.092000045 0.08026354 -0.90888828 210 210 210
-0.16060464 -0.43540436 -1.2343581 210 210 210
-0.17512396 -0.35968029 -1.3306097 210 210 210
-0.041326687 -0.22408709 -0.77056307 210 210 210
-0.18232521 -0.14887522 -0.8618257 210 210 210
0.16991736 -0.26042482 -0.69859463 210 210 210
-0.08314608 -0.21012235 -1.4332784 210 210 210
0.30107409 -0.041285522 -0.20277509 210 210 210
0.2417133 -0.72421837 -1.1280081 210 210 210
0.15517735 -0.49758059 -0.47941053 210 210 210
0.074986108 -0.26924655 -1.2566866 210 210 210
-0.17300633 -0.29733056 -1.1048154 210 210 210
-0.22363812 -0.45890331 -1.2710099 210 210 210
0.25643998 0.44978493 -1.0314847 210 210 210
0.31956106 0.4676486 -1.0530646 210 210 210
-0.12786567 -0.090349913 -0.85816085 210 210 210
0.17216654 -0.0052863853 -0.35291538 210 210 210
0.19852388 -0.011924867 -0.3371706 210 210 210
0.24600245 -0.50223768 -1.2039253 210 210 210
0.021171045 0.21532339 -1.2019058 210 210 210
-0.07245481 -0.065927498 -0.83434772 210 210 210
0.088075079 -0.49678719 -0.46089604 210 210 210
0.31137732 -0.46859297 -1.172593 210 210 210
0.077205658 -0.51758987 -1.4957204 210 210 210
0.21648063 -0.084936589 -0.28331977 210 210 210
0.57840765 -1.0818956 -0.11291142 210 210 210
0.16898631 -0.50339127 -0.4846184 210 210 210
0.24109417 -0.36949721 -0.67704326 210 210 210
-0.093416892 -0.37378424 -1.2717096 210 210 210
-0.093447484 -0.37870342 -1.1468772 210 210 210
0.30829865 0.46262643 -1.0428348 210 210 210
0.29412988 -0.49986157 -1.1175219 210 210 210
-0.008644619 0.045803022 -0.29572046 210 210 210
-0.058646187 -0.23388398 -1.200071 210 210 210
0.85811329 -0.94037652 -1.0654758 210 210 210
-0.028189482 -0.13187699 -0.72174627 210 210 210
-0.034742214 -0.35266155 -0.57247859 210 210 210
0.075695924 -0.43472549 -1.1146346 210 210 210
-0.014952649 -0.27260476 -1.4760908 210 210 210
0.004684533 -0.24147087 -0.78286302 210 210 210
0.13368264 -0.39265603 -0.56193221 210 210 210
-0.067915194 -0.31265393 -1.2153262 210 210 210
-0.010552459 -0.32433555 -1.2870996 210 210 210
0.82350063 -1.0241417 -0.99905401 210 210 210
-0.21643974 -0.3198441 -1.1151229 210 210 210
-0.0070521706 -0.19993462 -0.77219498 210 210 210
0.079688013 -0.23056459 -0.75110292 210 210 210
1.6020931 1.3850983 0.45318016 210 210 210
0.00078441796 -0.32859138 -0.59570324 210 210 210
0.87570113 -0.50201857 -1.1133981 210 210 210
0.045607697 -0.52169997 -1.1149887 210 210 210
-0.11527075 -0.33049354 -1.1997031 210 210 210
-0.30510485 -0.2095191 -0.25138792 210 210 210
0.14136614 -0.77637053 -0.92657733 210 210 210
-0.19114709 -1.0441859 -1.034324 210 210 210
0.019881336 -0.23399648 -0.73595703 210 210 210
-0.052145664 -0.091041423 -0.78961533 210 210 210
-0.16004592 -0.13912866 -0.77826989 210 210 210
0.25710282 -0.4705219 -0.46357301 210 210 210
-0.077882133 -0.074107319 -0.83328992 210 210 210
0.21362916 -1.2152224 -0.88837671 210 210 210
0.2755304 -0.93950289 -1.0165681 210 210 210
0.1990844 0.29537284 -1.098412 210 210 210
-0.36642811 -0.51819617 -1.2421622 210 210 210
-0.082655303 0.07018403 -0.86560047 210 210 210
0.34375143 -0.13372785 -1.4502995 210 210 210
0.755193 -0.62247252 -1.0954317 210 210 210
-0.12864821 -0.35242441 -1.3624661 210 210 210
-0.11407138 -0.37800893 -1.2072825 210 210 210
0.13958803 -0.23408863 -0.75298387 210 210 210
0.25732368 0.46078914 -1.0204383 210 210 210
0.86571431 -0.57661891 -1.1526732 210 210 210
0.11901906 -0.46270207 -1.2356765 210 210 210
0.21772811 -0.47156462 -0.46910757 210 210 210
-0.043158464 0.095761165 -0.85083073 210 210 210
-0.1611069 -0.45763141 -0.59013617 210 210 210
-0.73400569 -0.42952302 -0.19223231 210 210 210
0.17193863 -0.15601224 -0.70597798 210 210 210
-0.40240723 -0.85005158 -1.0220549 210 210 210
-0.58045816 -0.70242083 -1.1863559 210 210 210
0.2131076 -0.22597405 -0.66832161 210 210 210
0.14206105 -0.19034828 -1.1149981 210 210 210
0.080470249 -0.46677455 -1.3074822 210 210 210
-0.24902628 -0.60543311 -0.63428098 210 210 210
-0.0785845 0.079470262 -0.8928768 210 210 210
-0.13043378 -0.12125165 -0.80363977 210 210 210
-0.0069342912 -0.53679961 -0.48976579 210 210 210
-0.185911 -0.45297047 -0.59611052 210 210 210
-0.24189961 -0.3744657 -1.1157669 210 210 210
0.83947432 -0.65497822 -1.0709378 210 210 210
0.15965967 -0.35233626 -0.96965659 210 210 210
0.050261717 -0.27439854 -0.66714799 210 210 210
0.026653206 -0.25480959 -1.1942023 210 210 210
0.078241684 -0.2706424 -0.67724764 210 210 210
-0.0074636443 0.042444624 -0.7952773 210 210 210
0.020695815 -0.23383379 -0.73721606 210 210 210
-0.027702611 -0.26525125 -0.79073304 210 210 210
-0.054285813 -0.30572805 -1.2084047 210 210 210
0.28235868 0.46905503 -1.061404 210 210 210
-0.35840112 -0.5964942 -1.3691593 210 210 210
-0.20966306 -0.54948884 -0.46134254 210 210 210
0.64564449 -0.90020788 -0.8913548 210 210 210
0.11766019 -0.22969462 -0.66740572 210 210 210
0.0094593996 -0.24186145 -0.75389838 210 210 210
-0.12944348 -0.095285513 -0.82146239 210 210 210
-0.039456643 -0.19324709 -0.7761963 210 210 210
0.86024284 -0.5912261 -1.0365816 210 210 210
-0.11960324 0.03702493 -0.88108236 210 210 210
0.1222437 -0.16012666 -0.71367186 210 210 210
-0.17632824 -0.70144665 -0.94617993 210 210 210
-0.26341993 -0.66274792 -1.2144408 210 210 210
-0.057950955 0.0096387947 -0.30861577 210 210 210
0.057050966 -0.32710516 -1.0010171 210 210 210
0.25847977 0.29669812 -1.018307 210 210 210
-0.057579391 -0.093587533 -0.77986628 210 210 210
-0.55018073 -1.0542471 -0.85408592 210 210 210
-0.10760453 -0.31810719 -1.2362952 210 210 210
0.22570653 -1.1032497 -0.19528784 210 210 210
0.04381996 -0.36592585 -1.0375152 210 210 210
-0.09063185 -0.51656634 -1.1926007 210 210 210
0.004309895 -0.31743106 -0.75009537 210 210 210
-0.21372406 -0.53124899 -0.49020743 210 210 210
0.1867989 -0.47727922 -0.45846233 210 210 210
-0.091579325 -0.29557422 -0.70368832 210 210 210
0.0042981459 -0.26354057 -0.73646098 210 210 210
0.18518873 0.46577564 -1.1017015 210 210 210
-0.130732 -0.31428719 -1.3810318 210 210 210
0.076588415 -0.72252434 -1.0017164 210 210 210
0.09642069 -0.56207031 -0.47068909 210 210 210
-0.4704622 -0.50656217 -1.1207794 210 210 210
0.23826417 0.44987223 -1.0747064 210 210 210
0.17341015 0.045904595 -0.36984804 210 210 210
0.66745532 -0.75582439 -1.1543556 210 210 210
0.038744669 -0.26556021 -0.6982854 210 210 210
-0.036138739 0.089759782 -0.85168105 210 210 210
0.15523456 -0.34396601 -1.1956458 210 210 210
-0.0032138703 -0.35023698 -1.2822455 210 210 210
0.85335833 -0.42442974 -1.1928509 210 210 210
0.23669828 0.47915819 -1.058797 210 210 210
-0.067203127 -0.1900592 -1.1726829 210 210 210
0.27819839 -0.058323719 -0.2780441 210 210 210
0.85129535 -0.588543 -1.0678177 210 210 210
-0.76398659 -0.33785334 -0.44058403 210 210 210
-0.050279554 -0.22412917 -0.773552 210 210 210
-0.10884126 -0.36633766 -1.2750319 210 210 210
0.14954731 0.2027809 -1.1511053 210 210 210
0.12207935 -0.30129081 -0.66603422 210 210 210
-0.05070851 -0.23705415 -0.79049361 210 210 210
-0.8839584 -0.67675161 -0.11519714 210 210 210
-0.021341722 -0.22372086 -0.77062386 210 210 210
0.10674454 -0.1616468 -0.3417398 210 210 210
-0.36037752 -0.62077278 -1.0050521 210 210 210
0.048763685 -0.52852666 -1.2582945 210 210 210
-0.25299957 -0.35181516 -1.0911524 210 210 210
-0.18000947 -0.11266056 -0.84206021 210 210 210
-0.12054933 -0.3478274 -1.2973797 210 210 210
-0.042119216 -0.32985058 -0.57392603 210 210 210
0.90614682 -0.51180482 -1.1248946 210 210 210
-0.3917186 -0.83800262 -0.77486289 210 210 210
0.12426127 -0.32083118 -0.62411726 210 210 210
-0.028590638 0.02349085 -0.79615581 210 210 210
-0.058710679 0.035233233 -0.81722224 210 210 210
0.24294783 -0.44571656 -0.4582113 210 210 210
-0.16830277 -0.1324431 -0.80514169 210 210 210
-0.15390243 -0.086283967 -0.83723384 210 210 210
0.039562639 0.2352289 -1.1562939 210 210 210
-0.15969992 -0.13078707 -0.81474358 210 210 210
-0.17066307 -0.1035821 -0.8368215 210 210 210
0.40755579 -0.59279352 -1.1644258 210 210 210
-0.0073959678 -0.19558762 -0.77896512 210 210 210
-0.017772021 -0.24197146 -0.76614463 210 210 210
0.17261399 -0.066689782 -0.19048505 210 210 210
1.6235459 1.711675 -0.50727826 210 210 210
-0.15781005 -0.36835188 -0.56880051 210 210 210
0.22264908 -0.54862726 -0.47344992 210 210 210
0.03071836 -0.86977279 -1.1385539 210 210 210
0.51322031 -0.80828375 -1.1387221 210 210 210
-0.14326908 -0.3875719 -1.1829805 210 210 210
0.83795398 -0.86743212 -1.0234976 210 210 210
0.91453183 -0.64934206 -1.0506436 210 210 210
-0.049574237 -0.22414704 -0.7720803 210 210 210
0.035754655 -0.23844212 -0.72018212 210 210 210
0.27695054 -0.46660802 -0.45741063 210 210 210
0.26377478 -0.46205896 -0.46552542 210 210 210
-0.11512005 -0.32352835 -1.2760216 210 210 210
0.23962434 -1.0495803 -0.92637718 210 210 210
-0.045630746 -0.22201267 -0.78439766 210 210 210
0.25539798 -0.4677695 -0.45476359 210 210 210
-0.053145014 -0.22305991 -0.7839523 210 210 210
-0.19465911 -0.36083114 -1.0720466 210 210 210
0.31420913 0.46356007 -1.0670958 210 210 210
0.011069352 -0.25147513 -0.7087366 210 210 210
0.83809721 -0.57069892 -1.0998672 210 210 210
0.095687486 -0.27592808 -0.67309505 210 210 210
0.065417171 -0.27660412 -0.64977163 210 210 210
0.099436924 -0.49361455 -0.49922732 210 210 210
0.62625748 -1.0279988 -0.91862935 210 210 210
-0.22317833 -0.54994005 -0.46505904 210 210 210
0.070197895 -0.42234653 -1.2244482 210 210 210
-0.061687697 -0.44013584 -1.1555754 210 210 210
-0.067509845 -0.19527814 -1.3193202 210 210 210
-0.25575674 -0.37831634 -1.1361084 210 210 210
0.039443232 -0.39537147 -1.2049711 210 210 210
0.26843286 0.46045575 -1.0411848 210 210 210
0.14513619 -0.49221081 -0.44690919 210 210 210
-0.12285715 -0.27097437 -0.83737665 210 210 210
-0.0078662168 0.038648251 -0.79964912 210 210 210
-0.030447932 -0.21367119 -0.77374309 210 210 210
-0.40987459 -0.92787671 -0.8753826 210 210 210
0.093578115 -0.80647802 -0.93351418 210 210 210
0.19120839 -0.1507639 -0.18193135 210 210 210
-0.048324946 -0.26670408 -1.0335349 210 210 210
0.074034534 -0.21514331 -0.70260388 210 210 210
0.17922495 -0.48927677 -0.45642123 210 210 210
-0.17251098 -0.311887 -0.86127442 210 210 210
-0.023607807 0.051961347 -0.32194731 210 210 210
-0.74879545 -0.42655304 -0.22095746 210 210 210
0.035332404 0.055264354 -0.83120197 210 210 210
0.22231737 0.45434123 -1.0359958 210 210 210
0.044613056 -0.52707213 -0.45068565 210 210 210
-0.01018167 0.028010633 -0.80026209 210 210 210
-0.026014345 -0.23453459 -0.77151698 210 210 210
-0.80397248 -0.6664632 -0.070593074 210 210 210
-0.13446113 -1.3870907 -0.8949452 210 210 210
-0.87016809 -0.75100905 -0.01965631 210 210 210
-0.20819767 -0.3168616 -1.039889 210 210 210
0.3137002 0.46771365 -1.0455481 210 210 210
-0.015763544 -0.55157048 -0.44589424 210 210 210
-0.00244102 0.26155755 -1.0805219 210 210 210
0.19932385 -0.20960544 -0.67759371 210 210 210
-0.058021579 -0.25109446 -0.7753377 210 210 210
0.25367919 0.38784149 -1.0231384 210 210 210
-0.015258191 -0.20961866 -0.77570069 210 210 210
0.26746395 0.47487295 -1.0685176 210 210 210
0.26603112 -0.46551824 -0.48459366 210 210 210
0.14897841 -0.35132664 -0.60875863 210 210 210
0.35809749 -1.4077907 -0.55844837 210 210 210
-0.27607262 -0.61832488 -0.37939736 210 210 210
0.24604765 -1.4380918 0.18138038 210 210 210
-0.079117253 -0.97371197 -0.81656754 210 210 210
0.0014818812 0.061077524 -0.84862435 210 210 210
-0.18552119 -1.078943 -0.83848387 210 210 210
-0.24095659 -0.5029003 -0.36238107 210 210 210
0.66091758 -0.82159495 -1.0962391 210 210 210
0.18788736 0.4533591 -1.1042989 210 210 210
0.33026618 0.52347153 -1.0482838 210 210 210
0.87830967 -0.74586862 -1.0949316 210 210 210
0.063868947 -0.20158978 -1.3858442 210 210 210
-0.76545918 -0.75083756 -0.34719485 210 210 210
0.2216669 -0.21585964 -0.71999097 210 210 210
0.30614373 -0.38950965 -0.46085951 210 210 210
-0.64437562 -0.79462689 -0.35796094 210 210 210
0.76067609 -0.54827017 -1.1504444 210 210 210
0.32116425 0.46413031 -1.0488726 210 210 210
-0.26619256 -0.29075745 -1.0697241 210 210 210
0.58628672 -0.45492595 -1.2064949 210 210 210
0.16649924 0.082138963 -0.37737384 210 210 210
-0.068184137 -0.11343163 -0.73521286 210 210 210
0.16625775 0.4161694 -1.1103729 210 210 210
0.84076256 -0.6488145 -1.0442561 210 210 210
-0.032627124 -0.25168979 -0.76186413 210 210 210
0.16475284 0.046548422 -0.38799119 210 210 210
-0.24579142 -0.34981367 -1.1161371 210 210 210
-0.046967845 0.095783323 -0.8474009 210 210 210
-0.041165799 0.096792541 -0.85537595 210 210 210
0.097016297 -0.15925704 -0.7010265 210 210 210
-0.084435217 0.44424585 -0.52172399 210 210 210
-0.017484928 0.35567001 -0.49383244 210 210 210
0.80084646 -0.62366253 -1.1630857 210 210 210
-0.17521937 -0.37609243 -1.1524779 210 210 210
-0.077202506 -0.27386269 -1.2109951 210 210 210
-0.065708734 -0.43908516 -1.3835356 210 210 210
-0.10279173 -0.38572234 -1.3351479 210 210 210
0.25427261 -0.09277197 -0.2436793 210 210 210
0.037574273 0.25553718 -1.1951449 210 210 210
0.84822685 -0.52252585 -1.1334202 210 210 210
0.010087156 -0.23613036 -0.75392783 210 210 210
0.10482854 -0.47641125 -0.49790758 210 210 210
0.15510267 0.13293029 -0.38600063 210 210 210
-0.034374945 -0.19937482 -0.7835049 210 210 210
0.008306168 -0.17200634 -0.78042722 210 210 210
-0.11881334 -0.33884484 -1.5971249 210 210 210
0.24138315 0.44444129 -1.0155115 210 210 210
0.35499048 0.49210271 -1.0616206 210 210 210
-0.086987861 0.073693693 -0.87832868 210 210 210
0.19251287 0.0420633 -0.36434519 210 210 210
-0.1377752 -0.33508962 -1.2384508 210 210 210
0.78600878 -0.67262638 -1.1439322 210 210 210
0.20711762 0.025705621 -0.351594 210 210 210
-0.15356524 -0.34577078 -1.1013469 210 210 210
-0.025393369 -0.18878235 -0.77797484 210 210 210
-0.097503021 -0.31275329 -1.1938196 210 210 210
0.047872271 -0.21231572 -0.75381225 210 210 210
0.18345018 -0.47520685 -0.40359634 210 210 210
0.012045365 -0.45073566 -0.52981997 210 210 210
-0.024491476 -0.53830886 -0.49791211 210 210 210
0.24425645 -0.29463345 -1.2756205 210 210 210
0.1336797 0.21756174 -0.40409613 210 210 210
0.32160652 0.4828755 -1.0666541 210 210 210
0.16692546 0.073189735 -0.37574327 210 210 210
0.20963544 -0.02214219 -0.3247928 210 210 210
0.02243758 -0.19745365 -0.76187402 210 210 210
0.18834272 -0.017125783 -0.33058608 210 210 210
0.28137314 -0.058298565 -0.27364904 210 210 210
-0.010107677 -0.19992167 -0.77153713 210 210 210
0.0010392957 -0.24675699 -0.73565322 210 210 210
0.24401714 0.48148146 -1.046003 210 210 210
-0.60222465 -0.8585369 0.25844786 210 210 210
0.33201924 0.41433656 -1.0616815 210 210 210
0.055508379 -0.14919864 -1.3782673 210 210 210
-0.018016381 0.09051536 -0.85184604 210 210 210
-0.18752775 -0.36024687 -1.1459352 210 210 210
0.36141568 0.40989241 -1.2213535 210 210 210
0.23566891 0.46916193 -1.0612391 210 210 210
-0.017511021 -0.070155956 -1.3909001 210 210 210
-2.4079616e-05 -0.48162627 -1.1213318 210 210 210
0.10026186 -0.77588069 -0.94939172 210 210 210
0.042940002 0.29683787 -1.1897635 210 210 210
0.39272878 0.445912 -1.2074026 210 210 210
0.023517234 -0.21912406 -0.73680609 210 210 210
0.19932644 -0.29461017 -0.63489324 210 210 210
0.025259936 -0.25670493 -1.3824631 210 210 210
-0.031058036 -0.22355856 -0.77741635 210 210 210
0.13960995 -0.54368424 -0.49731404 210 210 210
0.11370234 -0.26918265 -1.3739191 210 210 210
0.69081151 -0.53267449 -1.1790197 210 210 210
0.88499892 -0.73845118 -1.0932975 210 210 210
-0.35115477 -0.41483653 -1.1009101 210 210 210
-0.055862725 0.04754572 -0.84383327 210 210 210
0.033952884 -0.2363824 -0.73747289 210 210 210
-0.058007345 -0.33587655 -1.2292238 210 210 210
0.89619768 -0.65770411 -1.0887994 210 210 210
-0.22722925 -0.46752158 -0.59723079 210 210 210
-0.16709195 -0.11380982 -0.83778811 210 210 210
0.030201884 -0.23349065 -0.71316147 210 210 210
0.015914619 0.04712411 -0.82866341 210 210 210
-0.016186407 -0.23128787 -0.76833308 210 210 210
-0.21659081 -0.53397959 -0.50505811 210 210 210
-0.08392109 -0.10471986 -0.77011132 210 210 210
0.88411689 -0.51847053 -1.1017888 210 210 210
-0.12228903 0.02299515 -0.87557793 210 210 210
0.085800253 -0.25191936 -1.108785 210 210 210
0.28588015 -0.12085249 -0.14848183 210 210 210
-0.26179048 -0.38814089 -1.106658 210 210 210
0.35861483 -1.3500347 -0.50943142 210 210 210
-0.17642762 -0.12114312 -0.856399 210 210 210
-2.6841681e-05 -0.22727616 -0.75859267 210 210 210
0.30374965 0.44060624 -1.0485945 210 210 210
0.0089661516 -0.24055111 -0.76136708 210 210 210
-0.051950932 -0.22679348 -0.77806425 210 210 210
-0.18408518 -0.41176522 -1.2397864 210 210 210
0.067118824 -0.25418708 -0.69139796 210 210 210
0.30176017 -1.2364548 -0.6240319 210 210 210
0.058346018 0.25510246 -1.137411 210 210 210
0.1871053 -0.54234815 -0.47446626 210 210 210
0.13093072 -0.25899118 -0.69191712 210 210 210
-0.045495033 -0.2746011 -1.1795371 210 210 210
-0.0072087045 -0.64414591 -0.95434183 210 210 210
-0.21606058 -0.5133279 -0.51726395 210 210 210
-0.17059945 -0.36167791 -1.1099989 210 210 210
0.20920995 -0.48389453 -0.43804044 210 210 210
-0.53194427 -0.20733686 -0.36921808 210 210 210
-0.016469128 -0.94191521 -0.91298735 210 210 210
-0.026699357 -0.51902461 -1.20424 210 210 210
-0.92853457 -0.67390269 -0.20880535 210 210 210
0.5227766 -0.85065836 -0.89141881 210 210 210
-0.10761985 0.44437537 -0.5302003 210 210 210
-0.8685143 -0.71826833 -0.34401777 210 210 210
-0.26347592 -0.69726664 -0.78022391 210 210 210
0.090527795 -0.27342743 -0.78013068 210 210 210
-0.26352227 -0.8335954 -0.90090483 210 210 210
0.24937549 0.28929779 -1.2806939 210 210 210
0.66298449 -0.80839521 -0.9490453 210 210 210
0.28696361 0.48672032 -1.0725473 210 210 210
-0.043730438 0.035471737 -0.30590093 210 210 210
-0.020273345 -0.46480826 -1.183692 210 210 210
-0.058451883 -0.13812573 -1.3104501 210 210 210
-0.0027484372 0.04858084 -0.82733119 210 210 210
-0.2319341 -0.55824929 -0.50863093 210 210 210
-0.033698641 -0.55182916 -0.49292755 210 210 210
0.016157554 -0.48818302 -1.0749784 210 210 210
-0.061875291 -0.24521127 -1.3295761 210 210 210
0.060613543 0.028487759 -0.27676597 210 210 210
0.17728941 -0.78253108 -0.97678846 210 210 210
-0.012404239 -0.25204015 -0.7618103 210 210 210
-0.15534694 -0.083452739 -0.85853904 210 210 210
0.011954121 -0.18659028 -0.76518542 210 210 210
0.21880384 -0.28499943 -0.58684164 210 210 210
-0.20315695 -0.52426916 -0.4691323 210 210 210
-0.029257653 -0.36650145 -1.194327 210 210 210
-0.067410894 -0.38884294 -1.1940124 210 210 210
0.56507051 -0.64505464 -1.0422453 210 210 210
-0.030547526 -0.1987934 -0.78498644 210 210 210
0.1558729 -0.56451505 -0.49069682 210 210 210
-0.14250185 0.054349203 -0.91350371 210 210 210
-0.043654501 -0.22446474 -1.486348 210 210 210
0.17897153 -0.48523805 -0.46664572 210 210 210
0.26184231 -0.45788136 -0.44015163 210 210 210
-0.23167063 -0.40257868 -1.363539 210 210 210
-0.069875412 -0.42544556 -1.1775011 210 210 210
-0.037039675 -0.21595694 -0.78474444 210 210 210
-0.048760891 -0.53537995 -0.55459589 210 210 210
-0.0098595368 -0.19714265 -0.77693051 210 210 210
0.10700646 -0.2822485 -0.68336254 210 210 210
-0.050211899 -0.26329938 -0.68273211 210 210 210
0.15352006 -0.14970139 -0.34102732 210 210 210
-0.61959291 -0.36830801 -0.18423919 210 210 210
0.19701073 -0.48562431 -0.47309843 210 210 210
0.058576211 -1.0065933 -0.93307889 210 210 210
-0.3961772 -0.92928398 -0.92736322 210 210 210
0.19292797 0.31003943 -1.0797377 210 210 210
-0.046634644 -0.33330879 -1.2504888 210 210 210
-0.29535422 -0.24365467 -1.3343717 210 210 210
-0.17646877 -0.26618496 -1.4232141 210 210 210
-0.36708087 -0.79745901 -0.71023357 210 210 210
0.03540026 -0.27715316 -0.74761015 210 210 210
0.1845568 -0.54992527 -0.51520598 210 210 210
-0.2380095 -0.36166736 -1.0883121 210 210 210
-0.0087477025 0.032638952 -0.28280392 210 210 210
-0.10683401 0.029074812 -0.86260015 210 210 210
0.73275989 -0.81532234 -1.1075039 210 210 210
-0.17947091 -0.58039933 -0.41560566 210 210 210
0.15053894 -0.22565179 -0.69305819 210 210 210
-0.094896264 -0.25668123 -0.74600834 210 210 210
0.026348917 -0.2752896 -1.1864476 210 210 210
0.57858759 -0.57886326 -1.231308 210 210 210
-0.12838489 -0.68386984 -0.89474279 210 210 210
0.082757823 -0.2645179 -0.69235682 210 210 210
0.27529135 0.49080759 -1.0736266 210 210 210
-0.040464725 -0.2121484 -0.78985351 210 210 210
-0.15865362 -0.089519896 -0.85633564 210 210 210
-0.00072268979 0.043995861 -0.80103832 210 210 210
-0.22046934 -0.3783071 -1.3333836 210 210 210
-0.029658994 -0.18480265 -1.1188405 210 210 210
-0.056616817 -0.23674899 -0.76723605 210 210 210
5.1783332e-05 -0.26901349 -0.771707 210 210 210
-0.23665234 -0.56181306 -0.49662068 210 210 210
0.077085361 -0.21878244 -0.68350774 210 210 210
0.89013159 -0.83943826 -1.0005755 210 210 210
0.082528375 -0.2359314 -1.1543556 210 210 210
-0.21548241 -0.42608163 -1.3748366 210 210 210
-0.20020659 -0.59838659 -1.2266707 210 210 210
0.2990298 0.45550713 -1.0390384 210 210 210
0.74736589 -0.49429297 -1.1952157 210 210 210
-0.49687338 -1.4928364 -0.7863977 210 210 210
0.072257645 0.23902264 -1.1162422 210 210 210
0.017089382 0.30419317 -1.205611 210 210 210
0.17234969 -0.28262708 -0.6562742 210 210 210
0.26235142 0.45920062 -1.0233557 210 210 210
0.21957514 -0.46874374 -0.46568856 210 210 210
0.038920898 -0.24523833 -0.7280857 210 210 210
-0.17490019 -0.46197212 -0.5956049 210 210 210
-0.05908278 -0.23138528 -0.76990873 210 210 210
-0.033145532 -0.22968872 -0.76849979 210 210 210
-0.043082986 -0.39646727 -1.2052767 210 210 210
-0.45078084 -0.20593868 -0.28730491 210 210 210
0.037112165 -0.28146106 -0.66424501 210 210 210
-0.17002293 -0.43228793 -1.1767868 210 210 210
0.21107556 -0.48012519 -0.46286067 210 210 210
0.010992453 -0.42283738 -1.4479791 210 210 210
-0.1727256 -0.32362017 -1.0576998 210 210 210
0.0043944074 -0.37028426 -1.257388 210 210 210
0.16766734 -0.22437635 -0.70922774 210 210 210
-0.16016489 -0.14207688 -0.82709569 210 210 210
0.83055103 -0.52875865 -1.1305048 210 210 210
0.09656053 -0.23987952 -0.70886129 210 210 210
-0.69302356 -0.77699512 -1.1604477 210 210 210
0.11424432 -0.26110825 -0.69657207 210 210 210
-0.15015051 -0.32133645 -1.237587 210 210 210
-0.044547528 0.031625163 -0.79471761 210 210 210
0.14451414 -0.19565316 -0.75950092 210 210 210
-0.25050157 -0.38913873 -1.1526543 210 210 210
-0.17592838 -0.10084218 -0.83213735 210 210 210
-0.17935692 -0.11929943 -0.85522252 210 210 210
0.026613912 -0.26435557 -0.7854991 210 210 210
0.33062205 0.4675723 -1.0493027 210 210 210
-0.26391295 -0.4486011 -1.2675513 210 210 210
0.20276783 -0.10673582 -0.28242937 210 210 210
0.083223611 -0.17504069 -0.27437386 210 210 210
0.23122051 -0.45047462 -0.46129739 210 210 210
-0.024744574 -0.23077719 -0.78386158 210 210 210
0.27861121 0.47040826 -1.0617093 210 210 210
-0.16165057 -0.10588766 -0.84557533 210 210 210
-0.031542577 -0.19847456 -0.78667253 210 210 210
0.20750844 -0.078663766 -1.2889684 210 210 210
0.34277639 0.49201909 -1.0608391 210 210 210
0.31403416 0.47389445 -1.0572819 210 210 210
0.19147323 -0.49152601 -0.46555674 210 210 210
-0.064985327 -0.28045136 -1.3476659 210 210 210
0.29269993 0.47340432 -1.0638454 210 210 210
-0.083912805 -0.25544611 -0.71925902 210 210 210
0.045101199 -0.46461287 -0.52125257 210 210 210
-0.075653687 -0.37751189 -1.0885218 210 210 210
-0.088280208 0.078203328 -0.88291961 210 210 210
-0.065256588 0.024220005 -0.79311419 210 210 210
0.013152833 0.044390295 -0.2984536 210 210 210
-0.16184373 -0.09230803 -0.83472431 210 210 210
-0.15871789 -0.094306573 -0.83905977 210 210 210
-0.02044476 -0.18997101 -0.76489508 210 210 210
0.79549801 -0.57559979 -1.1410394 210 210 210
0.025056954 0.071197428 -0.85034984 210 210 210
0.16310443 -0.29829243 -0.66189367 210 210 210
0.044466946 0.077163346 -0.85145897 210 210 210
-0.037176393 -0.20546803 -0.77732211 210 210 210
0.14866687 0.33407643 -1.0976125 210 210 210
0.18053423 -0.18758763 -1.1783446 210 210 210
-0.15755454 -0.45234007 -0.5888136 210 210 210
-0.032532848 -0.4299503 -0.53076577 210 210 210
-0.17280002 -0.26777601 -1.3518832 210 210 210
0.19907233 -0.13243921 -0.31875256 210 210 210
-0.02799077 -0.20756298 -0.78461242 210 210 210
-0.3100765 -0.89861208 -1.0709913 210 210 210
0.32506219 0.44303745 -1.0718964 210 210 210
0.13802709 -0.4924764 -0.48243141 210 210 210
-0.049349599 -0.23995931 -1.0483922 210 210 210
0.22568141 0.48371419 -1.0716995 210 210 210
0.22865181 -0.54027802 -0.51354247 210 210 210
0.14085333 -0.3562912 -0.58999759 210 210 210
0.84800607 -0.54727179 -1.0832846 210 210 210
-0.0595195 -0.25920713 -1.0405738 210 210 210
0.94740039 -0.34276107 -1.1208636 210 210 210
0.56820047 1.0163988 -1.2685497 210 210 210
0.19140565 0.01066035 -0.35525459 210 210 210
0.34348577 0.48937824 -1.0652108 210 210 210
0.34063712 0.48739788 -1.0621233 210 210 210
-0.031359497 -0.20784678 -0.78329217 210 210 210
-0.05421422 -0.59735841 -0.86956662 210 210 210
0.21261585 0.013521624 -0.3510406 210 210 210
0.0010871751 -0.18569037 -0.7725901 210 210 210
0.85874528 -0.66767418 -1.1876882 210 210 210
0.039383076 -0.21833818 -0.77914035 210 210 210
0.17625779 -0.28430635 -1.3677254 210 210 210
0.26667312 0.49560437 -1.0718356 210 210 210
0.27621788 0.4964354 -1.0706764 210 210 210
-0.28362879 -0.24938209 -0.9870618 210 210 210
-0.039487921 -0.29606032 -0.64585024 210 210 210
0.018500047 -0.2040655 -0.7827372 210 210 210
0.29737869 -0.42866388 -0.44270003 210 210 210
-0.67341942 -0.36480919 -1.1080917 210 210 210
-0.091108486 -0.071064785 -0.82542455 210 210 210
-0.03717564 -0.17809668 -0.78021127 210 210 210
0.046497907 -0.30976367 -1.2921441 210 210 210
0.013208457 0.094796538 -0.86077011 210 210 210
-0.03342979 -0.20970191 -0.7882539 210 210 210
0.073472172 -0.27478874 -1.3227456 210 210 210
0.050554555 -0.20369282 -1.2423786 210 210 210
0.28795725 0.50900185 -1.0666575 210 210 210
-0.045503639 0.034057107 -0.79606777 210 210 210
0.13804774 -0.20919809 -0.74286604 210 210 210
0.85102522 -0.50055265 -1.1215199 210 210 210
0.30003121 -0.45887092 -0.47795606 210 210 210
-0.02728904 -0.2445932 -0.75517207 210 210 210
0.30916655 0.35110164 -1.2586761 210 210 210
0.008537069 0.39002079 -0.48588601 210 210 210
0.33750644 0.49062657 -1.063307 210 210 210
0.857844 -0.51842946 -1.1346747 210 210 210
0.41644299 -0.04281532 -0.1800521 210 210 210
-0.0078104781 0.031932719 -0.79355317 210 210 210
0.21383847 0.30772167 -1.0816813 210 210 210
0.31778687 0.48422247 -1.0694753 210 210 210
-0.30227274 -0.45916769 -1.3702866 210 210 210
-0.034337886 -0.23181851 -0.77443719 210 210 210
0.42427403 -0.40473607 -1.2428207 210 210 210
0.71706557 -0.56521738 -1.1787292 210 210 210
0.16408639 -0.2089818 -0.67796737 210 210 210
-0.11509719 -0.41927505 -1.5985312 210 210 210
-0.093300179 -0.38233206 -1.1657852 210 210 210
-0.094461344 -0.35213533 -1.2804966 210 210 210
0.088219218 -0.2275607 -0.78420806 210 210 210
-0.32792231 -0.81219023 -0.7894218 210 210 210
-0.5893302 -1.2907833 -0.79868644 210 210 210
-0.31293255 -0.43410179 -1.1408606 210 210 210
-0.20287758 -0.40179905 -0.55122912 210 210 210
-0.32105225 -0.84593719 -0.70863211 210 210 210
0.16943833 -0.47431278 -1.3426788 210 210 210
0.0011562355 -0.54864347 -1.2059261 210 210 210
0.024837041 -0.27412614 -1.3377677 210 210 210
-0.0045682807 -0.25080204 -0.71658379 210 210 210
-0.10638069 -0.28525269 -1.1284927 210 210 210
0.090740353 -0.27870962 -0.67511189 210 210 210
-0.43302956 -0.91377062 -0.97268265 210 210 210
0.023693617 -0.74569297 -0.72452331 210 210 210
0.23660019 0.42820618 -1.0431232 210 210 210
-0.1600153 -0.076892011 -0.84617835 210 210 210
0.023172647 0.042720661 -0.82392883 210 210 210
-0.34164727 -0.87305039 -0.86536986 210 210 210
0.22548804 0.39412692 -1.0056926 210 210 210
-0.073061429 -0.40468618 -1.2901894 210 210 210
0.025762293 -0.9069528 -1.0240486 210 210 210
-0.089288257 -0.44949996 -1.3055348 210 210 210
-0.25279081 -0.40222007 -0.53818822 210 210 210
-0.090626411 -0.49255741 -1.1178124 210 210 210
0.15517415 0.20746434 -1.210449 210 210 210
-0.029050859 0.095841654 -0.85437125 210 210 210
0.062992617 -0.53974813 -0.4916479 210 210 210
-0.24975865 -0.8298412 -0.94118166 210 210 210
0.31320536 -1.3009515 -0.049184062 210 210 210
0.16406879 -1.2261837 -0.89279526 210 210 210
-0.11040874 -0.63564497 -0.79381442 210 210 210
0.18575475 -0.25505528 -0.70348597 210 210 210
0.0011731727 -0.42399058 -1.0650871 210 210 210
-0.022760477 0.080572113 -0.84777915 210 210 210
-0.018746875 -0.50750113 -1.2165723 210 210 210
-0.0041888491 -0.53462547 -0.95648754 210 210 210
-0.77748716 -0.67696619 -0.031082883 210 210 210
-0.00074563187 -0.54029781 -0.4494403 210 210 210
-0.0988326 -0.39466512 -1.2320278 210 210 210
-0.039489031 -0.56627059 -0.49384421 210 210 210
0.0018553091 -0.51080084 -1.2232718 210 210 210
-0.055790395 -0.22548287 -1.1705252 210 210 210
-0.67134815 -0.72786593 -0.3965666 210 210 210
-0.12848227 -0.27736408 -0.73080266 210 210 210
-0.065166868 -0.22415547 -1.2570058 210 210 210
-0.01005902 -0.2105871 -0.76583946 210 210 210
-0.64803797 -0.40062085 -0.16631894 210 210 210
-0.18011151 -0.33289883 -1.3404403 210 210 210
-0.041839819 -0.30617252 -0.6645534 210 210 210
-0.21263652 -0.5456211 -0.48557231 210 210 210
-0.074915953 -0.26780626 -1.1479993 210 210 210
-0.11722432 -0.44536111 -1.1960109 210 210 210
-0.17781855 -0.320171 -1.3135746 210 210 210
0.15147465 -0.77771252 -0.99280584 210 210 210
0.052987516 -0.57027936 -0.48972282 210 210 210
0.88433218 -0.56794626 -1.0374463 210 210 210
0.044883274 -0.51503956 -0.50867337 210 210 210
0.13971837 -0.51326424 -0.42232582 210 210 210
-0.021005806 -0.51062441 -0.81988263 210 210 210
-0.06635657 -0.41136944 -1.2144107 210 210 210
-0.071322449 -0.21488111 -1.2030768 210 210 210
-0.075119287 -0.21752708 -1.3328429 210 210 210
0.051749643 -0.29171586 -0.64656276 210 210 210
-0.02666302 -0.19932503 -0.79802412 210 210 210
0.072163619 -0.37047964 -0.73306447 210 210 210
-0.21403138 -0.52644014 -0.5161199 210 210 210
-0.29858312 -0.41964996 -1.1516916 210 210 210
0.0093872976 -0.22738653 -0.7392357 210 210 210
0.16175759 -0.35938278 -0.44606671 210 210 210
-0.051013377 -0.28282985 -1.192279 210 210 210
-0.16202553 -0.34603879 -1.1617228 210 210 210
0.53566587 -0.40603599 -1.2125258 210 210 210
0.14863861 -0.14588533 -0.25038531 210 210 210
-0.062172726 0.026245696 -0.79338443 210 210 210
0.16739359 -0.20952839 -0.68173683 210 210 210
0.84287888 -0.65323782 -1.0587484 210 210 210
0.26984558 -0.4413164 -0.44609883 210 210 210
0.12072983 -0.20018063 -0.75250727 210 210 210
-0.056376942 -0.2246976 -0.77164215 210 210 210
-0.030554615 0.030829508 -0.79630637 210 210 210
0.20050688 0.22720847 -0.9873265 210 210 210
-0.11162859 -0.34720656 -1.0714579 210 210 210
-0.25076354 -0.39535543 -1.1508083 210 210 210
0.12972891 -0.2307619 -0.65388203 210 210 210
0.26675388 0.47003052 -1.0602777 210 210 210
0.0088611217 -0.36439905 -1.2722963 210 210 210
0.027244724 -0.24018142 -0.73368269 210 210 210
-0.07610134 -0.25033641 -1.2371607 210 210 210
0.80754042 -0.5641728 -1.1308331 210 210 210
0.20936215 0.421527 -1.0682608 210 210 210
0.063847601 0.078679502 -0.85071039 210 210 210
-0.20848483 -0.42333975 -1.3540756 210 210 210
0.14026479 -0.47851929 -1.0695274 210 210 210
0.19746591 -0.19009359 -0.71273613 210 210 210
-0.011393437 -0.433043 -0.52639222 210 210 210
0.12123526 -0.55950058 -0.48105955 210 210 210
0.061816756 0.07697133 -0.85173875 210 210 210
0.0035023328 -0.18998232 -0.77516437 210 210 210
0.16181011 -0.81669652 -0.99781376 210 210 210
-0.14300901 -0.082452856 -0.83614635 210 210 210
1.6903601 1.7175146 -0.39277351 210 210 210
0.1691653 -0.25706649 -0.72144133 210 210 210
0.2952286 0.48935488 -1.0784454 210 210 210
0.041226011 -0.27522108 -0.657686 210 210 210
0.31464222 0.49223387 -1.0667078 210 210 210
0.3466585 0.49359465 -1.0635031 210 210 210
0.047221269 0.049996182 -0.82563376 210 210 210
0.19007964 -0.022313433 -0.34733531 210 210 210
-0.055234648 -0.26498488 -0.75385141 210 210 210
0.12585177 -0.48909068 -0.4963946 210 210 210
0.32666522 0.49364009 -1.065691 210 210 210
0.046777036 -0.28802949 -0.65319788 210 210 210
0.31737456 0.4933188 -1.0666288 210 210 210
-0.22996864 -0.41858542 -0.54702276 210 210 210
0.19332336 0.48161045 -1.0995184 210 210 210
0.12970859 -0.51540488 -0.51708525 210 210 210
-0.030339941 -0.194746 -0.78183132 210 210 210
0.25849366 -0.38488406 -1.2356532 210 210 210
0.82878858 -0.82749403 -1.1189965 210 210 210
-0.18596695 -0.47219843 -0.59464478 210 210 210
0.85850167 -0.53995782 -1.0896137 210 210 210
-0.25846973 -0.45298037 -1.2937161 210 210 210
-0.17805746 -0.35409257 -1.2402682 210 210 210
0.029168239 -0.25765496 -0.6548754 210 210 210
-0.085457951 -0.40009886 -1.2743008 210 210 210
0.080981582 0.046784777 -0.26844853 210 210 210
-0.0080252215 0.050887048 -0.82973284 210 210 210
0.28386191 0.49237853 -1.0792098 210 210 210
0.022878304 0.06601394 -0.85125637 210 210 210
0.0057268352 -0.24612875 -0.76058024 210 210 210
-0.029738182 -0.63653326 -0.96191627 210 210 210
-0.14632273 0.059353575 -0.91584635 210 210 210
-0.15322022 -0.33128178 -1.3118916 210 210 210
-0.011587062 -0.16589379 -0.87140751 210 210 210
0.008698768 -0.36699852 -1.2167472 210 210 210
-0.019975023 -0.2290384 -0.76742399 210 210 210
0.27950451 -0.35217103 -0.513264 210 210 210
-0.16458727 -0.31572777 -1.3676991 210 210 210
0.38844365 0.72249073 -1.3015385 210 210 210
-0.023055721 -0.12856735 -0.74678445 210 210 210
-0.03687162 0.027373565 -0.79743946 210 210 210
0.16671653 0.38384059 -1.1110687 210 210 210
0.56516927 -1.0093756 -0.90202117 210 210 210
-0.10685983 -0.10928529 -0.78742623 210 210 210
-0.41522396 -0.96610951 -0.83552235 210 210 210
-0.12643535 0.037126116 -0.89377052 210 210 210
-0.13022043 -0.11250743 -0.81165385 210 210 210
0.057161883 -0.46550271 -0.59841245 210 210 210
0.20843723 -0.48134139 -0.46731651 210 210 210
0.030280596 -0.50663626 -0.54393214 210 210 210
0.21797843 0.46464029 -1.0520231 210 210 210
-0.064911604 -0.23961496 -1.1158822 210 210 210
0.26741213 0.41765404 -1.0210253 210 210 210
-0.022980312 -0.20408608 -0.79329246 210 210 210
0.24854797 0.49720657 -1.0658547 210 210 210
0.49353021 0.98791367 -1.2585388 210 210 210
-0.1213255 -0.23134218 -1.5315627 210 210 210
0.18764827 -0.55214173 -0.48191512 210 210 210
-0.020914359 -0.37873855 -1.3878109 210 210 210
-0.16573502 -0.087014645 -0.85628074 210 210 210
0.046882279 -0.27945256 -0.65215772 210 210 210
-0.19442052 -0.41924623 -1.3869777 210 210 210
-0.16715725 -0.094422869 -0.86504096 210 210 210
0.11411421 -0.80817235 -0.93112946 210 210 210
-0.060080517 -0.25892219 -0.78834236 210 210 210
0.17456345 -0.003954397 -0.38463226 210 210 210
0.27080548 -0.28289354 -0.92620194 210 210 210
-0.15497339 -0.10910403 -0.82959366 210 210 210
0.039275251 0.048730046 -0.81557226 210 210 210
0.26763323 0.49712402 -1.0743275 210 210 210
-0.21438864 -0.3852551 -1.311442 210 210 210
0.066022165 -0.17782688 -0.7493633 210 210 210
0.17608508 0.015787797 -0.35687068 210 210 210
-0.021859201 0.18475197 -1.2073269 210 210 210
-0.032745957 -0.18688358 -0.78275859 210 210 210
0.054066587 -0.17584153 -0.75774926 210 210 210
0.094790943 -0.037125345 -0.211668 210 210 210
-0.16582936 -0.34475979 -1.0776812 210 210 210
-0.014267064 -0.25666732 -1.5390077 210 210 210
0.095406018 0.22973078 -0.417779 210 210 210
0.022050083 -0.59281844 -0.98412442 210 210 210
-0.1572208 -0.087423988 -0.86090094 210 210 210
-0.011074251 -0.26903248 -0.73637861 210 210 210
0.29829517 0.49930134 -1.0773598 210 210 210
-0.0053396369 0.041136537 -0.29697591 210 210 210
-0.028421484 -0.45069906 -1.3901799 210 210 210
-0.18707094 -0.13466758 -0.84308529 210 210 210
-0.19066241 -0.33097446 -1.0724393 210 210 210
0.18539883 -0.11543355 -0.28303462 210 210 210
-0.049820051 -0.28676802 -0.91861278 210 210 210
0.088785037 0.26867822 -0.42929092 210 210 210
0.14639919 -0.18809827 -1.2435322 210 210 210
0.027483538 -0.25817725 -0.65587783 210 210 210
0.28983137 -0.067797638 -0.22804949 210 210 210
0.17041673 0.087196425 -0.37841281 210 210 210
0.26880074 0.50095427 -1.0727203 210 210 210
0.35169581 0.5048452 -1.0593807 210 210 210
-0.21156029 -0.3617996 -0.58754236 210 210 210
0.043407023 -0.68232638 -0.88994056 210 210 210
0.08342962 -0.46151379 -0.5959779 210 210 210
-0.16689135 -0.46464157 -0.59104711 210 210 210
-0.10850668 -0.40510419 -1.2010487 210 210 210
-0.055387683 -0.24782336 -1.4279968 210 210 210
-0.16356723 -0.07560695 -0.84545088 210 210 210
-0.052357566 -0.21453485 -1.0559314 210 210 210
-0.087694719 -0.0747796 -0.8320415 210 210 210
-0.017577477 -0.22156203 -0.77011687 210 210 210
0.30431122 -0.65035743 -0.60450214 210 210 210
0.03488848 -0.18299776 -0.77649921 210 210 210
0.045788027 -0.2302852 -0.78863055 210 210 210
0.1638943 0.064495154 -0.37084484 210 210 210
-0.073832452 0.43671471 -0.51922667 210 210 210
-0.1726518 -0.33664083 -1.3773197 210 210 210
0.085138179 -0.21118987 -0.68481672 210 210 210
-0.19402599 -0.45772028 -0.59487808 210 210 210
0.18687376 0.48551181 -1.1168356 210 210 210
0.22007385 0.2970376 -1.070998 210 210 210
0.32698727 0.45939595 -1.0397241 210 210 210
-0.11742686 -0.25779071 -1.4195964 210 210 210
0.01387203 -0.2892952 -1.2169336 210 210 210
0.0080156149 -0.1858373 -0.77536422 210 210 210
-0.12399037 -0.31780016 -1.3140005 210 210 210
0.17110945 0.019311935 -0.36016461 210 210 210
-0.15153772 -0.085539505 -0.8417027 210 210 210
-0.092681669 0.084790245 -0.90024507 210 210 210
0.76372039 -0.57888782 -1.1624531 210 210 210
0.017929368 -0.22398753 -0.80926245 210 210 210
0.40676993 -0.52309954 -1.1924343 210 210 210
0.15869054 0.10244396 -0.38417867 210 210 210
-0.15922825 -0.45677444 -0.58657712 210 210 210
0.027257359 0.33166298 -1.2010884 210 210 210
0.14862205 -0.43169457 -0.54916811 210 210 210
0.47221696 -0.52084786 -1.1631399 210 210 210
-0.18250455 -0.45934549 -0.59359396 210 210 210
-0.13904148 -0.11360464 -0.82409418 210 210 210
0.060063239 -0.25254512 -0.72032422 210 210 210
0.75404179 -0.57949269 -1.1567149 210 210 210
-0.16235667 -0.082113892 -0.85947573 210 210 210
0.17589179 -0.21665494 -0.70091015 210 210 210
0.16577952 -0.20128046 -0.70547485 210 210 210
-0.36036339 -0.59509087 -1.2833631 210 210 210
0.12835868 -0.49978033 -0.48655674 210 210 210
0.82840514 -0.71353805 -1.1167047 210 210 210
-0.26046383 -0.21665779 -0.86188644 210 210 210
-0.042336341 -0.074784048 -1.2507873 210 210 210
0.27598926 0.44885623 -1.061036 210 210 210
-0.23068811 -0.54692394 -0.47843078 210 210 210
-0.44959325 -0.89427996 -0.79818082 210 210 210
-0.060090356 -0.41418299 -0.76578832 210 210 210
-0.1751768 -0.45736367 -0.5940727 210 210 210
-0.17866181 -0.35859019 -1.4329362 210 210 210
0.33842158 0.34672776 -1.3056213 210 210 210
-0.49566522 -0.96555746 -0.88541758 210 210 210
-0.030285638 -0.19334051 -0.79205018 210 210 210
0.093960568 -0.79104215 -0.8985092 210 210 210
-0.053432092 -0.24109048 -0.76153469 210 210 210
-0.16592732 -0.45413521 -0.58856273 210 210 210
0.67657578 -1.7588865 0.79263312 210 210 210
0.32046869 0.44657713 -1.0573899 210 210 210
0.70549691 -1.5543563 0.66947931 210 210 210
-0.38838503 -1.0471141 -0.86048269 210 210 210
-0.045718938 -0.08881133 -0.78714252 210 210 210
0.18543585 0.3244938 -1.3103304 210 210 210
-0.12072801 -1.4595878 -0.73197442 210 210 210
0.059100498 0.056566518 -0.81421399 210 210 210
0.032181576 -0.17979044 -0.77602053 210 210 210
0.21556002 0.4601436 -1.0429024 210 210 210
-0.068582334 -0.088457957 -1.4214203 210 210 210
0.21428245 -0.13591762 -0.18930963 210 210 210
0.21898279 0.42924216 -1.0342083 210 210 210
0.017690722 -0.24047337 -0.76027662 210 210 210
0.25678679 0.47210863 -1.0525273 210 210 210
0.17206328 -0.19360551 -0.70403254 210 210 210
0.7808485 -0.56877857 -1.2233461 210 210 210
0.3425321 -0.45214683 -0.86743492 210 210 210
0.16238464 0.14570147 -0.38439831 210 210 210
0.010701266 -0.22127613 -0.76239103 210 210 210
-0.13639462 -0.10425893 -0.81688517 210 210 210
0.1825375 -0.2298685 -0.73630059 210 210 210
0.76568508 -0.57285458 -1.1368308 210 210 210
-0.083985798 -0.25964591 -1.0821102 210 210 210
0.26733026 0.4676964 -1.0558226 210 210 210
0.16449063 -0.15693916 -0.71547788 210 210 210
-0.11955644 -0.30551848 -0.8031081 210 210 210
0.42751855 -0.52276766 -0.97059655 210 210 210
0.22797225 -0.13368557 -0.2424086 210 210 210
0.075137816 0.33636314 -1.2009933 210 210 210
0.27641943 -0.45620739 -0.44653347 210 210 210
-0.12048218 -0.09047284 -0.83983451 210 210 210
-0.1035999 -0.12199139 -0.77906829 210 210 210
-0.053222317 -0.3356545 -1.2666886 210 210 210
0.13373096 -0.039271008 -0.21994221 210 210 210
0.31610337 0.5197565 -1.0484362 210 210 210
-0.34360716 -0.29609105 -1.381637 210 210 210
-0.16605771 -0.090723246 -0.84589255 210 210 210
0.010450951 -0.24259266 -0.75982434 210 210 210
0.046003632 -0.31962928 -1.1002113 210 210 210
-0.069628559 -0.28307357 -0.66878003 210 210 210
-0.19111548 -0.28765646 -1.0865396 210 210 210
0.32905889 0.48756844 -1.0679895 210 210 210
0.27068537 0.44817582 -1.0129831 210 210 210
-0.028138967 -0.21572337 -0.78322697 210 210 210
-0.0015791649 -0.25316787 -1.2344491 210 210 210
0.0025865792 -0.26069716 -1.5092673 210 210 210
0.19618626 0.47888747 -1.0906361 210 210 210
0.16479038 -0.16256545 -0.72039175 210 210 210
-0.23605539 -0.4291167 -1.4227325 210 210 210
0.26242152 0.4406766 -1.1439527 210 210 210
0.20006397 0.4737958 -1.131508 210 210 210
0.032862339 -0.28078416 -1.2890279 210 210 210
0.053339269 0.39084107 -1.2274262 210 210 210
0.54030305 -0.95803434 -1.0603994 210 210 210
0.024514947 -0.48049194 -0.58525074 210 210 210
0.34289524 -0.97565037 -0.98699522 210 210 210
0.22386467 0.48166525 -1.0721416 210 210 210
-0.16175736 -0.35621369 -1.0627154 210 210 210
0.28574711 0.47636411 -1.0729961 210 210 210
0.31129074 -1.4057599 -0.65932369 210 210 210
-0.037999488 -0.2331066 -0.76519495 210 210 210
-0.10064284 -0.3076489 -0.73401153 210 210 210
-0.032478511 -0.20905887 -0.7814545 210 210 210
0.24033079 0.43572655 -1.0176187 210 210 210
0.3312237 0.47627589 -1.064793 210 210 210
0.27185813 -0.061384145 -0.27457088 210 210 210
-0.13343501 -0.094760537 -0.82718408 210 210 210
0.051080436 -0.46349156 -0.51740521 210 210 210
0.86170673 -0.95485866 -1.0042931 210 210 210
0.027277652 0.072846234 -0.85092682 210 210 210
0.043846786 0.32975504 -1.1945361 210 210 210
0.31109414 0.4713521 -1.0689546 210 210 210
-0.12030715 0.054274291 -0.90536571 210 210 210
0.24132216 0.48579049 -1.0513663 210 210 210
0.0022886465 -0.20018145 -0.77006108 210 210 210
0.23506454 0.47936001 -1.0631529 210 210 210
0.29140604 0.47449729 -1.0730127 210 210 210
-0.17975406 -0.33346805 -1.0716317 210 210 210
-0.15960698 -0.095058426 -0.83693516 210 210 210
-0.043183889 -0.23721099 -0.78938729 210 210 210
-0.073585093 -0.53632015 -1.076533 210 210 210
-0.16685061 -0.41600651 -1.2430933 210 210 210
-0.10023077 0.075637087 -0.89289767 210 210 210
-0.2227914 -0.35729963 -1.1045763 210 210 210
0.15028058 -0.44404963 -0.54734492 210 210 210
0.20439784 -0.17781839 -0.70731771 210 210 210
-0.060134824 -0.22331741 -0.792283 210 210 210
0.18534973 -0.36482719 -0.66365838 210 210 210
0.68774629 -0.95195872 -1.1046617 210 210 210
0.24836062 0.44454792 -1.0107393 210 210 210
-0.19157346 -0.42738312 -0.5267694 210 210 210
0.00016239296 -0.19397637 -0.76603132 210 210 210
-0.1209461 -0.098827071 -0.85230768 210 210 210
0.050711777 0.073237024 -0.84894067 210 210 210
0.24177635 0.44503835 -1.010432 210 210 210
-0.43219954 -0.73091531 -1.0696462 210 210 210
0.20762123 0.0011608918 -0.33840013 210 210 210
-0.15173532 -0.11957379 -0.82388669 210 210 210
-0.039209757 -0.21589941 -0.77563137 210 210 210
-0.0076489323 -0.22670075 -0.76832223 210 210 210
0.26013437 -0.68579489 -1.1827714 210 210 210
-0.015885368 -0.22118321 -0.77114737 210 210 210
0.31105703 0.48155504 -1.0687289 210 210 210
-0.080336191 -0.28991422 -1.2617127 210 210 210
-0.20515387 -0.43217999 -1.2526394 210 210 210
0.16819955 -0.19471316 -0.72303134 210 210 210
0.31718314 0.48300207 -1.0671231 210 210 210
0.25109509 -0.066534072 -0.27871177 210 210 210
0.0092230802 -0.33293056 -0.59002668 210 210 210
-0.17119321 -0.090327308 -0.83921641 210 210 210
-0.18640809 -0.35680482 -1.047937 210 210 210
-0.035973318 -0.21752313 -0.78154403 210 210 210
-0.29531792 -0.44696829 -1.3182845 210 210 210
0.3120231 0.48329911 -1.067237 210 210 210
0.19469637 -0.28497833 -0.62582749 210 210 210
0.058076844 0.070292562 -0.84931594 210 210 210
0.13838354 -0.48071977 -0.50375861 210 210 210
0.23659031 0.48329961 -1.0618492 210 210 210
0.10618905 -0.52580518 -1.0952024 210 210 210
0.26409695 -0.066551268 -0.26884732 210 210 210
-0.020390544 -0.20772986 -0.78515595 210 210 210
-0.18470818 -0.40962502 -1.4085572 210 210 210
0.04450541 0.07565295 -0.85322446 210 210 210
-0.19333708 -0.48096797 -0.58771926 210 210 210
-0.07680738 -0.11182209 -0.74243575 210 210 210
-0.0359083 -0.21951504 -0.7793538 210 210 210
-0.25557071 -0.40900269 -1.1373816 210 210 210
0.50153929 -0.97150427 -1.137762 210 210 210
-0.061243135 -0.09055838 -0.80022711 210 210 210
-0.022714496 -0.19269006 -0.77710575 210 210 210
-0.17641822 -0.52146733 -0.45450366 210 210 210
-0.011439651 -0.48677602 -1.064202 210 210 210
-0.025295585 -0.21344735 -0.79137754 210 210 210
-0.1166408 0.060394403 -0.90546787 210 210 210
0.037611637 0.076491319 -0.85412848 210 210 210
-0.15995996 -0.31564218 -1.4034152 210 210 210
0.26956871 0.48334554 -1.0719231 210 210 210
-0.0021073429 -0.49897695 -1.2282097 210 210 210
0.15672204 -0.32956591 -0.60861146 210 210 210
0.11487307 -0.22812624 -0.73176837 210 210 210
0.061850797 0.076400928 -0.85081851 210 210 210
-0.023606427 -0.2031755 -0.7823987 210 210 210
0.01288707 -0.091454707 -0.80059433 210 210 210
0.41804215 0.97026497 -1.3200344 210 210 210
0.016636228 -0.20815164 -0.76797378 210 210 210
0.098306395 -0.174744 -0.25141069 210 210 210
0.27479184 0.47405481 -1.0711561 210 210 210
0.17159002 0.32460782 -1.0643018 210 210 210
0.05597391 -0.24115846 -0.75093782 210 210 210
-0.15154155 -0.094058163 -0.83185345 210 210 210
0.1458461 -0.032334786 -0.22022365 210 210 210
0.23853497 0.45701253 -1.0791692 210 210 210
0.30761525 -1.2103916 -0.89759934 210 210 210
0.12107828 -0.21490061 -0.73303819 210 210 210
-0.032797996 -0.22832979 -0.78837162 210 210 210
0.31289563 -0.096586213 -0.17217334 210 210 210
-0.00074419694 -0.088425301 -0.78680032 210 210 210
-0.0059757927 -0.20899536 -0.76857978 210 210 210
-0.38266587 -0.61224538 -1.1115034 210 210 210
0.0029363066 0.048649952 -0.83345324 210 210 210
0.019795036 0.043734964 -0.82329518 210 210 210
0.86182249 -0.86249465 -0.94514143 210 210 210
0.023725253 -0.20598537 -0.76228303 210 210 210
0.23867708 -0.45029256 -0.45132896 210 210 210
-0.023198111 -0.59235185 -0.99140191 210 210 210
-0.12712951 0.05170434 -0.9045791 210 210 210
-0.04177355 -0.2221849 -0.78436041 210 210 210
-0.11953703 -0.4173027 -1.212467 210 210 210
0.11569878 -0.4533622 -1.3114134 210 210 210
-0.17586388 -0.099214762 -0.84170264 210 210 210
0.069180459 -0.22231857 -0.69771826 210 210 210
0.23934904 -0.086676821 -0.28294158 210 210 210
-0.058017384 -0.22518748 -0.77402318 210 210 210
0.34314761 0.47474611 -1.0568825 210 210 210
0.064809725 0.2789214 -1.0833179 210 210 210
0.3371374 0.43699425 -1.0578382 210 210 210
0.12305719 -0.4373104 -0.57979226 210 210 210
0.15087019 -0.49785796 -0.46300614 210 210 210
0.078434512 -0.25314584 -0.70833087 210 210 210
-0.00041108232 -0.20561761 -0.76624572 210 210 210
0.097004518 0.25817454 -1.1021668 210 210 210
0.45416749 -0.48973653 -1.2621799 210 210 210
0.067743436 -0.34593767 -1.0087943 210 210 210
0.02384012 0.064067446 -0.84668314 210 210 210
0.067411713 0.069235869 -0.84274089 210 210 210
0.37465402 -0.16030677 -0.10226117 210 210 210
-0.063846156 -0.78664953 -0.90591991 210 210 210
0.056757782 0.063552581 -0.84233057 210 210 210
-0.084622025 -0.38938105 -1.2144105 210 210 210
0.14181462 -0.19945835 -0.71868318 210 210 210
-0.16993026 -0.10288546 -0.84314042 210 210 210
0.1536217 -0.25498158 -0.70227969 210 210 210
-0.095488757 -0.29920125 -1.1858389 210 210 210
-0.27709487 -0.34189156 -1.0392424 210 210 210
-0.032218814 -0.2404284 -0.79062939 210 210 210
-0.16416697 -0.11391346 -0.82794648 210 210 210
0.28354326 -0.59876025 -0.56508821 210 210 210
-0.20001552 -0.56815493 -0.4364835 210 210 210
-0.030919425 -0.23224708 -0.78277749 210 210 210
-0.049278323 -0.23939851 -0.79024327 210 210 210
0.056360058 0.061945461 -0.83718085 210 210 210
-0.16557653 -0.10287263 -0.8393662 210 210 210
0.25529388 0.46923253 -1.0539672 210 210 210
-0.1089455 -0.1087772 -0.86090857 210 210 210
-0.058343198 0.058136955 -0.84348381 210 210 210
-0.020646192 0.058705796 -0.8374337 210 210 210
-0.13992727 -0.058713201 -0.2986902 210 210 210
0.86552632 -0.56481928 -1.075009 210 210 210
-0.16179876 -0.35883975 -1.1026882 210 210 210
-0.10524093 -0.097816959 -0.83193439 210 210 210
-0.17649603 -0.10496958 -0.83644962 210 210 210
-0.031762172 -0.23402771 -0.78413713 210 210 210
0.076224498 -0.35870326 -0.61931437 210 210 210
0.27582684 0.46733731 -1.0592364 210 210 210
0.17740348 -0.31452355 -0.66131979 210 210 210
-0.010396894 -0.21252333 -0.76793689 210 210 210
0.0096804658 -0.21035834 -0.76508069 210 210 210
-0.055625681 -0.23280811 -0.78710276 210 210 210
0.23496187 -0.51884133 -0.60117257 210 210 210
0.26620597 0.38405162 -1.0533104 210 210 210
0.22369899 0.46560186 -1.0578507 210 210 210
-0.0172805 -0.22105007 -0.77284449 210 210 210
0.30110189 -0.45457709 -0.47787163 210 210 210
0.21857649 0.46559528 -1.0565134 210 210 210
-0.11041184 -0.14263412 -0.72460729 210 210 210
-0.034522191 -0.27899423 -0.65270072 210 210 210
0.011644285 -0.23418325 -0.75102067 210 210 210
-0.17451355 -0.10239802 -0.83029425 210 210 210
-0.22873645 -0.55429262 -0.46798861 210 210 210
-0.16727205 -0.10546039 -0.83542877 210 210 210
0.072070949 -0.19450854 -0.69453967 210 210 210
-0.015566356 -0.1403475 -1.391394 210 210 210
0.015858326 -0.25281438 -0.7481336 210 210 210
-0.27152237 -0.51299667 -1.400457 210 210 210
-0.064719461 0.044721343 -0.82733911 210 210 210
0.1798081 -0.25287968 -0.66977841 210 210 210
-0.010662168 0.033877082 -0.79873699 210 210 210
0.098090492 -0.17948195 -0.71714145 210 210 210
0.93311393 -0.3368493 -1.1145298 210 210 210
-0.046674319 -0.22625275 -0.77420795 210 210 210
-0.19177637 -0.38915649 -0.55615008 210 210 210
0.061270919 0.060528092 -0.83255333 210 210 210
0.096596539 -0.35526991 -0.89232546 210 210 210
-0.087558605 -0.28061712 -1.285462 210 210 210
-0.027831942 -0.33523905 -1.1251729 210 210 210
0.25788909 0.44824475 -1.0111622 210 210 210
-0.21124072 -0.38957456 -1.1454664 210 210 210
0.32157409 0.39454463 -1.0558685 210 210 210
0.18305843 0.1571608 -1.0088907 210 210 210
-0.2965031 -0.43116307 -1.1633896 210 210 210
0.25557452 -0.10042797 -0.17245695 210 210 210
0.17899618 -0.5891391 -0.48068067 210 210 210
0.54295123 -0.43557873 -1.2208683 210 210 210
-0.033304036 -0.23351872 -0.77719718 210 210 210
-0.059776284 -0.26088962 -0.80842799 210 210 210
-0.16040587 -0.12401119 -0.82073617 210 210 210
0.25224233 0.46650109 -1.0275218 210 210 210
-0.043308325 -0.36641502 -1.1754338 210 210 210
-0.21683554 -0.51048213 -1.1324135 210 210 210
0.11420946 -0.24540894 -0.6912775 210 210 210
0.025973478 -0.25621855 -0.74040139 210 210 210
-0.0096688392 -0.22464736 -0.76794875 210 210 210
0.24205005 0.48655596 -1.0519484 210 210 210
-0.025754061 -0.24502338 -0.78203696 210 210 210
-0.0037601553 -0.22199644 -0.76384121 210 210 210
0.04525061 -0.51862574 -0.48575577 210 210 210
0.80711114 -0.53608543 -1.1340408 210 210 210
-0.13082051 0.039617945 -0.90213305 210 210 210
-0.23197216 -0.45989782 -1.2922907 210 210 210
0.13925835 -0.22645919 -0.67266697 210 210 210
0.37000492 -0.3919695 -0.46818271 210 210 210
0.21465652 -0.29068488 -1.2861131 210 210 210
-0.12769504 -0.35935888 -1.0897267 210 210 210
0.13630794 -0.21538427 -0.65109277 210 210 210
0.26817572 0.46153224 -1.0428731 210 210 210
-0.16944219 -0.1112544 -0.83229053 210 210 210
0.075554572 -0.26872799 -0.68143868 210 210 210
-8.6946362e-05 -0.22873446 -0.76431459 210 210 210
0.32971624 0.46166509 -1.0400403 210 210 210
0.65315586 -0.99331242 -1.056973 210 210 210
0.050509278 -0.46683377 -0.54529166 210 210 210
-0.031142144 0.038158882 -0.79375207 210 210 210
0.015029271 -0.2505995 -0.75455362 210 210 210
-0.042017121 -0.27257922 -0.7592926 210 210 210
0.13889401 0.041919108 -0.27201033 210 210 210
0.33139387 0.45831129 -1.04106 210 210 210
0.77201235 -0.61678511 -1.1170297 210 210 210
-0.023156581 -0.23836935 -0.77143669 210 210 210
0.14147241 -0.45139003 -0.51658326 210 210 210
-0.15382172 -0.12248944 -0.82577026 210 210 210
0.27397648 0.4582347 -1.0418257 210 210 210
-0.047458209 -0.22080089 -1.4322774 210 210 210
-0.13339601 -0.13359036 -0.84124547 210 210 210
0.53787345 -1.145082 -0.37189814 210 210 210
0.012331986 -0.2151583 -0.78022134 210 210 210
0.27726072 -0.42564416 -0.44662598 210 210 210
0.21190245 0.45710808 -1.0427902 210 210 210
-0.16267885 -0.11727642 -0.8309586 210 210 210
-0.0025303459 -0.22996922 -0.76315671 210 210 210
-0.32575458 -0.46673256 -1.2070619 210 210 210
0.14456861 -0.44377312 -0.55239201 210 210 210
0.025746606 0.048458587 -0.82783359 210 210 210
0.27338058 0.2489108 -1.0370622 210 210 210
-0.022175238 0.0548709 -0.80211872 210 210 210
0.17387943 -0.18501025 -0.71095133 210 210 210
-0.28703263 -0.49014097 -1.3375138 210 210 210
0.10300133 -0.25109276 -0.6843552 210 210 210
0.72766727 -0.62511235 -1.1839645 210 210 210
0.14183581 -0.20946258 -0.68984079 210 210 210
-0.2499481 -0.37098753 -1.093292 210 210 210
0.26667145 -0.32100111 -0.68552953 210 210 210
-0.13161953 -0.58684289 -1.0916333 210 210 210
0.53970218 0.86716521 -1.1930577 210 210 210
0.88668507 -0.90326333 -1.0726815 210 210 210
-0.025374401 0.25367889 -1.0843855 210 210 210
-0.01391291 -0.20848444 -0.78192866 210 210 210
-0.016060848 -0.35481155 -1.4507461 210 210 210
-1.0016404 -0.60293525 -1.011917 210 210 210
0.0422653 -0.24406092 -0.74274349 210 210 210
-0.33301836 -0.73457468 -0.39540291 210 210 210
0.11816481 -0.25250736 -0.69389457 210 210 210
0.19301289 -0.79439533 -1.0285162 210 210 210
0.23125568 0.47866333 -1.0730437 210 210 210
-0.21419512 -0.41503489 -0.5449754 210 210 210
0.15247308 -0.25155908 -0.71922922 210 210 210
0.67945307 -0.45364398 -1.1784575 210 210 210
-0.092800938 0.063214064 -0.87365294 210 210 210
0.12620062 0.37376994 -1.1778911 210 210 210
-0.037314225 -0.24455306 -0.7726509 210 210 210
0.071886383 -0.25308481 -0.69629675 210 210 210
0.046126015 0.044925835 -0.81307679 210 210 210
0.31556717 -1.3172104 -0.62443221 210 210 210
0.8591643 -0.667422 -1.1152656 210 210 210
-0.51948982 -0.78101236 -0.80102676 210 210 210
0.30724147 0.48239058 -1.0657461 210 210 210
0.1245492 -0.18782057 -0.74001914 210 210 210
0.025244946 -0.20347022 -0.92058563 210 210 210
-0.072759449 0.027276594 -0.79813325 210 210 210
0.17426959 -0.26568833 -0.67640668 210 210 210
-0.14111125 0.035776895 -0.90615749 210 210 210
-0.055211954 -0.22430591 -0.78608078 210 210 210
-0.20191523 -0.55707276 -0.44405732 210 210 210
-0.11189169 -0.26751807 -1.2092816 210 210 210
0.083132438 -0.31326449 -1.2943312 210 210 210
-0.16637334 -0.098875768 -0.84215438 210 210 210
-0.045621041 -0.22858644 -0.78536326 210 210 210
0.092724182 -0.15370755 -0.70509851 210 210 210
0.032573156 -0.29739714 -1.3795501 210 210 210
0.19263999 -0.18505922 -0.71332258 210 210 210
0.0021587561 -0.2461729 -0.76168889 210 210 210
0.029800314 -0.32330132 -1.2949187 210 210 210
-0.27803534 -0.43537205 -1.1885412 210 210 210
-0.16011435 -0.11144719 -0.83130538 210 210 210
-0.25484174 -0.42989713 -1.395268 210 210 210
-0.15364255 -0.10302393 -0.82210839 210 210 210
0.044434737 -0.53934592 -1.2373351 210 210 210
0.10305914 -0.4896999 -1.3279663 210 210 210
0.037489351 -0.38962737 -1.1638492 210 210 210
0.26775205 -0.065515198 -0.27543971 210 210 210
-0.036024831 0.096901573 -0.85625613 210 210 210
0.1704253 0.23957215 -1.0318005 210 210 210
-0.13414834 -0.076000638 -0.85178804 210 210 210
0.048539732 0.072975457 -0.84968024 210 210 210
0.14089471 0.40934062 -1.1185843 210 210 210
0.29509231 0.44792095 -1.074901 210 210 210
0.66358101 -0.99999982 -1.0734892 210 210 210
0.26660979 0.47485548 -1.068622 210 210 210
-0.12027492 0.029325696 -0.86937404 210 210 210
-0.77651691 1.4680036 -0.62872976 210 210 210
0.0078963852 -0.24489985 -0.76168913 210 210 210
-0.010988819 0.045281786 -0.80926704 210 210 210
-0.060952276 -0.24148856 -1.0391729 210 210 210
0.0040845852 -0.49701217 -0.99237812 210 210 210
0.22192279 0.045250501 -0.35797864 210 210 210
-0.0010687403 -0.20343824 -0.76977652 210 210 210
-0.17138475 -0.122044 -0.8304556 210 210 210
0.36876199 0.70867306 -1.3099139 210 210 210
0.028933126 0.047417954 -0.83139819 210 210 210
-0.050867427 -0.25422794 -0.69573283 210 210 210
-0.1568137 -0.082465656 -0.83683091 210 210 210
0.30344445 0.47917378 -1.0718054 210 210 210
-0.33961165 -0.62392521 -1.1046369 210 210 210
0.037144907 -0.29791385 -0.67184442 210 210 210
0.014289714 -0.58729786 -1.0383934 210 210 210
0.20557784 -0.18258582 -0.709369 210 210 210
0.025820849 -0.29899609 -0.67245567 210 210 210
-0.37050703 -0.67160398 -1.1164074 210 210 210
-0.11702742 0.031892743 -0.88442343 210 210 210
-0.028889893 -0.23745319 -0.77013439 210 210 210
0.8531248 -0.68526727 -1.0914195 210 210 210
-0.056633197 -0.4187052 -0.43105352 210 210 210
0.72372437 -0.8822881 -0.96797681 210 210 210
0.24694897 0.4592903 -1.0563103 210 210 210
0.044879656 -0.44547194 -1.1301169 210 210 210
-0.23797306 -0.33142185 -1.0989382 210 210 210
0.41675693 -0.5481168 -1.1250296 210 210 210
0.20750846 -0.2169828 -0.66530341 210 210 210
-0.1243575 -0.1221997 -0.80841297 210 210 210
-0.21540582 -0.53039551 -0.51560837 210 210 210
0.038322296 -0.2940594 -0.67076802 210 210 210
0.031960189 0.30947253 -1.1903949 210 210 210
-0.051545534 -0.42125899 -1.1527897 210 210 210
0.19931807 -0.51157492 -0.55134821 210 210 210
0.045138299 0.077623188 -0.85450041 210 210 210
0.067316502 -0.25366327 -0.72747183 210 210 210
0.15094161 -0.25601226 -1.3792444 210 210 210
-0.12417975 -0.11745864 -0.80297983 210 210 210
0.037407439 0.060611308 -0.8453837 210 210 210
-0.011625026 -0.19349062 -0.78086978 210 210 210
-0.016298676 -0.21941166 -0.77326083 210 210 210
0.14205194 -0.22577675 -0.66659409 210 210 210
-0.10815929 -0.27302322 -1.2607092 210 210 210
0.069201134 -0.26222309 -0.70028353 210 210 210
0.83709657 -0.98704308 -0.93460482 210 210 210
0.72485369 -0.59367913 -1.1989273 210 210 210
0.017770119 -0.27563554 -0.66929615 210 210 210
0.073958151 -0.51967245 -0.46004203 210 210 210
-0.23948826 -0.41034925 -1.1077201 210 210 210
0.23158911 -0.34731886 -1.2741525 210 210 210
-0.067269191 -0.62008482 -0.88315636 210 210 210
0.15988536 -0.23070657 -1.4081694 210 210 210
1.7078288 1.7262349 -0.37038606 210 210 210
0.84004176 -0.83350152 -1.00094 210 210 210
-0.23881976 -0.58827657 -1.1113719 210 210 210
0.25040895 0.45166597 -1.0191005 210 210 210
-0.13933212 -0.13452181 -0.79153788 210 210 210
0.28763661 0.47262642 -1.0661032 210 210 210
-0.12460181 0.031858116 -0.88397521 210 210 210
0.1002909 -0.28417367 -0.67879307 210 210 210
-0.26631632 -0.46423534 -1.3591641 210 210 210
0.84014463 -0.5380525 -1.1217579 210 210 210
-0.33055717 -0.50421762 -1.2794942 210 210 210
0.19755186 -0.49784985 -0.47278371 210 210 210
0.088430069 -0.89762747 -0.96870655 210 210 210
-0.061902966 -0.29001597 -0.75171751 210 210 210
-0.16342928 -0.1015145 -0.83196962 210 210 210
-0.056144923 -0.25489998 -0.74226999 210 210 210
0.80808467 -0.53105426 -1.1510943 210 210 210
0.15833765 -0.47159073 -0.45082569 210 210 210
-0.31239295 -0.55167848 -1.3222741 210 210 210
-0.1846496 -0.42167592 -1.2587937 210 210 210
0.22644958 0.38653684 -1.018137 210 210 210
0.010536375 -0.080315486 -0.80091929 210 210 210
-0.00019610724 -0.29155931 -0.75978065 210 210 210
0.012135028 -0.2587958 -0.73599994 210 210 210
0.11130664 -0.20931108 -1.4939508 210 210 210
0.044747557 -0.26259089 -0.65458363 210 210 210
-0.0083012162 -0.50042182 -0.55383807 210 210 210
0.31707913 0.46933332 -1.0471526 210 210 210
-0.12316455 -0.39399999 -1.3583328 210 210 210
0.22550748 0.46279284 -1.0592908 210 210 210
0.073367827 -0.31166786 -0.61548251 210 210 210
0.25931191 0.41486999 -1.0175872 210 210 210
-0.28858727 -0.46953198 -1.3351218 210 210 210
-0.02510668 -0.26745218 -0.75748885 210 210 210
-0.16661492 -0.32466659 -1.3358054 210 210 210
-0.20384328 -0.51846838 -0.51850283 210 210 210
-0.13022976 -0.39924705 -1.1788255 210 210 210
-0.18886372 -0.3393237 -1.10857 210 210 210
-0.080427736 -0.31146437 -1.0461993 210 210 210
-0.049988274 0.024528321 -0.80022776 210 210 210
0.27285543 0.48825425 -1.0682999 210 210 210
-0.076547496 -0.24482213 -1.2841666 210 210 210
0.1946746 -0.26168427 -0.67776573 210 210 210
-0.11291762 -0.13107708 -0.7916522 210 210 210
-0.048029728 -0.25216097 -0.75587016 210 210 210
0.29529086 0.46243948 -1.0735003 210 210 210
0.2137135 -0.46655068 -0.87237662 210 210 210
0.09250842 -0.22303838 -0.65868688 210 210 210
-0.20416506 -0.33255005 -1.1369051 210 210 210
-0.030107293 0.035094295 -0.79682374 210 210 210
-0.0041400702 -0.25458914 -0.7486636 210 210 210
-0.23854709 -0.3786571 -0.63253248 210 210 210
-0.018319117 -0.27736253 -0.77603674 210 210 210
-0.093214542 -0.33553103 -1.2123742 210 210 210
0.044406071 0.075427718 -0.85029137 210 210 210
-0.31531692 -0.87575638 -0.86641449 210 210 210
-0.86161608 -0.69567579 -0.074484572 210 210 210
-0.21251871 -0.56384468 -0.43879351 210 210 210
0.10908955 -0.38429892 -1.0121673 210 210 210
0.038984306 0.2634514 -1.2011365 210 210 210
0.24608497 -0.52274138 -0.48187539 210 210 210
0.26643062 0.44597495 -1.0107058 210 210 210
0.69842046 -0.93695176 -1.0945885 210 210 210
-0.42320877 -0.28091338 -0.30617878 210 210 210
0.04728603 0.065319374 -0.84644908 210 210 210
-0.10531439 0.033605322 -0.8681466 210 210 210
-0.21953893 -0.44518688 -1.2186186 210 210 210
0.44333142 0.6342417 -1.2873669 210 210 210
-0.12745155 -0.42668748 -0.4616572 210 210 210
-0.25869846 -0.39339072 -1.1803324 210 210 210
0.23404005 -0.26029748 -0.68116635 210 210 210
0.88157219 -0.72378188 -1.1612418 210 210 210
0.31378287 0.4372232 -1.0467101 210 210 210
-0.0024626614 -0.6674462 -0.99721724 210 210 210
0.0035775886 -0.2468853 -0.75979441 210 210 210
-0.15646558 -0.12380556 -0.82350963 210 210 210
0.91751641 -0.6045481 -1.087777 210 210 210
0.12760305 -0.53548384 -0.50712687 210 210 210
0.003516579 0.045157839 -0.80084586 210 210 210
0.2008969 -0.18640873 -0.71502179 210 210 210
0.13539317 -0.31317797 -0.62436265 210 210 210
0.26116541 0.43110085 -1.1432201 210 210 210
-0.47579169 -0.9536581 -0.81399977 210 210 210
-0.14185873 -0.11790426 -0.82133079 210 210 210
-0.057855867 -0.38314441 -1.0967034 210 210 210
0.021617563 -0.30759281 -0.67234993 210 210 210
0.00063935935 0.045414377 -0.80730486 210 210 210
0.00455081 -0.24628279 -0.76428658 210 210 210
0.046880238 -0.47246507 -1.1385828 210 210 210
-0.034670241 -0.53862286 -0.84186989 210 210 210
0.20086345 -0.54012066 -0.54280776 210 210 210
0.6291762 -0.6829375 -1.06591 210 210 210
0.30381182 -1.351858 -0.67915189 210 210 210
0.064250357 -0.44642213 -1.1910446 210 210 210
0.0071984283 -0.45024684 -0.53073865 210 210 210
0.027966889 0.047823738 -0.82705772 210 210 210
-0.1816197 -0.35292283 -1.0995661 210 210 210
-0.076415926 -0.36231008 -1.2247171 210 210 210
0.60137498 -0.94305336 -0.97426653 210 210 210
0.060910728 0.061383687 -0.84286582 210 210 210
-0.14125822 -0.11109646 -0.81956953 210 210 210
0.28505349 0.16745976 -1.2394843 210 210 210
0.014892438 -0.21089879 -0.78425717 210 210 210
0.10218862 -0.24851483 -0.70404512 210 210 210
0.3126854 0.47506744 -1.0710385 210 210 210
0.027310807 -0.47415605 -0.59099686 210 210 210
0.78993756 -1.0207379 -1.0303096 210 210 210
0.37203759 0.659145 -1.1794305 210 210 210
-0.078938201 -0.27064312 -1.1881108 210 210 210
0.1142513 -0.45841053 -0.93383384 210 210 210
0.24010915 -0.48494539 -1.2205906 210 210 210
-0.2066149 -0.30872416 -1.04228 210 210 210
0.84764159 -0.58842009 -1.1165662 210 210 210
-0.15186362 -0.11228365 -0.82988912 210 210 210
0.84691513 -0.58581418 -1.1322798 210 210 210
-0.081905045 -0.3912088 -1.2271308 210 210 210
-0.13646603 -0.10919038 -0.82548428 210 210 210
-0.12575811 -0.10270235 -0.82646871 210 210 210
0.17645235 -0.27878854 -0.72715479 210 210 210
-0.15842927 -0.10680316 -0.8278023 210 210 210
0.29235402 0.48560634 -1.0790949 210 210 210
0.06136851 0.2944425 -1.0737225 210 210 210
0.2741352 -0.64236969 -1.09154 210 210 210
-0.096065283 -0.39062172 -1.1393914 210 210 210
-0.14938211 0.037220765 -0.90463287 210 210 210
0.14764382 -0.37495211 -1.2251451 210 210 210
0.12507996 -0.21971776 -0.69847232 210 210 210
0.35633886 -0.71082813 -1.0610648 210 210 210
-0.0026714324 0.051123574 -0.84148556 210 210 210
-0.9819296 -0.55235887 -1.0062279 210 210 210
0.073279358 -0.23105407 -0.70699441 210 210 210
0.21305501 -0.097185194 -0.27979353 210 210 210
-0.18009713 -0.42201853 -0.5236727 210 210 210
-0.2605547 -0.60973138 -0.38640922 210 210 210
0.060850929 0.054846045 -0.81587547 210 210 210
0.12361886 -0.3139452 -0.61654574 210 210 210
0.093577474 -0.4717938 -0.88741803 210 210 210
0.82062507 -0.68554592 -0.78167802 210 210 210
0.10642394 -0.72883987 -0.9735797 210 210 210
0.14538245 -0.42661372 -1.1102959 210 210 210
0.33495301 0.51771289 -1.0526344 210 210 210
-0.10713366 -0.46510655 -1.4010901 210 210 210
0.82832152 -0.58638573 -1.1057419 210 210 210
-0.13172378 0.043693636 -0.90641069 210 210 210
0.25916132 0.30414292 -1.045086 210 210 210
-0.14762636 -0.57152557 -0.4063898 210 210 210
-0.015451814 -0.21790208 -0.77090359 210 210 210
0.26987061 -0.31415844 -0.66334921 210 210 210
-0.14465004 0.043659933 -0.90795034 210 210 210
0.031720728 -0.30717504 -1.1813983 210 210 210
0.15202366 -0.5217725 -1.1887487 210 210 210
-0.10222783 -0.31171414 -1.320992 210 210 210
-0.14581004 -0.13426688 -0.79225808 210 210 210
-0.43308839 -0.96902609 -0.95829397 210 210 210
-0.16538186 -0.10656225 -0.84095591 210 210 210
-0.029534955 -0.22734603 -0.77618325 210 210 210
0.2219411 -1.3479217 0.12550518 210 210 210
0.02671417 -0.17241281 -1.1400019 210 210 210
0.41873363 0.9614405 -1.3254743 210 210 210
0.0081376312 -0.97194862 -0.84995168 210 210 210
-0.13475911 -0.10173076 -0.82676774 210 210 210
0.63854402 -1.0882899 -0.28666359 210 210 210
-0.024782307 0.056148462 -0.8404085 210 210 210
-0.17478505 -0.1025492 -0.83709759 210 210 210
0.13883775 -0.16586681 -0.71728438 210 210 210
-0.16075934 -0.32139185 -1.0797298 210 210 210
-0.099149771 -0.95112729 -0.89149505 210 210 210
0.37989897 -0.25894961 -1.2520896 210 210 210
0.056481987 -0.13354348 -1.2340037 210 210 210
-0.15987062 -0.61266065 -0.58908278 210 210 210
-0.012372694 0.064199157 -0.84279662 210 210 210
0.038785245 -0.27583358 -0.65746504 210 210 210
0.10905629 -0.35690644 -0.62585068 210 210 210
0.16833606 -0.45737439 -0.47529304 210 210 210
0.29542524 -0.73824018 -0.98319048 210 210 210
0.14096278 -0.19283074 -0.71092844 210 210 210
0.18479951 -0.42653224 -1.2199731 210 210 210
0.20766535 -0.19575743 -0.70366168 210 210 210
0.049466796 -0.22915046 -0.79360127 210 210 210
0.82213253 -0.61200541 -0.6284588 210 210 210
0.20172742 -0.21947408 -0.71476203 210 210 210
0.77682543 -0.57422841 -1.1605664 210 210 210
0.65826434 -0.93988991 -0.94391543 210 210 210
-0.21880808 -0.44790342 -1.4560338 210 210 210
-0.19561146 -0.46024808 -1.2848018 210 210 210
-0.1485458 -0.67964315 -0.94574374 210 210 210
0.13451692 -0.19516207 -0.71324974 210 210 210
-0.071378008 -1.044721 -0.62980086 210 210 210
0.11923379 0.03680592 -0.28761563 210 210 210
-0.056242526 -0.30712298 -1.2746228 210 210 210
-0.17931627 -0.11857068 -0.85571051 210 210 210
-0.18788376 -0.53587621 -0.45192635 210 210 210
0.0090753436 0.057850491 -0.85325181 210 210 210
-0.029648269 -0.34709045 -1.1798344 210 210 210
0.063355878 -0.4883109 -1.1927215 210 210 210
-0.46560672 -0.70923465 -1.0714725 210 210 210
-0.16757712 -0.10298125 -0.84268165 210 210 210
-0.07661473 -0.26436284 -1.4144828 210 210 210
-0.27239838 -0.89486915 -1.1384356 210 210 210
-0.17606987 -0.097330712 -0.83437616 210 210 210
0.0014116782 -0.30735791 -0.63392246 210 210 210
0.38794109 -0.3813329 -1.2521669 210 210 210
-0.44055629 -1.0003132 -0.85280412 210 210 210
0.16663963 0.47013283 -1.1149267 210 210 210
-0.15877472 -0.098068319 -0.83431149 210 210 210
0.79700953 -0.93815947 -0.28835654 210 210 210
-0.44394118 -0.93832213 -0.88245714 210 210 210
0.25946859 -0.56121325 -0.35729048 210 210 210
-0.17526764 -0.45561427 -0.59349638 210 210 210
0.2719005 0.47150162 -1.0669429 210 210 210
0.061893098 -0.22445132 -1.3910487 210 210 210
0.12540273 -0.19421491 -0.74394661 210 210 210
-0.15187179 -0.096877635 -0.83373904 210 210 210
-0.039827365 -0.094654836 -0.78222179 210 210 210
-0.04437314 -0.43649909 -0.52795988 210 210 210
0.95474392 -0.28226072 -1.1393878 210 210 210
0.25588536 0.47399712 -1.0580667 210 210 210
-0.11966769 -0.079061173 -0.85352647 210 210 210
0.11702053 -0.31297639 -0.64220077 210 210 210
0.26551995 -0.44368851 -0.44484845 210 210 210
-0.15029988 -0.58197951 -1.2002172 210 210 210
-0.027463708 -0.24190305 -1.3304963 210 210 210
0.025393382 -0.51064247 -0.92953688 210 210 210
0.38191056 -1.1430264 -0.96828771 210 210 210
-0.30380777 -0.4036569 -1.138809 210 210 210
0.1897839 -0.19243093 -0.71475857 210 210 210
0.28354168 -0.93325627 -1.0159867 210 210 210
-0.17035741 -0.3075406 -1.1720787 210 210 210
0.18938841 -0.23107341 -0.73344594 210 210 210
-0.18259442 -0.10465305 -0.84803748 210 210 210
-0.0067267455 0.20681091 -1.0719266 210 210 210
-0.055843744 -0.31889951 -0.65947467 210 210 210
-0.33038053 -0.61050677 -1.1055902 210 210 210
0.13774905 -0.18591842 -0.71679699 210 210 210
-0.17388564 -0.094946362 -0.83861059 210 210 210
0.04085746 -0.22507867 -0.78135002 210 210 210
-0.032854885 -0.21327698 -0.78103107 210 210 210
-0.035033103 -0.37458479 -1.1342407 210 210 210
0.28581691 0.49031711 -1.0780916 210 210 210
0.2291875 0.49139097 -1.0709646 210 210 210
-0.89646298 -0.71330118 -0.32908732 210 210 210
-0.10425156 -0.62381607 -0.9518494 210 210 210
0.71365082 -0.80399066 -0.95225626 210 210 210
0.12713081 -0.44212398 -1.1793895 210 210 210
0.22460328 -0.38425007 -0.64748365 210 210 210
-0.0075966944 -0.06537462 -0.80063933 210 210 210
-0.24207546 -0.39518371 -1.2578367 210 210 210
-0.31865916 -0.4523865 -1.182909 210 210 210
-0.14915992 -0.43151337 -1.3308853 210 210 210
-0.026492454 -0.44345483 -0.5417822 210 210 210
-0.31822181 -0.53622478 -1.3612431 210 210 210
-0.13986446 -0.23072824 -1.3261398 210 210 210
-0.057094973 0.068851002 -0.86030608 210 210 210
0.27007878 0.4784829 -1.0589094 210 210 210
-0.00012580908 -0.70179605 -1.1976234 210 210 210
0.3256804 0.48827085 -1.0681493 210 210 210
0.2335472 0.47477508 -1.0707366 210 210 210
-0.20644011 -0.46790972 -0.37574419 210 210 210
-0.08216574 -0.28472021 -1.4445176 210 210 210
-0.075872347 -0.55518538 -1.0209982 210 210 210
-0.038103327 -0.091453798 -0.79815584 210 210 210
-0.025737844 -0.3481105 -0.76512659 210 210 210
0.34276986 0.47237977 -1.0616945 210 210 210
-0.010883327 -0.37649602 -1.1198127 210 210 210
-0.19530973 -0.42144623 -1.1296551 210 210 210
0.050905704 -0.57899117 -0.49408063 210 210 210
0.26811323 0.47841406 -1.0686554 210 210 210
-0.017040286 -0.55281222 -0.49050531 210 210 210
-0.20358177 -0.48085475 -0.58857733 210 210 210
-0.16798526 -0.090419501 -0.84820276 210 210 210
0.041508988 0.070484258 -0.85152739 210 210 210
-0.49010772 -0.71334291 -1.0844998 210 210 210
-0.16504946 -0.096687123 -0.847691 210 210 210
-0.79970658 -0.48368013 -0.24609886 210 210 210
0.22630215 -0.66545671 -1.0707854 210 210 210
0.1637567 -0.18421136 -1.4866201 210 210 210
0.021660499 0.065696694 -0.85570055 210 210 210
0.16913079 -0.18234555 -0.71865314 210 210 210
-0.33061615 -0.62624335 -1.0987561 210 210 210
0.17197344 0.46582732 -1.1217511 210 210 210
-0.235175 -0.4303354 -0.52495122 210 210 210
-0.16678847 -0.093954675 -0.84219891 210 210 210
-0.15122283 -0.09359955 -0.83341771 210 210 210
0.78262448 -0.95959407 -0.99435127 210 210 210
-0.0060060276 -0.18729547 -0.77770889 210 210 210
-0.10992509 -0.33721134 -0.79990089 210 210 210
0.30892649 0.48158291 -1.0664504 210 210 210
0.01360076 0.070090257 -0.86045802 210 210 210
0.016813047 -0.083806016 -0.80480134 210 210 210
0.22139743 0.43317032 -1.036509 210 210 210
0.041544545 0.072785571 -0.85340184 210 210 210
0.31823972 0.48132563 -1.0683733 210 210 210
0.058755592 -0.39517513 -1.1004635 210 210 210
-0.24539042 -0.51511866 -0.34327117 210 210 210
-0.059018113 -0.42893973 -1.259165 210 210 210
-0.023139499 -0.21406284 -0.78612661 210 210 210
0.19462894 -0.015344715 -0.33941397 210 210 210
-0.066175342 -0.15090372 -1.2727566 210 210 210
0.05499173 0.079241447 -0.85147744 210 210 210
-0.13170554 0.053341452 -0.9096843 210 210 210
0.90086162 -0.96984649 -1.0061716 210 210 210
0.0012387086 -0.076102316 -0.80870295 210 210 210
0.64568305 -0.64537716 -1.1372651 210 210 210
-0.10240252 0.060337566 -0.89607799 210 210 210
0.0087434221 -0.45980185 -0.5278424 210 210 210
-0.023706539 -0.49785292 -1.1824496 210 210 210
0.059527002 0.074905753 -0.85008079 210 210 210
0.023263698 -0.52609032 -1.2210225 210 210 210
-0.11975343 -0.2937758 -1.2764912 210 210 210
-0.039115902 -0.083017498 -0.7930581 210 210 210
-0.16254121 -0.089540601 -0.84184307 210 210 210
0.21062401 -0.17037287 -0.70986074 210 210 210
0.021313099 -0.083408497 -0.8029331 210 210 210
0.12801945 0.13112247 -1.2129121 210 210 210
-0.020684123 -0.20565684 -0.78181314 210 210 210
0.29214603 0.36205012 -1.0555226 210 210 210
-0.05784275 0.075519942 -0.85790461 210 210 210
0.21368562 -0.17180209 -0.70930368 210 210 210
0.23874153 0.48181736 -1.0557196 210 210 210
-0.16102958 -0.42793006 -1.3078246 210 210 210
-0.1118277 0.045310974 -0.88518924 210 210 210
0.90170723 -0.85777652 -1.0357631 210 210 210
0.32264137 0.35161367 -1.0581801 210 210 210
-0.14387818 -1.0040543 -0.92155689 210 210 210
0.31819651 0.48103362 -1.0713035 210 210 210
0.21599267 -0.16905004 -0.70907879 210 210 210
0.34755841 0.48488528 -1.0669878 210 210 210
0.0062126992 -0.35854998 -1.5251762 210 210 210
0.039687354 0.078949437 -0.85325265 210 210 210
0.062088065 0.081131972 -0.85154587 210 210 210
-0.014238095 -0.38496265 -1.2043225 210 210 210
-0.14957123 -0.14825188 -0.82248753 210 210 210
-0.18515153 -0.44679376 -0.43911299 210 210 210
-0.027177598 -0.56176138 -0.88771713 210 210 210
0.27454513 -0.58225369 -1.2955879 210 210 210
0.49478468 0.982777 -1.258474 210 210 210
-0.17576279 -0.41421726 -1.3486032 210 210 210
-0.73669541 1.4023907 -0.67153209 210 210 210
0.26893958 0.4875063 -1.0767175 210 210 210
0.28831413 0.48656094 -1.0792906 210 210 210
0.058911052 -0.30274591 -1.1867592 210 210 210
-0.14062044 -0.08140523 -0.83152932 210 210 210
0.27193066 0.49047175 -1.0698816 210 210 210
0.52087599 -1.4146115 0.29078004 210 210 210
-0.11200505 -0.38566822 -1.2555748 210 210 210
0.077088617 -0.74767327 -0.98891133 210 210 210
0.046022601 -0.18312527 -0.7515884 210 210 210
-0.024256986 -0.42860213 -1.5883894 210 210 210
0.27230239 -0.46863323 -0.47169733 210 210 210
-0.096179858 -0.46298119 -1.359313 210 210 210
0.23210911 0.49013263 -1.0709252 210 210 210
-0.25656709 -0.51536584 -1.3714699 210 210 210
0.31497175 0.49274018 -1.0684557 210 210 210
0.078843646 -0.36297312 -0.59379083 210 210 210
0.13886268 -0.26849896 -1.3712318 210 210 210
0.17319484 -0.49372545 -0.43347022 210 210 210
-0.22952937 -0.80324161 -0.78744829 210 210 210
-0.087348454 -0.44093364 -1.3587248 210 210 210
-0.14116473 -0.097233877 -0.86220253 210 210 210
-0.098897435 -0.39644101 -1.2961526 210 210 210
-0.032843102 -0.11325874 -1.2298003 210 210 210
0.13325025 -0.3274352 -0.59211689 210 210 210
0.14769708 -0.17666474 -0.73389131 210 210 210
0.64776349 -0.91427726 -1.0852129 210 210 210
-0.058699992 -0.25218531 -1.4191974 210 210 210
0.25874278 0.49115437 -1.0712738 210 210 210
0.65476215 -0.50754499 -1.2268353 210 210 210
0.37414777 0.41749269 -1.3009479 210 210 210
-0.25117531 -0.911569 -0.80378878 210 210 210
0.34307203 0.50163943 -1.0656512 210 210 210
0.048878063 -0.25836539 -0.79380739 210 210 210
-0.18228221 -0.34066525 -1.4086051 210 210 210
-0.099727772 -0.69680989 -0.8185156 210 210 210
-0.057195913 -0.56316197 -1.021757 210 210 210
-0.16737856 -0.353773 -1.2876263 210 210 210
-0.025942316 -0.44132933 -0.53980291 210 210 210
0.21682934 0.26952159 -1.3223476 210 210 210
0.84329408 -0.9634285 -1.0234596 210 210 210
-0.19472826 -0.52877879 -0.47647464 210 210 210
0.014248632 0.09368065 -0.86168081 210 210 210
-0.12013498 -0.39386341 -1.2284614 210 210 210
-0.14160846 -0.08027599 -0.84834206 210 210 210
0.25031966 -0.83675194 -0.93888879 210 210 210
-0.074096531 -0.38736793 -1.2233778 210 210 210
0.44466466 -0.40068415 -0.86804575 210 210 210
0.18164626 -0.18560472 -0.7186864 210 210 210
0.067338809 -0.21329951 -0.77867633 210 210 210
-0.17775372 -0.45767656 -0.59426057 210 210 210
-0.030362986 0.096041456 -0.85583949 210 210 210
0.31242985 -0.43939567 -1.0056505 210 210 210
0.19234142 -0.46351701 -0.42766565 210 210 210
-0.69215959 -0.39921045 -0.19993748 210 210 210
0.1105229 -0.15508918 -0.71584332 210 210 210
-0.13978904 -0.068207145 -0.84053797 210 210 210
0.2806868 0.50422317 -1.069429 210 210 210
0.10007408 -0.16479507 -0.72146207 210 210 210
0.24311918 -0.6115948 -0.86345923 210 210 210
0.25837156 -0.10468618 -0.23689544 210 210 210
-0.00057978736 0.10404107 -0.85334027 210 210 210
-0.2376276 -0.39883077 -1.2664474 210 210 210
-0.22359774 -0.56494194 -0.45075443 210 210 210
-0.056110524 -0.9048304 -1.0906787 210 210 210
0.24055296 0.44612256 -1.0746844 210 210 210
0.091265179 -0.19993879 -1.1415354 210 210 210
-0.36746749 -0.9466902 -0.89282477 210 210 210
0.17372215 0.13183379 -1.0717174 210 210 210
-0.17368235 -0.42362261 -0.51239783 210 210 210
-0.023752173 -0.26461288 -0.63062602 210 210 210
-0.062237181 -0.7198782 -0.88779199 210 210 210
0.17871849 -0.30310649 -0.9769417 210 210 210
0.25662443 -0.17092064 -0.22364511 210 210 210
0.26301479 0.44514123 -1.0111638 210 210 210
-0.0010729228 -0.41640332 -0.94955111 210 210 210
0.41745457 -0.38815182 -1.1858284 210 210 210
0.11932831 -0.18594067 -1.1353989 210 210 210
-0.23932195 -1.0324076 -0.29999256 210 210 210
-0.47976807 -0.95050162 -0.86847329 210 210 210
-0.23679473 -0.84204948 -0.73524344 210 210 210
-0.51569319 -0.96245331 -0.79953086 210 210 210
0.23044302 -0.27858084 -0.55967802 210 210 210
-0.07395798 -0.41129628 -0.48650384 210 210 210
0.86022156 -0.86898261 -0.5759753 210 210 210
-0.10134606 -0.39252722 -1.3167133 210 210 210
-0.11531545 -0.35291651 -1.302789 210 210 210
-0.14051212 -0.13487908 -0.81580353 210 210 210
-0.39030167 -0.91227484 -0.81158179 210 210 210
-0.10620729 -0.5801999 -1.049242 210 210 210
-0.082674138 -0.32033584 -1.2886046 210 210 210
-0.15036727 -0.38869092 -0.53761554 210 210 210
-0.80001915 -0.68941504 -0.33034527 210 210 210
0.27317792 -0.061490092 -0.28080359 210 210 210
-0.23038958 -0.41941509 -0.54930949 210 210 210
-0.015184253 -0.10120193 -0.73210859 210 210 210
0.29964688 -0.58221167 -0.80212438 210 210 210
-0.18574844 -0.56057066 -0.44147855 210 210 210
-0.21865647 -0.43253687 -0.51527303 210 210 210
-0.090980083 -0.15383081 -1.2565228 210 210 210
-0.2117859 -0.56717497 -0.45590386 210 210 210
-0.44166157 -0.96390468 -0.8536579 210 210 210
-0.070609257 -0.16259164 -1.2727051 210 210 210
0.28663385 0.44985744 -1.0186857 210 210 210
0.20520402 0.45986781 -1.0568531 210 210 210
-0.25951463 -0.59467703 -0.37496406 210 210 210
0.16996066 0.3803187 -1.0785329 210 210 210
-0.21686924 -0.57403761 -1.1688718 210 210 210
-0.010293349 0.27346751 -1.087165 210 210 210
0.92564446 -1.6972529 0.88938916 210 210 210
-0.1107282 -0.28664446 -1.2826 210 210 210
0.0765457 -0.20477322 -0.23338173 210 210 210
-0.79261929 -0.43599728 -0.42960894 210 210 210
0.16237698 -0.80644882 -0.9880681 210 210 210
0.29652819 0.3939724 -1.1632807 210 210 210
-0.53528035 -0.03475637 -0.4588986 210 210 210
-0.049190145 -0.28456563 -1.3674264 210 210 210
-0.26575103 -0.90458959 -0.97290713 210 210 210
-0.23855002 -1.1186436 -0.82308817 210 210 210
-0.33633867 -0.5316776 0.64463103 210 210 210
-0.28747821 -0.63102704 -0.85870469 210 210 210
0.15845372 -0.29254404 -1.0267496 210 210 210
-0.13529022 -0.31520051 -0.86385036 210 210 210
-0.7582792 -0.43470049 -0.2379566 210 210 210
0.027219754 0.0011406983 -0.25426152 210 210 210
-0.027578579 -0.5567894 -0.49136779 210 210 210
-0.1799466 -0.67110753 -0.82339662 210 210 210
-0.15887617 -0.37293825 -0.56160575 210 210 210
1.0215558 -1.420765 0.63547754 210 210 210
0.061907258 0.34465107 -0.45660621 210 210 210
-0.20143543 -0.53959304 -0.45739943 210 210 210
-0.16943835 -0.29432046 -1.3249947 210 210 210
-0.12896264 -0.53949559 -0.45607561 210 210 210
0.27115664 -0.67462641 -0.62815571 210 210 210
-0.21218769 -0.40519497 -0.55394161 210 210 210
0.71022624 -1.0916221 -0.87703705 210 210 210
0.047135372 -0.84502345 -1.03649 210 210 210
-0.10609873 -0.45139644 -1.2920254 210 210 210
-0.2271456 -0.57408905 -0.44705483 210 210 210
0.069424987 -0.56856495 -0.47269049 210 210 210
0.27845737 0.47870213 -1.0747285 210 210 210
-0.092694446 -0.39663476 -1.3242188 210 210 210
-0.083971791 0.029702006 -0.34344479 210 210 210
-0.14340654 -0.37615126 -0.56195116 210 210 210
-0.32785022 -0.25594613 0.64168119 210 210 210
-0.40367478 -0.87070972 -0.75723928 210 210 210
0.035920817 0.017082982 -0.26286173 210 210 210
0.22863442 -0.45561415 -0.4700923 210 210 210
-0.088445805 -0.38865903 -0.51059133 210 210 210
-0.21852115 -0.55251557 -0.47864887 210 210 210
-0.084922828 -0.63350016 -0.70976418 210 210 210
-0.39735594 -0.8933832 -0.93362266 210 210 210
-0.57325161 -1.1075138 -0.80602813 210 210 210
-0.17329933 -0.58259213 -0.36988503 210 210 210
0.57139587 -1.0210915 -0.81748587 210 210 210
-0.30268326 -0.72596198 -0.67160124 210 210 210
-0.10126176 -0.50445056 -0.44220918 210 210 210
0.084149547 -0.48062867 -0.51140845 210 210 210
-0.015642505 0.019204009 -0.32795551 210 210 210
0.045661461 -0.52212203 -1.1351289 210 210 210
0.652192 -0.79926699 -0.92157316 210 210 210
0.085328609 0.28275138 -1.0536598 210 210 210
0.94864446 -0.54979146 -1.0114117 210 210 210
0.07113824 -0.38602778 -0.61224544 210 210 210
0.0045933723 0.041206397 -0.79910487 210 210 210
0.10680625 -0.064279325 -1.2465338 210 210 210
0.14146256 -0.58023053 -0.43632558 210 210 210
-0.08983396 -0.4226754 -1.2225536 210 210 210
-0.073516473 0.036431201 -0.81797898 210 210 210
-0.61745828 -1.0687866 -0.8763383 210 210 210
-0.012321264 -0.34176618 -1.2169958 210 210 210
0.6284436 -0.88521349 -1.0402021 210 210 210
0.33249643 0.48116028 -1.0617142 210 210 210
-0.076574229 0.055935368 -0.85133803 210 210 210
0.80545902 -1.0068601 -0.19109482 210 210 210
0.096144639 -0.24721557 -0.654773 210 210 210
-0.16278864 -0.11536972 -0.81326008 210 210 210
-0.14202382 -0.13743392 -0.77401698 210 210 210
0.1598219 -0.30058697 -0.61224866 210 210 210
0.87818491 -0.66418958 -0.5774256 210 210 210
-0.22038113 -0.66353786 -0.67705446 210 210 210
0.26754645 0.47284538 -1.0602753 210 210 210
0.40570587 0.96192676 -1.293978 210 210 210
-0.21730359 -0.57733095 -0.45174646 210 210 210
-0.1130726 -0.74069792 -0.88775325 210 210 210
-0.2175539 -0.5563432 -0.4661583 210 210 210
-0.06698148 -0.55183434 -0.53552204 210 210 210
0.21970122 -0.8225438 -0.92883408 210 210 210
-0.21084429 -0.5555495 -0.46304432 210 210 210
-0.24397495 -0.56547529 -1.1100911 210 210 210
0.015244002 -0.51006186 -1.1906071 210 210 210
-0.069311835 0.048249092 -0.82983524 210 210 210
-0.0088669006 -0.74691308 -0.90606737 210 210 210
0.33066443 -0.4932586 -1.028273 210 210 210
-0.020944279 -0.28151888 -0.64480317 210 210 210
0.068919741 -0.48382559 -1.1503726 210 210 210
0.11623657 -0.64220256 -0.46784356 210 210 210
0.12602496 -0.20341085 -0.6986869 210 210 210
0.47068778 -0.50853783 -1.263253 210 210 210
0.038388886 -0.4249526 -1.2565767 210 210 210
0.14899513 -0.033353601 -0.22318618 210 210 210
0.28764504 -0.05837968 -1.0741686 210 210 210
-0.029174656 -0.27807549 -1.2769437 210 210 210
0.20035179 -0.21811752 -0.65364248 210 210 210
-0.21059978 -0.3219887 -0.96302205 210 210 210
-0.027380604 -0.38553625 -0.471719 210 210 210
-0.074238099 -0.21714793 -1.2746447 210 210 210
0.31232989 -0.40118283 -0.41561621 210 210 210
-0.053836703 -1.2516358 -0.89266557 210 210 210
0.17969811 -0.2109825 -1.1659746 210 210 210
0.8502152 -0.55535114 -1.0732683 210 210 210
0.1665131 0.45159072 -1.0940273 210 210 210
-0.28246295 -0.56315309 -1.1251932 210 210 210
-0.10365582 -0.73831034 0.40512767 210 210 210
0.0042051296 -0.41117743 -1.3343589 210 210 210
0.17896715 -0.2425397 -1.1708254 210 210 210
0.25814044 -0.096996032 -0.17170168 210 210 210
0.13791677 -0.49993771 -0.47447634 210 210 210
0.24117942 0.37935391 -1.228732 210 210 210
0.29729792 -0.091768689 -0.17081876 210 210 210
-0.032505013 -0.36751908 -1.0999659 210 210 210
-0.10789159 -0.31832647 -1.0473982 210 210 210
-0.11767092 -0.39463145 -0.35982257 210 210 210
-0.077179536 0.044519316 -0.83236563 210 210 210
0.79937088 -0.52578497 -1.1633443 210 210 210
-0.045152705 -0.25621921 -0.76945472 210 210 210
-0.15294155 -0.32511622 -1.2275317 210 210 210
0.45794842 0.97535253 -1.2542008 210 210 210
-0.15229757 -0.14171831 -0.77876973 210 210 210
-0.2192034 -0.43103933 -0.51665604 210 210 210
0.42862177 -1.106249 -0.049515389 210 210 210
0.43629366 -1.1233664 -0.037592947 210 210 210
-0.032056946 -0.29210842 -0.75390792 210 210 210
-0.027991224 -0.19994435 -1.5554851 210 210 210
-0.014423156 0.04815146 -0.81960362 210 210 210
0.033543631 -0.52261293 -0.48443621 210 210 210
-0.0038594345 -0.24417061 -0.7254082 210 210 210
0.28965905 -0.41464487 -0.4223198 210 210 210
0.041043777 -1.2503357 0.19539966 210 210 210
-0.50921232 -1.0421845 -0.86036515 210 210 210
0.20480058 -0.80788279 -0.9123801 210 210 210
-1.0918161 1.2739403 -0.7421875 210 210 210
0.22221316 -0.47583514 -0.44564849 210 210 210
0.26981542 0.33362973 -1.0858703 210 210 210
-0.12609646 -0.10939356 -0.79804605 210 210 210
0.11309776 -0.33073798 -1.282636 210 210 210
-0.29048809 -0.46680644 -1.2502795 210 210 210
0.22656056 0.44055203 -1.0160455 210 210 210
-0.22108665 -0.41655314 -1.4030111 210 210 210
-0.18614653 -0.40466487 -1.1537147 210 210 210
0.49041426 0.95319366 -1.2066324 210 210 210
-0.10337127 -0.31386214 -1.0564395 210 210 210
0.16226199 -0.2178316 -0.65560192 210 210 210
0.20555429 -0.58532107 -0.83250374 210 210 210
0.2258244 -0.1350517 -0.15812689 210 210 210
-0.03623908 -0.23452297 -0.75965118 210 210 210
0.82406545 -1.0480456 -1.0082309 210 210 210
0.014906676 -0.31180158 -0.76902622 210 210 210
-1.4261172 -1.1842303 -0.64824235 210 210 210
-0.1004933 -0.120219 -0.78664529 210 210 210
-0.098164432 0.042554207 -0.9107706 210 210 210
0.28313506 0.45539305 -1.0185957 210 210 210
-0.44030616 -0.76463127 -1.0621433 210 210 210
0.12313481 -0.25713992 -0.68560743 210 210 210
0.14051536 -0.48243609 -0.45454386 210 210 210
-0.015955474 0.048723944 -0.80929267 210 210 210
-0.21961266 -0.33303627 -1.3476425 210 210 210
0.066229224 -0.24199887 -0.69774085 210 210 210
0.0014518723 -0.080649853 -0.80672693 210 210 210
-0.32985124 -0.45716396 -1.1810025 210 210 210
0.065816715 -0.21242414 -0.6885348 210 210 210
-0.23784837 -0.48300067 -0.57903582 210 210 210
-0.20063931 -0.30165756 -1.0252607 210 210 210
-0.11440629 0.039465424 -0.88070607 210 210 210
0.2166968 0.47021934 -1.0635821 210 210 210
0.38819107 -1.2664183 -0.58824962 210 210 210
-0.049809542 -0.10311998 -0.77128726 210 210 210
0.34450343 0.4685761 -1.0248281 210 210 210
-0.064215489 -0.10261335 -0.77890176 210 210 210
0.016249677 -0.35398915 -1.1093718 210 210 210
0.02562771 -0.22361839 -0.75473565 210 210 210
-0.23898426 -0.35689408 -1.067188 210 210 210
-0.054387528 -0.6277377 -0.89649546 210 210 210
0.031298131 -0.60174406 -0.49385351 210 210 210
0.069408357 -0.2096892 -0.70279169 210 210 210
-0.013120672 -0.12711622 -0.726641 210 210 210
-0.35168204 -0.2264857 0.68868202 210 210 210
-0.0061769187 -0.33373594 -0.56632286 210 210 210
-0.46635112 -0.88989049 0.38336715 210 210 210
0.19571461 -0.27005318 -1.0351093 210 210 210
0.012097853 -0.095008731 -0.78606933 210 210 210
0.87394243 -1.006112 -1.011459 210 210 210
0.21542625 0.46888176 -1.0570883 210 210 210
0.12351366 -0.35550594 -1.187675 210 210 210
0.3326233 0.47148994 -1.0522013 210 210 210
-0.18908769 -0.39868924 -1.1244345 210 210 210
0.04816471 -0.54577684 -0.48338878 210 210 210
0.11095537 -0.48831323 -0.50165856 210 210 210
0.22556597 0.47322577 -1.0634166 210 210 210
0.22528785 0.37639603 -1.0652617 210 210 210
-0.059716016 0.065351479 -0.856646 210 210 210
0.18925419 -0.18354601 -0.71390766 210 210 210
-0.35354 -0.74454975 -0.78365308 210 210 210
-0.063848957 -1.0991361 -1.029106 210 210 210
0.24188268 0.42954141 -1.0131636 210 210 210
-0.09276025 0.060347114 -0.88105911 210 210 210
-0.017105635 -0.19219349 -0.77176625 210 210 210
0.15238793 0.46394485 -1.1243711 210 210 210
0.28384537 -0.44553772 -0.44328812 210 210 210
0.19668666 -0.48989493 -0.4452883 210 210 210
0.32578 -0.40167373 -0.42374241 210 210 210
0.28141207 -1.1756308 -0.66970694 210 210 210
-0.093540214 -0.42104658 -0.46801457 210 210 210
-0.062840767 -0.43428099 -1.3086109 210 210 210
-0.11342373 -0.50973511 -0.44475451 210 210 210
0.55836594 0.38382953 -0.98893356 210 210 210
0.12150288 -0.24642573 -0.71013188 210 210 210
-0.09172722 -0.33787569 -1.2579738 210 210 210
0.87728995 -0.90687186 -0.5191797 210 210 210
-0.44024342 -0.69074464 -1.0480328 210 210 210
0.79939866 -0.70928138 -1.1684541 210 210 210
0.10823761 -0.52453667 -0.43463874 210 210 210
0.26508579 -0.1300676 -0.25348163 210 210 210
0.26140359 -0.097702213 -0.25614846 210 210 210
-0.16185041 -0.083523043 -0.83264381 210 210 210
-0.42199472 -0.60079163 -1.1130859 210 210 210
0.26048699 0.49409482 -1.0650188 210 210 210
-0.11006373 -0.10979931 -0.78985363 210 210 210
0.16840415 -0.19512302 -0.70211715 210 210 210
0.26001078 0.44275975 -1.009544 210 210 210
-0.44384843 -0.48660672 -1.1160707 210 210 210
0.10607893 0.30755171 -1.1123264 210 210 210
0.28594267 -0.46540394 -0.46261418 210 210 210
0.30716029 0.4976314 -1.0715641 210 210 210
0.26674622 -0.37704721 -1.2847488 210 210 210
-0.090073429 -0.67661381 -0.8650139 210 210 210
-0.050431177 0.037701733 -0.80127043 210 210 210
0.11454618 -0.22343346 -1.3181649 210 210 210
-0.0139913 0.0527623 -0.81306654 210 210 210
-0.067735426 -0.22133608 -1.3304826 210 210 210
-0.14698546 -0.1361398 -0.78060353 210 210 210
0.0046847612 -0.30751628 -0.62021363 210 210 210
-0.26416197 -0.59082609 -1.0844272 210 210 210
-0.26450488 -0.4465858 -1.1571721 210 210 210
0.098951526 -0.48526707 -1.2923723 210 210 210
-0.080327667 -0.93194038 -0.8056004 210 210 210
-0.02174524 -0.14596713 -0.72377634 210 210 210
-0.19658972 -0.36982375 -1.1354667 210 210 210
-0.30035079 -0.7653572 -0.78123176 210 210 210
-0.31069377 -0.8728863 -0.85060126 210 210 210
-0.40627313 -0.76312947 -0.96107972 210 210 210
-0.19668472 -0.41478387 -0.53703719 210 210 210
0.26749474 -0.49362746 -0.38574389 210 210 210
-0.26619589 -0.61652333 -0.35089162 210 210 210
0.0011960421 -0.49840325 -1.193253 210 210 210
-0.0035465544 -0.20923091 -0.8105545 210 210 210
0.22719033 -0.52285218 -0.83133882 210 210 210
-0.37825888 -0.94467705 -0.82446724 210 210 210
-0.080119871 -0.31991452 -1.4758078 210 210 210
0.67033368 -1.0133573 -0.83432227 210 210 210
-0.18028319 -0.44626206 -0.43531439 210 210 210
-0.20848389 -0.42956018 -0.51807112 210 210 210
0.60058159 -0.86140555 -0.98384947 210 210 210
0.16938327 -0.21566468 -0.68732196 210 210 210
-0.15424387 -0.36182091 -0.56812286 210 210 210
-0.65431321 -0.87923986 0.30776069 210 210 210
0.40384912 -1.0130528 -0.82338005 210 210 210
-0.1081467 -0.27387065 -1.4231585 210 210 210
-0.2565271 -0.58553195 -1.0886097 210 210 210
0.32687339 -0.080038741 -0.1838582 210 210 210
-0.099028938 0.043360166 -0.91340345 210 210 210
0.25022393 -0.47588092 -0.46236503 210 210 210
-0.95094913 -1.3851049 -0.7013486 210 210 210
0.24257651 -0.1154188 -0.22679386 210 210 210
0.036773719 -0.23299229 -0.71080649 210 210 210
0.48409891 -1.1700671 -0.7640062 210 210 210
0.036502339 -1.2578676 -0.054869 210 210 210
0.27383789 -0.46671247 -0.45512152 210 210 210
-0.24744552 -0.50841928 -0.36390549 210 210 210
-0.08927393 -0.46317244 -1.185612 210 210 210
0.28496024 0.44654191 -1.0124159 210 210 210
-0.17330664 -0.23993869 -1.2921177 210 210 210
-0.72177678 -0.84193712 -1.1501653 210 210 210
-0.17281152 -0.4266082 -1.183467 210 210 210
-0.26699969 -0.73381007 -0.6577723 210 210 210
0.2433061 0.48229104 -1.05396 210 210 210
0.25162137 -0.47770226 -0.45705408 210 210 210
0.11386779 0.35708803 -1.1089935 210 210 210
-0.15039554 -1.3300766 -0.79885727 210 210 210
0.036118936 -0.94370443 -0.8091383 210 210 210
0.20197381 -0.14172608 -0.18638916 210 210 210
0.0032834506 -0.26419505 -0.73704678 210 210 210
-0.080995128 -0.44232678 -1.0731893 210 210 210
0.021795109 0.016994543 -0.26254943 210 210 210
-0.084403202 -0.69351983 -0.84607941 210 210 210
0.46835402 -1.0888076 -0.026558219 210 210 210
0.1125793 -0.30869928 -1.0187953 210 210 210
0.12261661 -0.22109984 -0.66181594 210 210 210
-0.27352023 -0.72577459 -1.0578133 210 210 210
0.029942164 -0.28738913 -1.1109537 210 210 210
0.32682937 0.47535709 -1.0625961 210 210 210
-0.17395683 -0.36513427 -1.3367918 210 210 210
-0.069662347 -0.23032208 -1.5412084 210 210 210
0.06936682 0.29387566 -1.0737255 210 210 210
0.011768322 -0.31491801 -1.1982013 210 210 210
0.28413886 -0.46317524 -0.47013175 210 210 210
-0.21518239 -0.4386864 -0.50569993 210 210 210
-0.040082429 -0.38581237 -0.4755049 210 210 210
-0.22721346 -0.59641069 -0.38474628 210 210 210
-0.20654294 -0.43533188 -0.51484799 210 210 210
-0.47854647 -0.71945423 -1.0407552 210 210 210
-0.18938342 -0.58799332 -0.41280979 210 210 210
0.3463968 0.45027092 -1.0739517 210 210 210
0.0095980344 0.033322867 -0.80165249 210 210 210
-0.22725736 -0.42481595 -0.53606582 210 210 210
-0.12758166 -0.61756629 -0.91135257 210 210 210
-0.21429159 -0.58534378 -0.42165408 210 210 210
0.066165268 -0.53698379 -0.45976278 210 210 210
-0.19640484 -0.42289519 -0.52336597 210 210 210
-0.18456502 -0.59186882 -0.42242765 210 210 210
-0.27759427 -0.96938097 -0.58669055 210 210 210
0.050084647 0.038762864 -0.25848934 210 210 210
-0.2438146 -0.84611458 -0.81537759 210 210 210
0.27005085 -0.55799025 -0.49405241 210 210 210
-0.18627411 -0.5385589 -0.45494643 210 210 210
0.16838838 -0.35662797 -0.59774411 210 210 210
-0.23692213 -0.57456988 -0.42558819 210 210 210
0.0016509575 0.025339575 -0.2755301 210 210 210
0.44717675 -0.35913733 -1.2029938 210 210 210
-0.38167104 -0.94985271 -0.83071053 210 210 210
0.20845547 0.46864209 -1.0566831 210 210 210
-0.33437356 -0.87061965 -0.80942351 210 210 210
-0.063557856 -0.32153803 -1.4442751 210 210 210
0.073298611 -0.48409778 -1.1553532 210 210 210
0.057393752 -0.28624019 -1.299589 210 210 210
-0.18462674 -0.42899382 -0.501899 210 210 210
-0.21780087 -0.8361122 -1.1832479 210 210 210
-0.078316741 -0.4140569 -0.47846231 210 210 210
0.11293438 -0.5605033 -0.44946077 210 210 210
-0.14556187 -0.12113109 -0.84075975 210 210 210
-0.29418704 -0.92816025 -0.90333617 210 210 210
0.25113422 0.46930259 -1.046043 210 210 210
0.053979199 -0.37701195 -1.158906 210 210 210
0.27533206 -1.1634419 0.077120617 210 210 210
-0.27494037 -0.92066705 -0.82943726 210 210 210
-0.030892592 -0.21309991 -1.3543253 210 210 210
-0.07561636 -0.37438381 -1.1936612 210 210 210
-0.28607616 -0.72702086 -0.6775893 210 210 210
0.34348312 -0.63879859 -0.77406341 210 210 210
1.0234245 -0.69647831 -0.54632592 210 210 210
-0.15641235 -1.1345043 -0.89534026 210 210 210
-0.11484299 -0.59732109 -1.1984837 210 210 210
-0.26427877 -1.2904505 -0.81152964 210 210 210
0.083140783 0.28760853 -1.0787026 210 210 210
-0.11145052 -0.23953877 -1.3171374 210 210 210
-0.057353236 -0.25384283 -0.86929321 210 210 210
0.91335553 -0.7287001 -0.55271065 210 210 210
0.43463194 -1.1007147 -0.057800017 210 210 210
-0.49304211 -0.98539644 -0.89865273 210 210 210
0.16286261 -0.55115277 -0.92197037 210 210 210
0.074066631 -0.22296479 -0.77957374 210 210 210
-0.050190005 -0.3647714 -1.2515247 210 210 210
0.16456637 -0.51276809 -0.85901421 210 210 210
0.068517417 -0.34459767 -1.0167993 210 210 210
0.26191035 -0.12688604 -0.18914557 210 210 210
-0.11254858 -0.76412112 -0.75908148 210 210 210
-0.095255993 -0.41681686 -0.47498164 210 210 210
0.024262764 -0.58367515 -0.7929402 210 210 210
-0.33924511 -0.82833594 -0.7224437 210 210 210
-0.12665129 0.026400447 -0.8765837 210 210 210
0.055336278 -0.28935805 -0.66554338 210 210 210
-0.27265987 -0.89096296 -0.79902846 210 210 210
0.1674877 -0.066466838 -0.18285026 210 210 210
-0.14630629 -0.27643356 -1.3285608 210 210 210
-0.11779819 -0.14508884 -0.72815597 210 210 210
-0.13566507 -0.13217816 -0.78658944 210 210 210
0.14079522 -0.46964011 -1.3153707 210 210 210
-0.20581047 -0.55714351 -0.45366138 210 210 210
-0.44285893 -0.97158051 -0.87780738 210 210 210
-0.10606966 -0.37262505 -1.2438076 210 210 210
0.24369182 -0.41262144 -0.38794202 210 210 210
0.35786828 -1.406967 -0.55078489 210 210 210
0.053552706 -0.29110953 -0.64846772 210 210 210
-0.25083435 -0.49470714 -1.3050255 210 210 210
0.96597004 -1.4481533 0.73828787 210 210 210
0.064783528 -0.45486501 -1.2981671 210 210 210
-0.21341519 -0.48239994 -1.2920249 210 210 210
-0.036937695 -0.39102486 -0.47178823 210 210 210
0.17298684 -0.80560082 -0.91580665 210 210 210
0.038995072 -0.28817034 -0.66937828 210 210 210
0.76817924 -0.5169282 -1.1682646 210 210 210
0.23640013 -0.47191426 -0.85632443 210 210 210
-0.71092385 -0.43093085 -0.17658179 210 210 210
-0.013268647 -0.36278108 -0.53729504 210 210 210
-0.89774901 -0.67809522 -0.13468744 210 210 210
0.044677451 -0.71761179 -0.89862114 210 210 210
0.26466668 -1.3835324 0.17789896 210 210 210
0.057893328 -0.29174891 -0.61842138 210 210 210
0.34245896 -0.45879027 -1.134845 210 210 210
-0.0098438868 -0.099836148 -0.77212745 210 210 210
-0.14565264 -0.37843412 -0.54952496 210 210 210
-0.12011826 -0.14781034 -0.74048799 210 210 210
-0.13213776 -0.34303865 -1.0948675 210 210 210
0.57860202 -0.42778581 -1.1761528 210 210 210
-0.12233841 -0.3747099 -0.54578364 210 210 210
0.15119265 -0.64290839 -0.99546158 210 210 210
0.055391505 -0.35118589 -0.5774793 210 210 210
0.3391574 -0.40975508 -0.40333381 210 210 210
0.19437982 -0.21717209 -1.1031444 210 210 210
-0.051426731 -0.24652305 -1.083908 210 210 210
-0.23603068 -0.52899927 -0.56160492 210 210 210
-0.095715262 -0.31979743 -1.2760082 210 210 210
-0.16825077 -0.54088926 -0.44282845 210 210 210
-0.027619099 -0.31034908 -0.65564346 210 210 210
0.27445292 -0.10817915 -0.19648397 210 210 210
-0.14327976 -0.12808239 -0.78522879 210 210 210
0.10144102 -0.2653746 -0.67324877 210 210 210
0.025157567 0.026684228 -0.26733854 210 210 210
0.074454583 -0.19212428 -0.75833243 210 210 210
-0.07540708 -0.283245 -0.71106946 210 210 210
0.2013137 -0.28576419 -1.0618137 210 210 210
0.19604127 -0.1547063 -0.22072613 210 210 210
-0.060612045 -0.23486085 -1.2565166 210 210 210
-0.057726845 0.042576447 -1.1877269 210 210 210
-0.042545769 -0.13293137 -0.70685863 210 210 210
-0.0002644379 -0.11290035 -0.73267531 210 210 210
0.09978167 -0.56616455 -0.45829239 210 210 210
0.25534004 0.45692089 -1.0148319 210 210 210
-0.033715427 -1.1907468 -0.89464718 210 210 210
-0.0089360429 -0.58548725 -0.78105915 210 210 210
-0.095434256 -0.11389416 -0.72381628 210 210 210
-0.096557334 -0.30277407 -0.69374949 210 210 210
0.26689428 -0.45937014 -0.43540108 210 210 210
0.20303507 -0.28566131 -0.54613644 210 210 210
0.13660665 -0.41324177 -1.179529 210 210 210
0.21670423 0.43924758 -1.0131084 210 210 210
0.10871134 -0.29566884 -0.66507137 210 210 210
-0.080539405 -0.30946201 -1.2705661 210 210 210
0.73360419 -0.7339071 -0.98469418 210 210 210
0.077377431 0.044879213 -0.25495505 210 210 210
0.091761135 -0.84966022 -0.97506386 210 210 210
0.12487518 -0.57682866 -0.48485994 210 210 210
0.018070012 -0.25593939 -0.656344 210 210 210
0.14487679 -0.51938546 -0.52390373 210 210 210
-0.1980222 -0.533889 -0.47848815 210 210 210
0.060375188 -0.53951013 -0.45706001 210 210 210
-0.15595785 -0.12191804 -0.81311673 210 210 210
0.026231235 -0.27662092 -0.66283762 210 210 210
0.056747619 -0.5070715 -0.47339526 210 210 210
-0.20808896 -0.35407829 -0.58478123 210 210 210
-0.23348337 -0.44939855 -1.170222 210 210 210
-0.063935503 -0.27496418 -1.2858021 210 210 210
-0.061855562 -0.1639349 -1.422006 210 210 210
0.17567813 -0.33790922 -0.6574685 210 210 210
0.0019861206 -0.27971697 -0.75329912 210 210 210
0.14038925 -0.50035781 -0.46680346 210 210 210
0.0054535237 -0.26061592 -0.70481294 210 210 210
-0.11917564 -0.49818891 -1.3139783 210 210 210
0.1453357 -0.55239636 -0.49992031 210 210 210
-0.082030132 -0.358814 -1.2511591 210 210 210
-0.79960853 1.3105162 -0.63483316 210 210 210
0.63811564 -0.3204197 -1.2072409 210 210 210
-0.14219296 -0.10125341 -0.82441181 210 210 210
0.052574005 -0.27935994 -0.65264076 210 210 210
-0.19688134 -0.3636764 -1.0460184 210 210 210
0.25666198 -0.44192252 -0.45145446 210 210 210
0.057082888 -0.2625818 -0.67754483 210 210 210
-0.43629766 -0.72312462 -1.0455378 210 210 210
-0.43325076 -0.67195338 -1.0728397 210 210 210
0.24839808 -0.47684559 -0.42947963 210 210 210
-0.17158026 -0.35738206 -1.3623123 210 210 210
-0.77426475 1.3464891 -0.61522502 210 210 210
0.18767002 -0.47972828 -0.48081487 210 210 210
0.28000259 0.4479796 -1.0209131 210 210 210
0.15825683 0.43200871 -1.083831 210 210 210
0.20938329 -0.14819287 -0.24872285 210 210 210
0.319399 -0.438146 -0.43381932 210 210 210
0.027492037 -0.35150617 -0.51101434 210 210 210
-0.049774624 0.032355778 -0.80018288 210 210 210
-0.083357528 -0.3899385 -1.2506801 210 210 210
0.23653041 -0.45818192 -0.46649176 210 210 210
0.25539094 -1.0158343 -0.93635523 210 210 210
-0.33006307 -0.6362918 -1.0980968 210 210 210
-0.044744153 0.057437453 -1.2332312 210 210 210
0.20122571 -0.21666293 -0.68128395 210 210 210
-0.14081974 -0.13555051 -0.7827782 210 210 210
-0.06406419 -0.084159099 -0.77776551 210 210 210
0.13404565 -1.2339386 0.017822865 210 210 210
-0.0057232673 -0.30950642 -0.62352127 210 210 210
0.036461949 0.065108567 -0.8493253 210 210 210
-0.093767211 -0.41848612 -1.1252944 210 210 210
0.1961814 -0.15703979 -0.17245123 210 210 210
-0.2295076 -0.3938455 -1.1376506 210 210 210
0.53573167 0.77032042 -1.2423993 210 210 210
-0.25817946 -0.33229077 -1.0863791 210 210 210
-0.3121672 -0.62072611 -1.0947725 210 210 210
-0.014289832 -0.25308797 -0.65749425 210 210 210
-0.056359153 -0.41353109 -1.2045476 210 210 210
0.044507235 -0.2672247 -0.64864546 210 210 210
0.79851532 -0.63769382 -1.1252569 210 210 210
0.90113342 -0.82757682 -0.99762863 210 210 210
0.26657841 0.47682983 -1.0662636 210 210 210
0.30129981 -1.4032387 -0.67505407 210 210 210
0.8811096 -0.71240228 -0.58771288 210 210 210
0.030550094 -0.36196032 -1.1216472 210 210 210
-0.022197127 -0.28339112 -1.3091809 210 210 210
-0.00098199397 -0.19347157 -0.76337725 210 210 210
0.071348444 0.24890113 -1.1940223 210 210 210
-0.1903685 -0.52791697 -0.4852497 210 210 210
-0.2942988 -0.39950952 -1.1401633 210 210 210
0.22563398 0.44368821 -1.0125153 210 210 210
-0.061696425 0.023700895 -0.79234052 210 210 210
0.2153482 -0.39362124 -1.2621642 210 210 210
0.2107105 -0.24920887 -1.4011564 210 210 210
0.27775526 0.48204273 -1.0756762 210 210 210
-0.20781893 -0.43758893 -0.51854438 210 210 210
0.073731951 -0.19408025 -1.2009872 210 210 210
0.20287347 0.0098537728 -0.34290528 210 210 210
-0.099597126 -0.41412294 -0.49704346 210 210 210
-0.17680924 -0.085613668 -0.83478808 210 210 210
0.28520861 0.48486343 -1.0761405 210 210 210
-0.17901735 -0.59609646 -0.38422835 210 210 210
-0.027638281 -0.43658349 -1.4038914 210 210 210
0.85982317 -0.31282079 -1.2049536 210 210 210
-0.14475724 -0.56335026 -0.38308957 210 210 210
-0.026572684 0.079687275 -0.8481319 210 210 210
-0.24831295 -0.96795213 -0.93718868 210 210 210
0.5703541 -1.0975423 0.77076733 210 210 210
-0.17446302 -0.70742965 -0.95379549 210 210 210
0.15528849 -0.51077312 -0.47545108 210 210 210
-0.18109834 -0.40690404 -1.3791031 210 210 210
0.13704643 -0.29374671 -0.66261125 210 210 210
-0.13845831 -0.089996383 -0.82509512 210 210 210
0.28552851 -0.46109551 -0.48003256 210 210 210
-0.48692161 -0.97758538 -0.88706571 210 210 210
0.014279927 -0.32669646 -0.58567595 210 210 210
-0.46039811 -0.94191134 -0.90043598 210 210 210
-0.45515788 -0.93979543 -0.86541361 210 210 210
0.2480216 -0.060974449 -0.58935308 210 210 210
0.30334496 0.49318868 -1.0708162 210 210 210
-0.0076459218 -0.20500211 -0.78313851 210 210 210
-0.039545659 -0.20795324 -0.78998375 210 210 210
0.66910046 -1.0373417 -0.95258468 210 210 210
-0.19919808 -0.54118574 -0.45738953 210 210 210
0.30614516 -0.01621554 -0.27938378 210 210 210
0.0061281319 -0.22659768 -0.78051907 210 210 210
0.32145199 0.4689379 -1.0562196 210 210 210
0.31839135 0.47071376 -1.0534923 210 210 210
0.0011249736 -0.37205949 -0.88650888 210 210 210
0.14541295 -0.5820176 0.010680446 210 210 210
-0.12320772 0.039237741 -0.89080024 210 210 210
0.087633893 -0.32400674 -0.59344339 210 210 210
-0.20361112 -0.41621312 -0.53705728 210 210 210
0.28492117 -0.099843599 -0.16936824 210 210 210
-0.022505209 -0.2341543 -0.77824968 210 210 210
-0.16778699 -0.56677842 -0.42270398 210 210 210
0.2119735 0.20424432 -1.0424623 210 210 210
0.226028 0.47245625 -1.0603455 210 210 210
-0.15654136 -0.10700594 -0.82471466 210 210 210
-0.16518009 -0.52455628 -0.46196848 210 210 210
0.010872969 0.25195843 -1.1634237 210 210 210
0.21201046 0.46293801 -1.0521312 210 210 210
0.010506811 -0.27804464 -1.3373971 210 210 210
0.32797098 -1.503515 -0.67004615 210 210 210
0.31270367 0.46538481 -1.046766 210 210 210
-0.12832625 -1.0433416 -0.2626729 210 210 210
0.82099223 -0.55354774 -1.2202516 210 210 210
0.86206704 -0.60462171 -1.0651178 210 210 210
0.31466004 0.46451077 -1.0465664 210 210 210
0.17843819 -0.45853201 -0.43534949 210 210 210
-0.07768254 -0.23088934 -1.4234811 210 210 210
0.019878844 -0.66877079 -1.0098088 210 210 210
0.19152349 -0.24806179 -0.71739227 210 210 210
0.3181057 -1.1910514 0.11171924 210 210 210
-0.051932614 0.04947098 -0.82999951 210 210 210
0.57281721 -1.1697438 0.14515281 210 210 210
-0.21991505 -0.3387894 -1.0855845 210 210 210
-0.026534371 0.051900242 -0.81263494 210 210 210
0.09804336 0.28829911 -1.0636412 210 210 210
0.13487469 -0.18312605 -0.75890064 210 210 210
-0.24754903 -0.45664388 -0.37736729 210 210 210
0.16705593 -0.49627712 -0.4192017 210 210 210
-0.0097723259 -0.28174904 -0.6645385 210 210 210
0.062720284 -0.23069878 -0.77194566 210 210 210
-0.0096654641 -0.38252258 -1.1332185 210 210 210
-0.23442405 0.45958388 -0.84111559 210 210 210
0.28735954 0.47323492 -1.065284 210 210 210
-0.63181967 -0.69197476 -1.1207043 210 210 210
-0.26630652 -0.3647773 -1.092188 210 210 210
-0.18260206 -0.40427667 -1.1739461 210 210 210
0.28842342 0.45537707 -1.04127 210 210 210
0.18409418 -0.52216166 -0.53940237 210 210 210
-0.024601318 0.048274383 -0.80441868 210 210 210
-0.54219347 -0.54164034 -1.1045722 210 210 210
-0.00072992768 -0.27034646 -0.77239817 210 210 210
0.3605037 -0.40251991 -0.44842091 210 210 210
0.023986043 -0.10711856 -0.76845211 210 210 210
-0.12859811 0.031682286 -0.89459991 210 210 210
0.26560423 0.41581559 -1.0323429 210 210 210
0.26019242 0.45713925 -1.0174887 210 210 210
0.12367419 -0.20932053 -0.6606338 210 210 210
0.065070629 -0.2139654 -0.68988544 210 210 210
0.92077053 -0.48782173 -1.1388241 210 210 210
-0.04457783 -0.29152712 -1.1901938 210 210 210
-0.12318643 0.03460997 -0.88372266 210 210 210
-0.23754866 -0.37084541 -1.1158719 210 210 210
0.26629034 0.45699778 -1.0221002 210 210 210
0.45251784 0.97946697 -1.2622727 210 210 210
-0.19340488 -0.39066929 -1.1089531 210 210 210
-0.371602 -0.63311052 -1.099136 210 210 210
0.31919625 0.46497348 -1.048069 210 210 210
-0.10329414 0.030562159 -0.87024438 210 210 210
-0.21367666 -0.58128703 -0.42506427 210 210 210
-0.11411893 0.032038558 -0.87096441 210 210 210
0.18766196 -0.49016511 -0.45570916 210 210 210
-0.30682459 -0.53370649 -1.3164544 210 210 210
0.7589938 -0.98449695 -0.89504671 210 210 210
0.14010856 -0.30403227 -0.67088735 210 210 210
0.42982376 -0.6876688 -0.75103074 210 210 210
-0.30485913 -0.52400368 -1.3817867 210 210 210
-0.094350144 -0.41999784 -0.46327117 210 210 210
-0.014390511 -0.24916722 -0.75905764 210 210 210
-0.2731666 -0.95003653 -0.83706397 210 210 210
-0.1293681 0.025571734 -0.8825801 210 210 210
-0.17500299 -0.13980518 -0.84467512 210 210 210
-0.27697226 -0.95356113 -0.90006799 210 210 210
0.2450407 0.44578391 -1.0159267 210 210 210
-0.22777948 -0.52271026 -0.53067696 210 210 210
0.29753262 0.42646331 -1.0261883 210 210 210
0.16954707 0.44932389 -1.0962303 210 210 210
-0.20507173 -0.57021266 -0.45519781 210 210 210
-0.12556382 0.038789321 -0.89327186 210 210 210
-0.035189081 0.02469641 -0.79020864 210 210 210
1.2341179 -1.2798181 0.80799913 210 210 210
-0.12542781 -0.12937587 -0.77708995 210 210 210
0.016258042 -0.2463008 -0.65492433 210 210 210
0.27945131 -0.098125763 -0.16432351 210 210 210
0.21744952 0.45929638 -1.0471505 210 210 210
-0.49333861 -1.0018746 -0.87020206 210 210 210
0.094487943 -0.51903415 -0.45474344 210 210 210
0.063514531 -0.45994681 -1.1268373 210 210 210
-0.16400133 -0.12317054 -0.81380814 210 210 210
0.059458561 -0.48399642 -0.47402114 210 210 210
-0.08083 -0.11913995 -0.77967393 210 210 210
-0.13487363 -0.13045579 -0.78690243 210 210 210
-0.23785119 -1.0444319 -0.88094735 210 210 210
0.6906333 -0.77051598 -0.69488835 210 210 210
-0.069878154 -0.34954557 -1.2539829 210 210 210
0.21211039 -0.44711807 -0.39114031 210 210 210
-0.12106498 -0.53615379 -0.41573867 210 210 210
0.97323996 -0.61123705 -0.55329567 210 210 210
-0.49664012 -1.0017498 -0.86920846 210 210 210
-0.31459069 -0.44318232 0.80047894 210 210 210
0.13467807 -0.32582071 -0.92411083 210 210 210
0.088947713 -1.2531053 0.084674537 210 210 210
0.119353 -0.20791119 -0.67422909 210 210 210
0.15858573 -0.49261281 -1.0938203 210 210 210
-0.42833877 -0.50602686 -1.0796919 210 210 210
0.2136007 -0.15904422 -0.16345561 210 210 210
0.22589329 0.44542256 -1.0137774 210 210 210
0.19396248 -0.34819934 -1.0604753 210 210 210
-0.21398202 -0.11191484 -0.83422142 210 210 210
-0.3401511 -0.45736724 0.96725416 210 210 210
-0.11043729 -0.50385994 -1.151494 210 210 210
0.034452174 -0.67186767 -0.90152967 210 210 210
0.26532549 -0.11491173 -0.171517 210 210 210
-0.0034964064 -0.88163447 -0.90388811 210 210 210
-0.14852558 -0.12820543 -0.80014086 210 210 210
-0.14977899 -0.75318402 -0.90310752 210 210 210
0.20176806 -0.1478873 -0.21403272 210 210 210
0.13261096 -0.83535707 -0.69244063 210 210 210
0.1279062 -0.43882039 -0.95048362 210 210 210
0.28042364 -0.1053732 -0.17160282 210 210 210
-0.10256253 -0.13612111 -0.78477478 210 210 210
-0.00051410566 -0.61910695 -0.92544466 210 210 210
0.20029107 -0.46579474 -0.40999094 210 210 210
0.23922598 0.048714288 -1.3937191 210 210 210
0.16336931 -0.41387272 -1.0892552 210 210 210
-0.19522223 -0.42747548 -0.5278061 210 210 210
-0.062555104 0.042631749 -0.82418191 210 210 210
-0.10911217 -0.28190103 -1.0528007 210 210 210
0.25860718 -0.78460062 0.15130033 210 210 210
0.68220311 -0.65132797 -1.0858076 210 210 210
-0.058525428 0.027067583 -0.8021732 210 210 210
0.31174415 -0.45519453 -0.4519169 210 210 210
-0.21180157 -0.32990542 -1.0118427 210 210 210
-0.2903229 -0.43152827 -1.0700684 210 210 210
-0.29234567 -0.49278703 -1.2629174 210 210 210
-0.015331011 -0.31513923 -0.65987527 210 210 210
-0.39541176 -0.75303572 -0.40287942 210 210 210
0.26066533 0.46294042 -1.0424783 210 210 210
-0.18649901 -0.59476244 -0.36234605 210 210 210
0.26054209 -0.41665405 -0.42550713 210 210 210
0.43102875 -1.4801345 0.34257373 210 210 210
0.77778012 -0.770657 -1.0369792 210 210 210
0.15582687 0.036595948 -0.27183387 210 210 210
0.032720067 -0.33414274 -1.0556736 210 210 210
-0.015111858 -0.42823038 -1.1176645 210 210 210
0.28119186 -0.45628911 -0.43899664 210 210 210
-0.14927553 -0.13680606 -0.77554983 210 210 210
0.86636716 -0.76636964 -0.60142952 210 210 210
0.89336079 -0.66780329 -0.56991559 210 210 210
-0.22232196 -0.33595207 -1.0156015 210 210 210
-0.50397766 -0.98018211 -0.85751653 210 210 210
-0.063564777 -0.37692177 -1.1904057 210 210 210
0.39846194 -0.6475684 -0.77761048 210 210 210
0.2541703 -0.41978821 -0.86172378 210 210 210
0.26761732 -0.45080638 -0.43521863 210 210 210
0.23325634 -0.45412347 -0.44376329 210 210 210
-0.25188574 -0.84640199 -0.75294703 210 210 210
0.21251708 -0.28438929 -0.58439076 210 210 210
0.2438623 -0.33079156 -0.71011937 210 210 210
0.25427276 -0.41135076 -0.41655329 210 210 210
-0.16166943 -0.36032912 -0.56765288 210 210 210
0.57918251 -1.349624 0.71570593 210 210 210
0.87646288 -0.66031224 -0.7802794 210 210 210
-0.07899905 -0.31539151 -1.2122344 210 210 210
-0.33393636 -0.73495048 -0.40995196 210 210 210
0.91938889 -0.48685303 -0.59649938 210 210 210
0.040603023 -0.84260547 -0.89518315 210 210 210
-0.037480496 -0.6660946 -0.77105528 210 210 210
0.90159988 -0.54267627 -1.1710842 210 210 210
-0.28975108 -0.89834082 -0.94213492 210 210 210
-0.13330151 -0.34895658 -1.3780121 210 210 210
-0.14943244 -0.4401769 -0.46008363 210 210 210
0.08139991 -0.42412022 -1.1933341 210 210 210
-0.097127073 -0.54000938 -0.67519957 210 210 210
0.3052206 -1.6448052 0.38832483 210 210 210
-0.50694007 -0.68356252 -1.0199088 210 210 210
-0.16910875 -0.56682426 -0.42467359 210 210 210
-0.12090285 -0.40706861 -0.5010162 210 210 210
-0.049499772 0.024874931 -0.79303271 210 210 210
0.2494605 -0.068430886 -0.25406134 210 210 210
0.04260334 -0.24204955 -0.71740437 210 210 210
0.25838643 0.45546088 -1.0147793 210 210 210
0.028802305 -0.31796241 -0.58248657 210 210 210
-0.092854194 -0.45311132 -1.2284762 210 210 210
0.093645632 -0.39976922 -0.56509626 210 210 210
0.012497948 -1.2803762 0.17522416 210 210 210
0.44092107 -1.1090215 -0.87847024 210 210 210
-0.19375938 -0.55730033 -0.45276353 210 210 210
-0.67006034 -0.4115248 -0.16995272 210 210 210
-0.064108238 -0.34534529 -1.2287806 210 210 210
-0.17588976 -0.74236614 -0.70548356 210 210 210
-0.23040101 -0.59592885 -0.38771394 210 210 210
-0.6403212 -0.38839921 -0.16997917 210 210 210
-0.01834714 -0.23368576 -1.1800076 210 210 210
0.18711434 -0.29724181 -0.61884171 210 210 210
0.22033273 -0.43814898 -0.38780403 210 210 210
-0.056703657 -0.35338715 -1.0182383 210 210 210
0.098221034 -0.31986713 -0.67066824 210 210 210
0.23409869 -0.43414035 -0.42158219 210 210 210
0.80653024 -0.5630095 -1.1638751 210 210 210
0.81673646 -0.55737442 -1.14459 210 210 210
0.33837822 -0.41005525 -0.43307778 210 210 210
-0.039521642 0.025761791 -0.79310876 210 210 210
-0.23677798 -0.39846772 -1.0899277 210 210 210
-0.34721214 -0.83672553 -0.93279696 210 210 210
0.75299978 -1.1246803 -0.15273952 210 210 210
0.26359785 0.30729261 -0.98146516 210 210 210
0.2544944 0.44746724 -1.0077618 210 210 210
0.27887881 -0.4103016 -0.42270088 210 210 210
-0.1149995 -0.3153019 -1.3087792 210 210 210
-0.05574625 -0.12530452 -0.72765058 210 210 210
0.04328417 -0.33860147 -1.045305 210 210 210
-0.036324009 0.026296522 -0.79734355 210 210 210
-0.2074365 -0.53839415 -1.2822444 210 210 210
0.73364139 -0.62254566 -1.0827179 210 210 210
-0.0014015478 -0.10428379 -0.7574513 210 210 210
0.41580719 0.9515385 -1.2834462 210 210 210
0.17645374 -0.49390948 -0.46281153 210 210 210
0.11909476 -0.19316496 -0.66891861 210 210 210
0.042331662 -0.24144538 -0.76271224 210 210 210
-0.11597896 -0.97320002 -0.82717711 210 210 210
-0.47446609 -0.48673639 -1.1064509 210 210 210
0.04630734 -1.0660181 -0.76298052 210 210 210
0.054995768 0.067270547 -0.83957064 210 210 210
0.16295041 -0.41970906 -1.1066903 210 210 210
0.34000748 -1.4521723 -0.59666151 210 210 210
-0.31746367 -0.71959996 -0.64379394 210 210 210
-0.025091788 -0.38087428 -0.47300887 210 210 210
0.15746564 -1.3434079 0.096794501 210 210 210
-0.40839264 -0.35973033 -1.4039204 210 210 210
0.13124709 -0.86041981 -0.67847139 210 210 210
0.22771236 -1.0521703 -0.32015878 210 210 210
-0.21478972 -0.47721887 -0.36669743 210 210 210
0.3420738 -0.39866138 -0.91142863 210 210 210
-0.19776312 -0.41133645 -0.54533118 210 210 210
-0.48375261 -1.0251542 -0.85287762 210 210 210
-0.097839586 0.0024762216 -0.76410401 210 210 210
-0.19350836 -0.37619215 -1.4368683 210 210 210
0.011252 -0.27215296 -0.64301461 210 210 210
0.23374473 -0.12223598 -0.1783414 210 210 210
-0.17891297 -0.43769234 -0.48267028 210 210 210
0.18900377 -0.30838186 -0.96922308 210 210 210
-0.79470885 1.7101274 -0.55161589 210 210 210
-0.20065746 -0.58045632 -0.42557231 210 210 210
-0.51606435 -1.0165884 -0.8635062 210 210 210
0.31867161 0.50812012 -1.0670367 210 210 210
-0.083484903 -1.0824977 -0.94643945 210 210 210
-0.30701694 -0.93656731 -0.84679145 210 210 210
0.079637036 0.07632713 -1.324208 210 210 210
-0.1656968 -0.28963682 -1.3956643 210 210 210
-0.48715088 -1.0285131 -0.86306322 210 210 210
-0.10296717 -0.11723918 -0.78979844 210 210 210
0.14080396 -0.80411279 -0.87620485 210 210 210
-0.038631298 -0.39112568 -0.46539918 210 210 210
-0.16353241 -0.28627345 -1.386958 210 210 210
-0.052606177 -0.30425173 -0.65387547 210 210 210
0.04076967 -0.27523473 -0.66037786 210 210 210
-0.085262515 -0.34625384 -1.2132267 210 210 210
-0.1378182 -0.55271471 -0.4427554 210 210 210
0.06367138 -0.52123362 -1.0714531 210 210 210
0.049744815 -0.3022618 -0.64319712 210 210 210
0.64808929 -0.79042125 -0.67783219 210 210 210
0.80400538 -0.58751547 -1.0864137 210 210 210
-0.039290391 -1.0382609 -0.83216429 210 210 210
0.16325605 -0.32211185 -0.63668174 210 210 210
-0.10355455 -0.27280703 -0.76791978 210 210 210
0.84176302 -1.002282 -0.11253197 210 210 210
-0.040335137 -0.2529811 -1.2346069 210 210 210
0.23469663 0.44192913 -1.0094503 210 210 210
0.30485046 -0.39052764 -1.2138513 210 210 210
0.18510947 -0.47696584 -0.41090915 210 210 210
-0.089365467 -0.36554533 -0.53326041 210 210 210
-0.038019363 -0.25629082 -1.3829335 210 210 210
-0.057125494 -0.37061948 -0.5153867 210 210 210
0.24270189 -0.13918221 -0.18049513 210 210 210
-0.26231208 -0.8752979 -0.85752505 210 210 210
-0.10928929 -0.29848552 -1.4337865 210 210 210
1.6977402 -0.87645936 -0.85630941 210 210 210
-0.0047158515 -0.43532965 -0.62122667 210 210 210
-0.039129656 -0.11738531 -0.7295543 210 210 210
0.12017044 -0.27959043 -0.67817563 210 210 210
-0.080048203 -0.64530176 -1.2425008 210 210 210
0.66273409 -1.0521497 -0.30617037 210 210 210
0.15150806 0.45129779 -1.1203506 210 210 210
0.012841149 0.065320529 -0.85650957 210 210 210
0.066003181 -0.21946619 -0.69416052 210 210 210
0.52848947 -0.39827284 -1.1625679 210 210 210
0.029379806 -0.32076314 -1.3200604 210 210 210
0.046928901 -0.86904275 -0.89741874 210 210 210
0.04531502 -0.22234137 -0.71544194 210 210 210
-0.0087302681 -0.28790548 -0.65214247 210 210 210
0.57438165 0.41873133 -1.0490228 210 210 210
0.27147669 0.45924497 -1.0361749 210 210 210
-0.25807852 -0.60233933 -1.073547 210 210 210
0.087368742 -0.51690131 -0.93927425 210 210 210
-0.11235085 -0.40777367 -1.0946076 210 210 210
-0.011344702 -0.32075891 -0.5968191 210 210 210
-0.16118997 -0.56337303 -0.43475655 210 210 210
0.18338671 -0.22933565 -0.72920191 210 210 210
-0.35404074 -0.64159811 -1.0679446 210 210 210
0.49341625 0.97525132 -1.2458693 210 210 210
-0.0345506 -0.34132954 -1.0928302 210 210 210
-0.0056936988 -0.34160554 -1.2845764 210 210 210
0.23147653 0.44940239 -1.0119814 210 210 210
-0.15403885 -0.1205522 -0.81802338 210 210 210
0.18165635 -0.26644108 -1.0460849 210 210 210
0.29282609 0.46163824 -1.0559483 210 210 210
-0.077487491 -0.24500614 -1.4600545 210 210 210
0.26321718 -0.12859668 -0.17045146 210 210 210
0.24443547 0.44526094 -1.0094515 210 210 210
0.071097508 -0.27682444 -0.66654056 210 210 210
-0.0026346496 -0.0096658906 -1.031263 210 210 210
-0.019209538 -0.25560233 -0.73293418 210 210 210
-0.04606149 -0.11487872 -0.74233818 210 210 210
-0.012578136 0.027722821 -0.79744363 210 210 210
0.29062021 -0.43962011 -0.42196727 210 210 210
0.22664222 0.43822545 -1.0132625 210 210 210
0.29328287 -0.43699783 -0.43921408 210 210 210
0.22532384 -0.11134469 -0.1764552 210 210 210
0.42664719 -1.2309506 1.1877699 210 210 210
0.035341416 0.24887456 -1.0687947 210 210 210
0.95384091 -0.46211654 -0.64451545 210 210 210
-0.11342979 0.035151176 -0.87204981 210 210 210
0.044200446 -0.2289346 -0.79291761 210 210 210
0.29554194 -0.086305745 -0.17219616 210 210 210
0.27126798 0.46215641 -1.046567 210 210 210
0.13044216 -0.53419745 -0.5136047 210 210 210
-0.093152002 -0.27813935 -0.74626219 210 210 210
0.084086522 -0.50273794 -0.48768172 210 210 210
-0.096735328 -0.56667179 -0.78635597 210 210 210
-0.19745283 -0.402044 -1.1613533 210 210 210
0.35974953 -1.0295373 -0.72248071 210 210 210
0.3336429 -0.42279014 -0.44421199 210 210 210
-0.15273078 -0.40039077 -0.49863425 210 210 210
-0.12979318 -0.40776601 -0.4876169 210 210 210
0.15098426 -0.46841565 -1.0377613 210 210 210
0.19995056 -0.4687075 -0.41219521 210 210 210
-0.21213828 -0.44069412 -1.0374442 210 210 210
0.26304206 -0.45037255 -0.43855888 210 210 210
0.11261898 -0.28248048 -0.68862116 210 210 210
0.085542835 -0.50248283 -0.48817825 210 210 210
-0.036410339 -0.21765132 -0.79417896 210 210 210
-0.14066625 -0.53013051 -1.339594 210 210 210
0.08986184 -0.32674727 -0.59196311 210 210 210
-0.016596491 -0.34416801 -0.55487978 210 210 210
-0.15171312 -0.43627417 -0.46922532 210 210 210
0.10612354 -0.49336785 -0.96059388 210 210 210
0.15161985 -0.50227344 -0.44089839 210 210 210
0.071131341 0.11248412 -1.3788996 210 210 210
0.17370291 -0.31694308 -1.3932163 210 210 210
0.11301881 -0.32762527 -0.63195741 210 210 210
0.28651801 -0.094995074 -0.17820178 210 210 210
0.44814909 0.9660697 -1.2418385 210 210 210
0.49386409 -0.63248032 -1.2307545 210 210 210
-0.18467765 -0.55578446 -0.44826111 210 210 210
0.25366753 -0.44784412 -0.42118403 210 210 210
-0.091585308 -0.42144749 -1.2238728 210 210 210
0.11322965 -0.5038088 -0.47580993 210 210 210
-0.039351393 -0.49899414 -1.1808364 210 210 210
0.1951666 -0.31972638 -0.59672922 210 210 210
0.20072807 -0.21450518 -0.66261464 210 210 210
-0.079357505 -0.52009052 -0.42916015 210 210 210
0.25067335 -0.41713285 -0.41549981 210 210 210
0.045976739 -0.27033663 -0.67275387 210 210 210
0.21208203 -0.48967531 -0.46164462 210 210 210
0.31844273 -0.40865493 -0.42902708 210 210 210
0.26285765 -0.11446306 -0.18053764 210 210 210
0.056933112 -0.28360912 -0.6514622 210 210 210
0.076669239 -0.22597621 -0.63245881 210 210 210
-0.49090362 -0.9661687 -0.85397345 210 210 210
0.25881425 -0.4334386 -0.4256494 210 210 210
0.023711151 -0.28437915 -0.65913278 210 210 210
-0.13220049 -0.37310633 -1.0841457 210 210 210
5.7753928e-06 -0.53182787 -0.9897505 210 210 210
-0.04944966 0.015490053 -0.79291993 210 210 210
-0.1877497 -0.39021122 -1.0267763 210 210 210
-0.090925552 -0.42554608 -0.44861469 210 210 210
0.083566353 -0.23503488 -0.64791083 210 210 210
-0.37223598 -0.76592803 -0.98705971 210 210 210
0.29841569 -0.44282418 -0.43336493 210 210 210
0.29778394 -0.42951265 -0.42608574 210 210 210
0.3306157 -0.43824583 -0.45267889 210 210 210
0.30803782 -0.44391423 -0.45895183 210 210 210
0.14017019 -0.22970848 -0.64730936 210 210 210
0.24439098 -0.42738268 -0.41729528 210 210 210
-0.66939878 1.6610317 -0.48199585 210 210 210
-0.10500482 -0.29998353 -1.373718 210 210 210
0.36424774 -0.72660249 -0.96977693 210 210 210
0.16696453 -0.23066829 -0.6508171 210 210 210
0.12022501 -0.21757558 -0.65069234 210 210 210
0.1491538 -0.48688474 -0.43023562 210 210 210
0.22850016 -0.19478367 -0.71486425 210 210 210
-0.0023628278 -0.24732512 -0.72474015 210 210 210
0.25079128 0.43233314 -1.0102057 210 210 210
-0.00018978563 -0.31245339 -1.2964529 210 210 210
0.013707293 -0.33007887 -0.57524949 210 210 210
0.053156573 -0.27669716 -0.68287063 210 210 210
-0.0040672664 -0.32865998 -0.58798248 210 210 210
0.92894852 -0.83904701 -0.56158561 210 210 210
-0.0055500586 -0.1185075 -0.73530364 210 210 210
-0.0058596316 0.038962327 -1.4233651 210 210 210
0.034434985 -0.32970253 -0.58165419 210 210 210
-0.13693325 -0.13025129 -0.78821844 210 210 210
0.2017339 0.41524333 -1.0065497 210 210 210
0.47691476 0.95006484 -1.2062634 210 210 210
0.095565528 -0.2435925 -0.67422748 210 210 210
0.15907916 -0.26296178 -0.7087658 210 210 210
-0.068190813 -0.494165 -0.47153884 210 210 210
0.5566746 -1.1753355 -0.46616945 210 210 210
-0.07545656 -0.14476998 -0.68867624 210 210 210
-0.12449298 -0.15202561 -0.72206771 210 210 210
-0.015457911 -0.27722257 -0.63324761 210 210 210
-0.10052831 -0.42300591 -1.1237404 210 210 210
0.34017053 -0.076721534 -0.16451937 210 210 210
-0.065315939 -0.4709886 -1.3193898 210 210 210
-0.10083906 -0.38409346 -1.2921351 210 210 210
0.007368166 -0.32494235 -0.60204345 210 210 210
0.024344364 -0.28255975 -0.6915884 210 210 210
-0.078582756 -0.31992096 -1.0373647 210 210 210
0.38164353 -1.1579466 -0.42010906 210 210 210
-0.084096223 0.042022482 -0.82103592 210 210 210
-0.049366463 -0.71002787 -0.77097958 210 210 210
-0.11149669 -0.38471448 -1.2338061 210 210 210
-0.099353299 -0.13442457 -0.81042725 210 210 210
0.29468995 -0.42825302 -0.45792797 210 210 210
-0.10100992 0.033840038 -0.86331803 210 210 210
0.053107705 -0.27116781 -0.68086535 210 210 210
0.46316582 0.95158297 -1.2101912 210 210 210
0.68167585 -0.62195438 -1.2163016 210 210 210
0.056915212 -0.46943042 -1.2555242 210 210 210
0.29482898 0.45653692 -1.0378442 210 210 210
-0.052978594 -0.10505188 -0.75003314 210 210 210
-0.040005066 -0.28358844 -0.63979477 210 210 210
-0.010366341 -0.31518108 -0.60436273 210 210 210
-0.14596672 -0.48520774 -1.2595043 210 210 210
-0.15909326 -0.46162251 -1.2351561 210 210 210
0.26930863 0.45678979 -1.0405146 210 210 210
-0.53113526 -0.93008804 -0.83450127 210 210 210
1.9999348e-05 -0.10185537 -0.75881112 210 210 210
-0.0056704832 -0.31490299 -0.61196017 210 210 210
-0.099524401 -0.52711016 -1.1853106 210 210 210
-0.024846001 -0.29603907 -0.64871496 210 210 210
0.80872661 -0.71073455 -0.75756294 210 210 210
-0.11285443 -0.42275098 -0.4624953 210 210 210
-0.0045952215 -0.095171243 -0.77372545 210 210 210
-0.077204183 -0.11455136 -1.325528 210 210 210
-0.060601681 -0.22411023 -0.75382763 210 210 210
0.10771134 -0.51845312 -1.3675833 210 210 210
0.24265465 0.47417235 -1.0458444 210 210 210
0.13022915 -0.21726772 -0.74178225 210 210 210
0.33776575 -0.41546205 -0.40625226 210 210 210
0.21953481 -0.31730306 -1.2717718 210 210 210
0.49523649 0.98617733 -1.2586576 210 210 210
-0.089259058 0.062328704 -0.86065686 210 210 210
-0.15089165 -0.41016096 -0.64354801 210 210 210
-0.025251826 -0.38069203 -0.46337089 210 210 210
0.81150663 -0.71605605 -1.0708928 210 210 210
-0.16126746 -0.94368207 -0.82236814 210 210 210
0.20463732 -0.15851836 -0.17636971 210 210 210
-0.31799144 -0.53292495 0.62700188 210 210 210
0.89231509 -0.74267733 -0.55642909 210 210 210
0.14098658 -0.51249212 -0.47040755 210 210 210
0.24790499 -1.2184913 0.083453298 210 210 210
0.11379916 -0.40804014 -0.59575319 210 210 210
0.96386695 -0.67972559 -0.53686565 210 210 210
0.94962472 -0.50209427 -0.59971058 210 210 210
-0.17393863 -0.83463204 -0.79329228 210 210 210
0.04866131 -1.2081857 0.055825766 210 210 210
0.50788903 -1.0418521 -1.0485253 210 210 210
-0.014416765 -0.2949425 -0.64183992 210 210 210
-0.088954739 -0.29108283 -0.82612795 210 210 210
-0.11223182 -0.0044116583 -0.78866953 210 210 210
0.015950978 -0.43839273 -1.0941229 210 210 210
-0.087486163 -0.45146686 -1.3010234 210 210 210
-0.22263394 -1.0978844 -0.73851186 210 210 210
-0.20389475 -0.58241153 -0.4195641 210 210 210
0.047334641 -0.52240252 -0.45260867 210 210 210
-0.064838976 -0.14750397 -1.4907465 210 210 210
0.25590557 -0.42209509 -0.41797498 210 210 210
0.2816067 -0.24109812 -0.50988346 210 210 210
0.31833923 -0.44363883 -0.43156946 210 210 210
-0.19876789 -0.57748812 -0.42845252 210 210 210
-0.0015830034 -0.27835968 -0.65983391 210 210 210
-0.17780675 -0.58840525 -0.42455983 210 210 210
-0.089705996 -0.18585324 -1.300965 210 210 210
-0.28068772 -0.79782021 -0.89048624 210 210 210
-0.25773603 -0.89730656 -1.0118773 210 210 210
0.01617879 -0.050478522 -1.2346455 210 210 210
-0.25498411 -0.73474193 -0.83519053 210 210 210
-0.001774152 -0.73119849 -0.80622911 210 210 210
0.29877245 -1.0993116 0.0063522803 210 210 210
-0.45831433 -0.85608536 -0.71633232 210 210 210
-0.082396857 -0.41039488 -0.48427925 210 210 210
-0.23390533 -1.0095239 -0.92568368 210 210 210
-0.074268438 -0.15998003 -1.4777187 210 210 210
-0.28571719 -0.83065861 -0.90415263 210 210 210
-0.2385643 -0.7148248 -0.84630466 210 210 210
-0.51850241 -0.9281739 -0.84618759 210 210 210
-0.44433641 -0.92164969 -0.8379693 210 210 210
-0.046163343 -0.60743809 -0.64037746 210 210 210
-0.40707937 -0.95122391 -0.85460675 210 210 210
-0.52655321 -1.0872169 -0.87147498 210 210 210
-0.19186978 -0.40514141 -0.54718357 210 210 210
-0.25059199 -0.71477854 -0.61683416 210 210 210
-0.33049336 -0.92670208 -0.98497391 210 210 210
0.1217138 -0.50869232 -0.4598259 210 210 210
-0.012158799 -0.26382008 -0.65885234 210 210 210
-0.059428461 -0.40397879 -0.48040807 210 210 210
-0.19561906 -0.56289512 -0.43795386 210 210 210
-0.081558608 -0.25964999 -0.73189366 210 210 210
-0.013821341 -0.5281952 -1.2231978 210 210 210
-0.35357505 -0.38171777 0.65408057 210 210 210
-0.075568907 -0.38595623 -0.50932032 210 210 210
0.10608084 -0.53790748 -0.43832612 210 210 210
-0.1067097 -0.55459535 -0.39397517 210 210 210
0.076894298 -0.37365118 -1.1398745 210 210 210
0.17740694 -0.27935183 -1.0740769 210 210 210
0.28983262 -0.41226581 -0.41701153 210 210 210
-0.2092602 -0.39775226 -0.55498654 210 210 210
-0.3161346 -0.73465413 -1.1849461 210 210 210
0.28621069 -0.41865972 -0.42569086 210 210 210
0.25050834 -0.11728346 -0.18127207 210 210 210
-0.11021231 -0.39564919 -0.51371682 210 210 210
-0.23910524 -0.8025136 -0.86576587 210 210 210
0.0095321732 0.012699252 -1.0296853 210 210 210
0.24290869 0.43679571 -1.0081733 210 210 210
-0.4834753 -0.97732723 -0.870619 210 210 210
0.46738744 0.94348013 -1.2059002 210 210 210
-0.2919575 -0.60399306 -0.73602927 210 210 210
-0.084411658 -0.39226791 -0.5040825 210 210 210
-0.13143179 -0.57011384 -0.38346371 210 210 210
-0.15212351 -0.60367405 -0.57281142 210 210 210
0.16437221 -0.43630305 -1.1879642 210 210 210
-0.086551704 -0.23851252 -1.2861756 210 210 210
0.77153349 -0.81226486 -0.64533848 210 210 210
-0.25229374 -0.76855093 -0.87727135 210 210 210
0.023548177 0.2672444 -1.075664 210 210 210
-0.10159118 -0.28693736 -0.73011136 210 210 210
-0.0087729776 -0.29297501 -0.63882184 210 210 210
0.0065440964 0.25558409 -1.0773126 210 210 210
0.19727767 -0.33349508 -1.2307353 210 210 210
-0.29931805 -0.89785546 -1.0014536 210 210 210
-0.076812126 -0.10808706 -0.75377357 210 210 210
-0.0097037721 -0.028787756 -1.0301006 210 210 210
0.12493438 -0.63652694 -0.451713 210 210 210
0.069694914 -0.19688965 -0.74191105 210 210 210
-0.25894526 -0.54514754 -1.3234611 210 210 210
0.47384372 0.95187515 -1.2070944 210 210 210
-0.05507696 -0.38025725 -0.50500762 210 210 210
0.23663336 0.44353697 -1.0097903 210 210 210
0.045877215 -0.6062789 -0.48424536 210 210 210
-0.050351094 -0.29446682 -0.65034878 210 210 210
0.041823234 -0.53745633 -1.1936467 210 210 210
-0.10170813 -0.55254656 -0.39568335 210 210 210
-0.091160953 -0.13260366 -0.740731 210 210 210
-0.32078803 -0.89293253 -0.77487236 210 210 210
0.27928981 0.4475477 -1.0112776 210 210 210
-0.087994084 -0.34718567 -0.53273159 210 210 210
-0.033306129 -0.29116732 -0.6460095 210 210 210
0.16675662 -0.45280471 -1.176509 210 210 210
0.099968791 -0.41351065 -0.54548502 210 210 210
-0.1779025 -0.58930445 -0.3816947 210 210 210
0.12841122 -0.47368622 -1.1452813 210 210 210
-0.11586217 -0.34204569 -1.20603 210 210 210
0.17333406 -0.48779142 -0.41050947 210 210 210
-0.23164274 -0.4708921 -1.2022464 210 210 210
0.22157437 0.43452579 -1.0062096 210 210 210
-0.1305401 -0.39419255 -1.3132342 210 210 210
0.48608622 0.95327061 -1.2063098 210 210 210
0.2878508 -0.10216523 -0.18525165 210 210 210
-0.058828119 -0.72049421 -0.95930439 210 210 210
0.23683226 -0.47484672 -0.4836708 210 210 210
0.21117528 -0.13978681 -0.16024379 210 210 210
-0.18016176 -0.44707909 -0.4352234 210 210 210
0.10791747 -0.51942259 -0.88228118 210 210 210
-0.15220974 -0.60338968 -0.35604316 210 210 210
-0.14493114 -0.3691524 -0.56165719 210 210 210
-0.1247263 -0.7599299 -0.97485048 210 210 210
-0.042359423 -0.37574345 -1.3501316 210 210 210
1.1340592 -1.1624777 0.58104706 210 210 210
0.22456023 -0.42984024 -0.39413294 210 210 210
0.047690891 -0.27770299 -0.65733933 210 210 210
-0.48067662 -0.32788453 -0.18755256 210 210 210
0.24392956 0.44130594 -1.0066881 210 210 210
-0.18398015 -0.53732544 -1.0581356 210 210 210
0.19375484 -0.41679686 -1.2470059 210 210 210
-0.15241224 -0.13174863 -0.80712473 210 210 210
-0.14168036 -0.96609849 -0.84238422 210 210 210
0.096324839 -0.2500104 -0.6707744 210 210 210
-0.19397326 -0.53221327 -0.45387781 210 210 210
0.08008559 -0.23658742 -0.65584803 210 210 210
-0.15117747 -0.750157 -0.83036447 210 210 210
0.17167594 -0.47648296 -0.47966933 210 210 210
-0.29674223 -0.53292781 -1.3082062 210 210 210
0.1478048 -1.4405285 0.17993852 210 210 210
0.20421885 -0.32215491 -1.3102413 210 210 210
0.28129873 -0.097124927 -0.18224199 210 210 210
-0.30594087 -0.74658173 0.069155701 210 210 210
0.21158917 -0.22574903 -0.73394907 210 210 210
0.92004043 -0.76128346 -0.63271308 210 210 210
0.043262661 -0.51628637 -0.42142752 210 210 210
0.23383331 -0.10836269 -0.14443396 210 210 210
0.22432664 -0.53348792 -0.49353531 210 210 210
-0.034905072 -0.12027194 -0.73754835 210 210 210
0.2611427 -0.40616482 -0.40443113 210 210 210
0.82579756 -0.65776151 -1.1128998 210 210 210
-0.28771973 -0.71792054 -0.5870139 210 210 210
-0.0056530274 -0.24717203 -0.72326326 210 210 210
0.13650416 -0.48742536 -0.90204364 210 210 210
-0.26501104 -1.0486215 -0.77494383 210 210 210
0.27854636 -0.39416566 -0.4150984 210 210 210
-0.42879906 -0.7408343 -1.0822598 210 210 210
0.13713522 -0.35424843 -0.60929996 210 210 210
-0.21495423 -0.32333633 -0.96193063 210 210 210
-0.030661719 -0.24378674 -0.74613565 210 210 210
0.042898741 -0.55547398 -0.41751927 210 210 210
0.13822164 -0.26102945 -1.1219201 210 210 210
0.035070669 -0.53565842 -0.87542766 210 210 210
-0.13879392 -0.67543668 -0.92600554 210 210 210
0.84232962 -0.52937269 -1.1447697 210 210 210
0.2879284 -0.099101633 -0.17906834 210 210 210
-0.068675183 -0.41731897 -0.44885296 210 210 210
0.12052694 -0.26672113 -1.1179149 210 210 210
0.2104294 -0.14406057 -0.18572411 210 210 210
-0.049376063 -0.36684528 -0.53484476 210 210 210
0.10234781 -0.49998912 -0.9204632 210 210 210
-0.0094596725 -0.26993516 -0.63734782 210 210 210
0.092243642 -0.48222139 -1.2749791 210 210 210
0.2585704 -0.4399201 -0.44608456 210 210 210
0.071409971 -0.28642559 -1.1268759 210 210 210
0.281048 0.0056107421 -1.143382 210 210 210
0.097629562 -0.23184402 -0.6494655 210 210 210
-0.056275412 -0.41311917 -0.45973682 210 210 210
-0.023566719 -0.34125045 -0.5647406 210 210 210
-0.20913088 -0.46383569 -0.41863084 210 210 210
-0.30439383 -0.65994847 -0.57240969 210 210 210
0.11465438 -0.99996835 0.10318751 210 210 210
-0.092328101 -0.35473469 -0.53403962 210 210 210
0.9747538 -0.51945364 -1.0560807 210 210 210
-0.034577496 -0.35070848 -0.56146878 210 210 210
-0.094525613 -0.46581027 -1.247632 210 210 210
0.10536629 0.30476296 -1.0739763 210 210 210
0.28088936 -0.11132531 -0.17231978 210 210 210
0.27723739 -0.44855565 -0.43815213 210 210 210
0.24722415 -0.45016074 -0.44853583 210 210 210
0.29925963 -0.56543964 -0.81048906 210 210 210
-0.089349329 -0.62838596 -0.69867885 210 210 210
-0.033190031 -0.25105265 -0.62423104 210 210 210
-0.10724107 0.0019902354 -0.78446263 210 210 210
-0.38706869 -0.92992449 -0.85555786 210 210 210
-0.15978304 -0.55021346 -0.40160668 210 210 210
0.074983694 -0.45577478 -1.1632401 210 210 210
-0.146249 -0.058877084 -0.85345489 210 210 210
-0.046743069 -0.33025247 -1.2491601 210 210 210
-0.13054575 -0.37500215 -0.54911 210 210 210
-0.66898721 -0.43005776 -0.15161465 210 210 210
-0.19036511 -0.44939446 -0.43633956 210 210 210
0.78408432 -0.64229077 -1.1803255 210 210 210
0.90487313 -0.74262768 -0.53150219 210 210 210
0.20653144 -0.13957946 -0.21582288 210 210 210
0.22537488 -0.12273506 -0.18569554 210 210 210
0.032649744 -1.2344677 0.19687414 210 210 210
0.28709856 -0.095354818 -0.18285003 210 210 210
0.066291995 0.38294894 -1.2168133 210 210 210
-0.29373327 -0.46304122 -1.0107265 210 210 210
0.030565558 -0.27999899 -0.6568746 210 210 210
-0.26247686 -0.59195429 -0.41263926 210 210 210
0.11113346 -0.47253358 -1.1201277 210 210 210
0.27931982 -0.40847331 -0.42142385 210 210 210
0.042460233 -0.27143231 -0.66835356 210 210 210
0.054911707 -0.38916481 -1.3204901 210 210 210
-0.065810293 -0.13238865 -0.74763644 210 210 210
0.21811692 -0.47019976 -0.44524559 210 210 210
0.055025879 -0.272113 -0.67550719 210 210 210
0.20440987 -0.22235255 -0.65988421 210 210 210
0.24864019 -0.10064457 -0.22199163 210 210 210
-0.16666146 -0.56760454 -0.42128798 210 210 210
-1.2382209 1.015916 -0.69899166 210 210 210
0.23070554 -0.47089785 -0.4357906 210 210 210
0.44685239 0.96848351 -1.252017 210 210 210
0.24736568 -0.099516518 -0.15519916 210 210 210
-0.1873316 -0.42523614 -0.51449239 210 210 210
-0.01187118 -0.29627144 -1.2898333 210 210 210
-0.034087997 0.047631629 -0.80169004 210 210 210
-0.13817033 -0.85856861 -0.63007146 210 210 210
0.73391384 -1.7508652 0.80841637 210 210 210
0.1319961 -0.43457735 -1.178055 210 210 210
-0.18286031 -0.72609979 -0.70073563 210 210 210
0.92921042 -0.83121043 -0.53598279 210 210 210
-0.23314914 -0.33701447 -0.99625736 210 210 210
-0.21452305 -0.82334715 -0.75353914 210 210 210
-0.1140205 -0.29460144 -0.87354356 210 210 210
-0.1906057 -0.45096579 -0.44273874 210 210 210
0.48000482 -0.14694072 -0.083963715 210 210 210
-0.18870421 -0.43078095 -0.50209844 210 210 210
-0.30869466 -0.88685453 -0.89647233 210 210 210
-0.088957503 -0.40997669 -1.296188 210 210 210
-0.28936481 -0.74264729 -0.57611185 210 210 210
-0.15341783 -0.58675092 -0.39601579 210 210 210
-0.30378115 -0.94390625 -0.88920385 210 210 210
-0.17720973 -0.55630362 -0.44993755 210 210 210
-0.27827448 -0.15835455 0.69748032 210 210 210
-0.19092292 -0.59692872 -0.39740711 210 210 210
-0.24357724 -0.89849019 -0.91785806 210 210 210
0.18764549 -0.29263535 -0.72287214 210 210 210
-0.23391546 -0.90752882 -0.87853754 210 210 210
0.076812752 -0.49692819 -1.2575004 210 210 210
0.20652872 -0.47876951 -0.47533044 210 210 210
0.016167017 -0.535016 -1.1459178 210 210 210
-0.11304116 -0.56830609 -0.51627654 210 210 210
-0.49107945 -0.87149554 -0.81681406 210 210 210
-0.16721334 -0.5639658 -0.43644994 210 210 210
-0.030564919 -0.28714848 -0.63755774 210 210 210
0.014903238 -0.25267041 -0.65964097 210 210 210
-0.24649702 -0.50628722 -1.3003613 210 210 210
0.31981474 -0.43142805 -0.42035156 210 210 210
0.15375954 -0.64836437 -0.44597358 210 210 210
0.027024068 -0.27318895 -0.6575079 210 210 210
-0.017098306 -0.24474765 -0.78013074 210 210 210
-0.11931867 -0.54342377 -0.4487085 210 210 210
-0.22219002 -0.45949239 -1.1525559 210 210 210
-0.035389453 -0.36662981 -0.52852434 210 210 210
-0.095997646 -0.37369975 -1.2980949 210 210 210
0.13942853 -0.76706326 -1.0018924 210 210 210
0.10462756 -0.28903037 -1.1827002 210 210 210
0.072229676 -0.25560832 -0.72742784 210 210 210
-0.027101638 -0.12696466 -0.73882765 210 210 210
-0.64459407 -0.44474724 -0.12839897 210 210 210
0.30772543 -0.41370764 -0.42579818 210 210 210
0.1151856 -0.51572865 -0.46192443 210 210 210
0.00227689 -0.26594102 -0.6546607 210 210 210
0.19644611 -0.16812229 -0.19520082 210 210 210
0.20883857 -0.45202518 -0.4144671 210 210 210
0.13296036 -0.37353379 -1.3456436 210 210 210
0.17944302 -0.54097569 -0.45100281 210 210 210
0.058534849 -0.24193861 -0.62420458 210 210 210
0.010672045 -0.24975871 -0.65643036 210 210 210
0.019841945 -0.34779373 -0.52142096 210 210 210
0.23960128 -0.42425948 -0.40201369 210 210 210
-0.44671452 -0.51363772 -1.0813532 210 210 210
-0.12613136 -0.52187586 -0.46452889 210 210 210
0.498198 0.95403636 -1.2090151 210 210 210
0.39511067 -0.89542311 -1.021197 210 210 210
0.21851605 -0.4641839 -0.44810435 210 210 210
-0.019396421 -0.13732371 -1.2816132 210 210 210
0.14321756 -0.45381349 -0.93903315 210 210 210
0.19435968 -0.49468276 -0.46830288 210 210 210
-0.53414679 -1.0072901 -0.85389131 210 210 210
0.24926363 0.43527749 -1.0098197 210 210 210
-0.037924699 -0.34578031 -0.56988114 210 210 210
-0.33991849 -0.37207463 -0.1121323 210 210 210
-0.13846204 -0.070761405 -0.86165708 210 210 210
-0.20695476 -0.42247289 -0.53488517 210 210 210
0.0030252209 -0.36878455 -0.99868685 210 210 210
0.0058068954 -0.27886873 -0.65866208 210 210 210
0.18202682 -0.23087913 -0.63503158 210 210 210
0.27913943 -0.090751208 -0.17761673 210 210 210
-0.17103678 -0.41975912 -0.4972384 210 210 210
0.15510154 -0.48198628 -0.91735733 210 210 210
0.01966906 -0.34769261 -0.51191127 210 210 210
0.14748952 0.12114929 -1.063954 210 210 210
-0.17958897 -0.5348869 -0.44809321 210 210 210
0.18059435 -0.50866324 -0.45671204 210 210 210
-0.18709938 -0.57424307 -0.43180838 210 210 210
0.24431095 -0.43617871 -0.4166179 210 210 210
-0.17660576 -0.40884054 -1.4469519 210 210 210
0.12243906 -0.20667367 -0.21375595 210 210 210
-0.085021958 -0.22072107 -1.4418631 210 210 210
0.25481206 -0.12283438 -0.17603675 210 210 210
-0.23767872 -0.47175202 -1.1118271 210 210 210
-0.17070283 -0.56353182 -0.44092745 210 210 210
-0.10267716 -0.42474687 -0.46341875 210 210 210
0.1371014 -0.26685742 -1.1371244 210 210 210
0.053812873 -0.30291483 -0.64836913 210 210 210
0.033255834 -0.34947526 -0.51446742 210 210 210
-0.16769138 -0.36588091 -0.56117523 210 210 210
0.16053888 0.37044343 -0.99765468 210 210 210
-0.13741851 -0.521734 -1.3287157 210 210 210
-0.045162752 -0.32544312 -1.4114662 210 210 210
-0.14404304 -0.38061109 -0.54606515 210 210 210
0.016531397 -0.26402357 -0.65973514 210 210 210
0.20808096 -0.4702239 -0.44182086 210 210 210
0.072512187 -0.5273096 -0.44438058 210 210 210
0.12515102 -0.51560944 -0.39828679 210 210 210
0.022463556 -0.2443153 -0.65074098 210 210 210
0.22646023 -0.47349253 -0.4593299 210 210 210
-0.020180961 -0.37891752 -0.46668777 210 210 210
-0.12267494 -0.14008854 -0.72741497 210 210 210
-0.040127371 -0.53076142 -1.1597238 210 210 210
0.22317685 -0.47261223 -0.46518815 210 210 210
0.042903546 -0.25155994 -0.63987398 210 210 210
0.22027285 0.43218216 -1.0068791 210 210 210
-0.18164162 -0.40300119 -0.53654879 210 210 210
0.26429534 -0.42190772 -0.43549284 210 210 210
0.016796673 -0.25315037 -1.3150285 210 210 210
-0.40681756 -0.89000869 -0.80091655 210 210 210
-0.019835636 -0.12268135 -0.73702705 210 210 210
-0.062417261 -0.17069989 -1.3991841 210 210 210
-0.51686919 -0.96943182 -0.8623417 210 210 210
-0.041785616 -0.41313452 -1.2242852 210 210 210
-0.024370933 -0.11945565 -0.74190778 210 210 210
-0.052634407 -0.11048699 -0.74549752 210 210 210
-0.13906138 -0.60160464 -0.80793858 210 210 210
-0.044603113 -0.24312983 -0.81204295 210 210 210
-0.67218238 -1.2068958 -0.80992812 210 210 210
-0.19491389 -0.66150302 -0.8211745 210 210 210
-0.14240766 -0.59687483 -0.35267049 210 210 210
0.070376083 -0.20599155 -1.1487586 210 210 210
-0.18235128 -0.84466755 -0.90890485 210 210 210
0.81304258 -0.57998359 -1.1622993 210 210 210
0.00297041 0.35033369 -1.2309738 210 210 210
-0.36902183 -1.0292741 -0.82900685 210 210 210
-0.084990382 -0.29890504 -1.4690088 210 210 210
-0.11595729 -1.0324789 -0.90554529 210 210 210
-0.16802369 -0.30299661 -1.265838 210 210 210
0.46556121 -0.40885499 -0.85186785 210 210 210
0.65362626 -0.64993244 -1.1561797 210 210 210
0.030996392 0.26686263 -1.2031568 210 210 210
0.25008097 -0.54840851 -0.54582065 210 210 210
-0.20684458 -0.42023054 -0.53525102 210 210 210
-0.11966302 -0.31622252 -1.1495025 210 210 210
-0.16259535 -0.57654685 -0.38437554 210 210 210
-0.31758049 -0.79649442 -0.65591639 210 210 210
-0.52102745 -0.95450872 -0.83902591 210 210 210
-0.41787431 -0.940705 -0.84406 210 210 210
-0.11667218 -0.41819954 -0.46658495 210 210 210
-0.19059974 -0.57965577 -0.4245984 210 210 210
-0.7311042 -1.3102384 -0.81475484 210 210 210
0.89965814 -0.28617334 -1.1914552 210 210 210
0.052078653 -0.17463575 -1.6194766 210 210 210
-0.094221018 -0.41407341 -0.47632581 210 210 210
0.044490371 0.11961216 -1.3426235 210 210 210
-0.66543573 -1.2440211 -0.82867765 210 210 210
-0.52198249 -1.1425896 -0.86583912 210 210 210
-0.30109772 -0.8371678 -0.69500166 210 210 210
-0.036962651 0.23615187 -1.2165731 210 210 210
-0.19235136 -0.58148718 -0.4296675 210 210 210
0.094163693 -0.20587616 -0.73160291 210 210 210
-0.45622501 -1.0303379 -0.90435672 210 210 210
-0.24705389 -0.97397488 -0.8823936 210 210 210
-0.450398 -1.0043069 -0.85167885 210 210 210
-0.11514599 -0.41171262 -0.48490521 210 210 210
-0.16114523 -0.57216245 -0.40873739 210 210 210
0.067946747 -0.40870506 -1.1856141 210 210 210
-0.054983988 -0.33654425 -1.4436113 210 210 210
-0.22126141 -0.41235381 -0.54202044 210 210 210
0.75762814 -0.80760604 -1.1073787 210 210 210
-0.16317542 -0.56737268 -0.41065836 210 210 210
0.072202519 -0.22636397 -0.8014341 210 210 210
0.070967272 0.14009203 -1.3998274 210 210 210
-0.029529279 -0.21424824 -1.2221023 210 210 210
-0.46815634 0.21940863 -0.19897456 210 210 210
-0.20336746 -0.91583657 -0.97868657 210 210 210
-0.017607782 -0.57122606 -0.43023682 210 210 210
1.7395742 1.7620271 -0.3586491 210 210 210
0.022349546 0.10168063 -0.84646749 210 210 210
0.50996435 -0.46534088 -1.2669939 210 210 210
-0.18181966 -0.098133706 -0.84635723 210 210 210
0.2581093 0.46804026 -1.0481319 210 210 210
-0.42717877 -0.74074924 0.54138267 210 210 210
-0.20657206 -0.4098087 -0.54870909 210 210 210
-0.11220973 -0.5662325 -0.3822858 210 210 210
0.21606165 -0.17849007 -0.71375895 210 210 210
-0.39874503 -0.74323857 -0.44598779 210 210 210
-0.11743385 -0.40491343 -0.49162531 210 210 210
0.016066838 -0.25848734 -1.1766129 210 210 210
-0.078179255 -0.5798341 -0.53290957 210 210 210
0.15309358 0.29739577 -1.1841036 210 210 210
0.095147714 -0.4645479 -1.2582775 210 210 210
-0.24127819 -0.84802759 -0.90519351 210 210 210
0.21360183 -0.46485674 -0.82434136 210 210 210
-0.51759535 -0.76159358 -0.34607506 210 210 210
-0.077706985 -0.20095079 -1.3637412 210 210 210
-0.17314237 -0.56271803 -0.42568141 210 210 210
0.0046853009 -0.18840216 -0.77707446 210 210 210
0.77411312 -0.56851006 -1.151445 210 210 210
-0.5987013 -0.74163687 -0.3211177 210 210 210
0.11479513 0.13444501 -1.2919794 210 210 210
-0.52082622 -0.92684352 -0.83061373 210 210 210
-0.067821071 -0.40436932 -0.4824841 210 210 210
0.16387601 -0.54542899 -0.7060172 210 210 210
-0.25056988 -0.85769928 -0.71480036 210 210 210
-0.037444998 -0.26389945 -1.3925786 210 210 210
0.15723537 -0.40402693 -1.1199623 210 210 210
0.14739101 -0.48958123 -1.3551642 210 210 210
-0.08568193 -0.39868024 -0.49719292 210 210 210
0.026235685 -0.53626513 -0.43456987 210 210 210
0.02584176 -0.28747216 -1.2153339 210 210 210
-0.085662924 -0.21372317 -1.4191234 210 210 210
-0.58490366 -1.1253963 -0.85678941 210 210 210
0.45910275 -0.29551306 -0.17695789 210 210 210
-0.5689764 -0.74724871 -0.33645073 210 210 210
-0.51433116 -0.93597263 -0.84009248 210 210 210
0.09839718 -0.31530744 -1.324731 210 210 210
-1.1471442 1.2557216 -0.74418521 210 210 210
0.19378527 -0.64606178 -1.0871283 210 210 210
-0.12204625 -0.39791152 -0.50431639 210 210 210
-0.093321964 -0.39897308 -0.50267619 210 210 210
-0.17786767 -0.55811769 -0.43326527 210 210 210
-0.055567071 -0.27570337 -1.4242624 210 210 210
0.21414082 -0.21320227 -0.71339363 210 210 210
-0.2423023 -0.83891332 -0.69657409 210 210 210
-0.50124985 -0.75338155 -0.82790357 210 210 210
-0.45969561 -0.74717313 -0.48148775 210 210 210
0.79161543 -0.59108222 -1.1574436 210 210 210
-0.4227438 -0.82095701 -0.67078334 210 210 210
0.76134253 -0.57152343 -1.2455547 210 210 210
0.16135544 0.24547864 -1.3651773 210 210 210
-0.18461858 -0.40114519 -0.54198086 210 210 210
-0.016933342 -0.56218511 -0.47980595 210 210 210
0.097375914 -0.18366857 -0.71233326 210 210 210
0.007561252 0.29454255 -1.1900338 210 210 210
-0.49861646 -0.96891117 -0.86334181 210 210 210
-0.12998809 -0.10277895 -0.86352259 210 210 210
0.051916547 -0.5476861 -1.1711726 210 210 210
-0.17738511 -0.56705695 -0.42562482 210 210 210
-0.049488861 -0.01896441 -1.414362 210 210 210
-0.13602835 -0.5609805 -0.37294814 210 210 210
-0.46680731 -0.74964803 -0.33997455 210 210 210
0.7817992 -0.47882712 -1.1650462 210 210 210
-0.17321403 -1.0263371 -0.89166605 210 210 210
0.024400977 -0.22168557 -0.79438663 210 210 210
-0.46723306 -0.93373615 -0.83126825 210 210 210
0.16890442 0.079339765 -1.3013626 210 210 210
-0.50362569 -0.98205924 -0.86649674 210 210 210
-0.41539678 -0.81410784 -0.70564371 210 210 210
-0.51998079 -0.89826524 -0.8049047 210 210 210
-0.058705695 -0.12736998 -1.4326001 210 210 210
-0.062615514 -0.15220262 -1.4273925 210 210 210
-0.98436785 1.2332155 -0.77293718 210 210 210
0.062831692 -0.45476183 -1.2606673 210 210 210
-0.062330723 -0.19245906 -1.4217898 210 210 210
-0.04891099 -0.39438924 -1.5281402 210 210 210
-0.50491005 -0.85089296 -0.76790351 210 210 210
0.14550976 -0.28172264 -0.67453647 210 210 210
-0.2835688 -0.82827574 -0.68943936 210 210 210
0.23196931 -0.2459458 -0.76042944 210 210 210
-0.069430433 -0.40561378 -1.3091962 210 210 210
0.70629048 -0.99281156 -0.83399665 210 210 210
0.78021532 -0.5465554 -1.1629063 210 210 210
-0.037528928 -0.22835986 -1.5461621 210 210 210
-0.062774122 -0.40609637 -1.2918231 210 210 210
-0.048784245 -0.047924213 -1.4352928 210 210 210
-0.46521008 -0.95468575 -0.86257374 210 210 210
0.19210881 -0.30496132 -1.0575057 210 210 210
-0.049875885 -0.3901262 -0.48187968 210 210 210
-0.48732165 -0.95811832 -0.85861599 210 210 210
0.20162608 -0.42221826 -1.0195857 210 210 210
-0.042785015 -0.40474606 -1.3011484 210 210 210
-0.20092496 -0.42739797 -0.51560855 210 210 210
-0.31813928 -0.91062605 -0.81768 210 210 210
0.043630749 -0.21369369 -0.80426705 210 210 210
0.33247316 0.53348345 -1.2268841 210 210 210
-0.15566948 -0.9309026 -0.98761606 210 210 210
-0.17289352 -0.39434674 -0.53361732 210 210 210
0.90168661 -0.2922551 -1.1834676 210 210 210
-0.51001471 -0.9811461 -0.85952938 210 210 210
0.032156546 -0.25777885 -0.64866602 210 210 210
-0.079668403 -0.4433738 -1.2989693 210 210 210
0.042010713 -0.18406525 -1.2363703 210 210 210
-0.22447383 -0.55359942 -0.52174497 210 210 210
0.12001581 -0.4988693 -1.3638825 210 210 210
0.13214888 0.21413137 -1.3018156 210 210 210
-0.37786868 -0.73226142 -0.40196458 210 210 210
-0.5323624 -0.92441714 -0.84593451 210 210 210
0.34494737 -0.63952512 -0.77791852 210 210 210
-0.13484995 -0.51599765 -1.169416 210 210 210
0.3027229 0.013308111 -1.1033399 210 210 210
-0.11715011 -0.48903331 -1.2619965 210 210 210
-0.51220429 -0.9443202 -0.86541849 210 210 210
0.18806201 -0.47537765 -0.40485537 210 210 210
-0.47643042 -0.96252203 -0.85161346 210 210 210
0.23393823 -0.43802324 -0.37331676 210 210 210
-0.037694439 -0.26937097 -1.5067247 210 210 210
-0.06425193 -0.37019795 -1.375308 210 210 210
-0.17992103 -0.55604559 -1.2137767 210 210 210
-0.039804693 0.067358933 -0.82810092 210 210 210
0.061805837 0.05767899 -0.8174156 210 210 210
0.042476255 -0.22633681 -0.80548865 210 210 210
0.84320337 -0.55676252 -1.1071336 210 210 210
0.0097674914 -0.29815155 -0.73435724 210 210 210
0.62842858 -1.232406 0.09285479 210 210 210
0.0074443389 -0.54590595 -0.46287671 210 210 210
-0.040242556 -0.34120938 -1.292316 210 210 210
0.34031788 -0.4975073 -1.0039444 210 210 210
0.41337061 0.85130233 -1.1822591 210 210 210
-0.14498417 -0.064403377 -0.85621041 210 210 210
-0.021986794 -0.54221523 -0.46474841 210 210 210
0.35053432 -0.5677495 0.23652397 210 210 210
0.64880735 -0.67481947 -0.9247722 210 210 210
0.54280913 -0.82898486 -1.0087885 210 210 210
-0.056320392 -0.30824 -0.65497559 210 210 210
-0.076880366 -0.12862353 -1.4766777 210 210 210
0.020956531 -0.55210578 -1.069201 210 210 210
-0.042672023 -0.38352025 -0.48397902 210 210 210
0.31899187 0.52120739 -1.3269874 210 210 210
-0.10003718 -0.84646457 -0.94244868 210 210 210
-0.13800305 -0.78208816 -0.90919387 210 210 210
0.12957215 -1.1903963 -0.1312575 210 210 210
0.62980855 -0.75167954 -1.1262783 210 210 210
0.11591812 -0.35787714 -1.2169889 210 210 210
-0.085762747 -0.34184408 -1.4389565 210 210 210
-0.37352583 -0.90321147 -0.82444441 210 210 210
-0.17246968 -0.56551927 -0.44335002 210 210 210
0.061219957 -0.50304401 -0.61249924 210 210 210
-0.13231505 -0.46091422 -1.2633035 210 210 210
0.12911572 -0.17336081 -0.76465845 210 210 210
-0.18369263 -0.56618208 -0.45231891 210 210 210
-0.032563217 -0.28634414 -0.63974816 210 210 210
-0.073280096 -0.24764405 -1.1324555 210 210 210
0.800183 -0.63228774 -1.1036451 210 210 210
0.041625902 -0.23372826 -0.81918347 210 210 210
0.022680035 0.24790858 -1.068247 210 210 210
0.23109971 -0.19982007 -0.69376147 210 210 210
-0.021071721 -0.29996699 -0.64079607 210 210 210
0.037307095 -0.21341102 -0.80998117 210 210 210
-0.073443264 -0.24032255 -0.73889834 210 210 210
-0.0004657961 -0.54275686 -0.46379516 210 210 210
-0.048688427 -0.3011286 -0.65073204 210 210 210
0.051693033 0.35391086 -1.2228628 210 210 210
-0.18992203 -0.56185263 -0.45290145 210 210 210
-0.033083491 -0.28946808 -0.64050961 210 210 210
-0.26421323 -0.49108747 -1.100906 210 210 210
-0.083890073 -0.22121561 -1.2857189 210 210 210
-0.17351723 -0.56174952 -0.4444803 210 210 210
0.16645193 -0.23666629 -0.72976875 210 210 210
0.034663465 -0.46745485 -1.3734978 210 210 210
-0.42146292 -0.74515021 -0.95557243 210 210 210
0.046172347 0.15257359 -1.0321847 210 210 210
-0.18942425 -0.56111985 -0.45331186 210 210 210
-0.051331483 -0.49369177 -0.41798568 210 210 210
0.22694916 0.10563466 -1.2256577 210 210 210
-0.10587043 -0.46354961 -1.2035211 210 210 210
0.069922954 -0.50008124 -0.6223979 210 210 210
-0.13948509 -0.72106928 -0.90084261 210 210 210
0.19669092 -0.43380684 -1.1944221 210 210 210
-0.020466752 -0.37029293 -1.2871993 210 210 210
0.18603966 -0.21502438 -0.73657179 210 210 210
-0.017217077 -0.098311819 -1.2429782 210 210 210
0.049229298 -0.50435901 -1.2132844 210 210 210
-0.033156455 -0.36644769 -0.51639313 210 210 210
0.16283454 -0.27260366 -0.66841042 210 210 210
0.31210482 -0.039357256 -0.20121202 210 210 210
0.051616341 -0.50708818 -0.51502168 210 210 210
0.042005181 0.075668491 -0.85273713 210 210 210
-0.025546903 -0.28694716 -0.64083374 210 210 210
-0.059746183 -0.12411667 -1.46218 210 210 210
-0.17547333 -0.55091804 -0.44735858 210 210 210
-0.053147189 -0.2897605 -0.64684045 210 210 210
-0.12258508 -0.40113443 -1.2448503 210 210 210
0.057416294 -0.53891611 -0.44836098 210 210 210
0.048879348 -0.51287538 -1.2152025 210 210 210
0.15628426 -0.50333589 -0.4172833 210 210 210
0.01865989 -0.51007277 -0.51840258 210 210 210
-0.012135979 -0.56512898 -0.50720465 210 210 210
0.85763651 -1.8428916 0.86820519 210 210 210
-0.034100417 -0.27928662 -0.63833922 210 210 210
0.052480053 -0.33389828 -1.0723969 210 210 210
-0.037547406 -0.28018394 -0.64171177 210 210 210
-0.28328991 -0.84025401 -1.1854109 210 210 210
-0.23152365 -0.55004382 -0.52230674 210 210 210
-0.015117653 -0.36211333 -0.519436 210 210 210
-0.23747654 -0.38435638 -0.62614286 210 210 210
0.042709198 -0.19068955 -1.4697015 210 210 210
0.37874731 -1.4024715 -0.61763453 210 210 210
-0.038548727 -0.28323808 -0.64403683 210 210 210
0.13262105 -0.33588946 -0.58938736 210 210 210
0.15780072 -0.3271229 -0.9878056 210 210 210
0.094050378 -0.39947212 -1.397827 210 210 210
-0.17232652 -0.55680764 -0.4473983 210 210 210
-0.35165176 -0.71968073 -1.1373668 210 210 210
0.014578389 -0.18458351 -0.77831489 210 210 210
0.17976983 -0.47400421 -0.39033508 210 210 210
-0.077274874 -0.40342581 -1.3516377 210 210 210
-0.017757256 -0.28212997 -0.63535142 210 210 210
0.14740263 -0.51268703 -0.42654973 210 210 210
-0.094077952 -0.27588499 -0.73774856 210 210 210
-0.0081813494 -0.28059912 -0.62967753 210 210 210
0.0016432924 -0.29800999 -1.2734302 210 210 210
-0.21238492 -0.44845048 -1.1932361 210 210 210
-0.22526599 -0.51309651 -1.2714691 210 210 210
-0.042783268 -0.32456148 -1.2394819 210 210 210
-0.17497428 -0.54924315 -0.44594812 210 210 210
-0.11429437 -0.54596102 -0.4155933 210 210 210
-0.14825295 -0.978854 -0.87159622 210 210 210
0.039224941 -0.53040308 -0.45605993 210 210 210
0.083383575 0.027738219 -1.3269778 210 210 210
-0.034566753 -0.27607059 -0.63949901 210 210 210
0.086561181 -0.52594268 -0.44092399 210 210 210
0.060714509 -0.53969729 -0.94269222 210 210 210
0.62155163 -0.85771495 -1.1001574 210 210 210
-0.02232147 -0.27249366 -0.63496423 210 210 210
-0.17240483 -0.36599505 -1.3981695 210 210 210
-0.023052601 -0.2869159 -0.63669264 210 210 210
0.37886739 0.47358373 -1.0668612 210 210 210
0.24275987 0.34572351 -1.1549462 210 210 210
0.10796583 -0.52400351 -0.44220492 210 210 210
0.36354023 0.49150923 -1.0632313 210 210 210
-0.014820253 -0.26785362 -0.62762809 210 210 210
0.15099064 -0.36162528 -1.2517847 210 210 210
0.1427298 -0.37021953 -0.75175995 210 210 210
0.32201248 0.40965658 -1.4072448 210 210 210
0.07697504 -0.52416319 -0.44656399 210 210 210
-0.02782963 -0.37840277 -1.414145 210 210 210
-0.071471237 -0.33775964 -1.2331698 210 210 210
-0.01196267 -0.2905277 -0.6346792 210 210 210
0.14228208 -0.20692348 -0.73988605 210 210 210
0.026610995 0.3648392 -1.224535 210 210 210
0.74011427 -0.61929613 -1.1586912 210 210 210
0.83496302 -0.61370444 -1.1467272 210 210 210
-0.049346153 -0.053396244 -1.3989348 210 210 210
0.30504164 0.42956179 -1.1483023 210 210 210
2.1203458 1.2010037 1.2624962 210 210 210
-0.24423335 -0.49841872 -1.1780596 210 210 210
0.096036658 -0.31452736 -1.2844341 210 210 210
-0.037603378 -0.21286257 -0.79085761 210 210 210
-0.15312032 -0.39642218 -1.2456243 210 210 210
0.10143999 -0.26747227 -1.3238289 210 210 210
0.15993932 -0.67541456 -0.85063028 210 210 210
-1.232306 -1.3461325 -0.83099473 210 210 210
0.36740255 -0.44493166 -1.1311252 210 210 210
-0.78224272 1.5324218 -0.62963235 210 210 210
0.78015435 -0.51745993 -1.1345233 210 210 210
0.10553251 -0.24988483 -0.69145876 210 210 210
-0.52062684 0.16645482 -0.21462885 210 210 210
-0.086262032 -0.36674592 -0.52946573 210 210 210
-0.6498518 -0.45333672 -0.12495744 210 210 210
-0.096236423 -0.30461392 -1.3995203 210 210 210
-0.0096534351 -0.20682338 -0.78480518 210 210 210
0.11824273 -0.51490575 -0.45148656 210 210 210
-0.65738356 -0.45820251 -0.12353311 210 210 210
-0.2070121 -0.30870721 -1.0451308 210 210 210
-0.24387288 -0.46315253 -1.067178 210 210 210
0.1270196 0.21488598 -1.3743471 210 210 210
-0.18455014 -0.54451632 -0.45263118 210 210 210
-0.11713062 -0.32981846 -1.4022979 210 210 210
-0.01726551 -0.28000155 -0.65359056 210 210 210
0.25203118 -0.57542449 -1.2685229 210 210 210
-0.10461859 -0.34564641 -0.94337255 210 210 210
-0.029181099 -0.4513441 -1.4007995 210 210 210
0.023021523 -0.26700804 -0.65283173 210 210 210
-0.1138916 -0.41467196 -0.99935555 210 210 210
0.1039254 -0.32769078 -0.65211278 210 210 210
-0.17468667 -0.35515061 -1.2378221 210 210 210
-0.15977909 -0.54282206 -0.44685116 210 210 210
-0.068617351 -0.29920578 -1.5300287 210 210 210
0.37912339 -0.35993087 -0.36842021 210 210 210
0.01321344 -0.21169461 -0.77324343 210 210 210
0.03489707 0.070907801 -0.84967983 210 210 210
0.25355652 -0.12938531 -0.28803506 210 210 210
0.34871393 0.52239567 -1.0550941 210 210 210
0.23082763 -0.48506439 -0.45532233 210 210 210
-0.039316993 -0.26608178 -1.4986727 210 210 210
0.29182109 -1.4060664 0.27100351 210 210 210
0.06102391 -0.30360693 -1.3472838 210 210 210
-1.2630745 2.5711873 1.2798402 210 210 210
0.21303476 -0.23944646 -0.73027331 210 210 210
-0.0056796498 0.33727473 -1.222824 210 210 210
-0.0093817087 0.043005295 -1.375596 210 210 210
-0.32599884 -0.91457611 -1.0983685 210 210 210
-0.1248053 -0.40043449 -1.2741963 210 210 210
0.030231461 0.26660004 -1.2061894 210 210 210
0.77222228 -0.51206696 -1.14516 210 210 210
0.2141819 -0.49336788 -0.99669397 210 210 210
0.34910321 -0.41316026 -0.81516308 210 210 210
-0.21086928 -0.098740838 -0.82091403 210 210 210
0.079296812 -0.15863994 -1.3090897 210 210 210
-0.00091088651 -0.3672173 -1.4726213 210 210 210
0.82169819 -0.64153212 -1.1029006 210 210 210
-0.39983773 -0.76762986 -0.97807825 210 210 210
0.42141107 -1.6608279 -0.82749951 210 210 210
0.25446588 -0.19801728 -1.3304037 210 210 210
-0.0076418044 0.20842144 -1.2181329 210 210 210
-0.117346 -0.30691227 -1.2660532 210 210 210
-0.60610682 -0.27399614 0.6345349 210 210 210
0.39318851 -0.29173189 -1.2936447 210 210 210
-0.8897258 1.3850138 -0.67017448 210 210 210
-0.051501133 -0.24681754 -0.72453171 210 210 210
0.2760964 -0.58609313 -0.63442498 210 210 210
-0.33341837 -0.76245618 -0.91183984 210 210 210
0.12121614 -0.29313859 -0.7496742 210 210 210
0.049790706 -0.17304686 -0.8383674 210 210 210
0.29913351 0.47753513 -1.0767767 210 210 210
0.8875106 -1.5434475 0.72699136 210 210 210
0.25284582 0.14698543 -1.2835497 210 210 210
-0.24531554 -0.68136239 -0.87071335 210 210 210
0.13196778 -0.48802581 -1.3096821 210 210 210
-0.097821489 -0.30097604 -1.28511 210 210 210
0.36090994 -0.16638643 -0.10919223 210 210 210
-0.39753386 -0.79242909 -0.57238692 210 210 210
-0.31309825 -0.86702746 -0.73287547 210 210 210
-0.26213828 -0.77747655 -0.99783015 210 210 210
-0.11690824 0.24370311 -1.256634 210 210 210
0.032526519 -0.51954621 -1.1436486 210 210 210
1.6693853 1.7328763 -0.44480118 210 210 210
-0.082139403 -0.25592285 -0.7378574 210 210 210
-0.073273547 -0.39220417 -1.5173581 210 210 210
0.75800586 -0.59968436 -1.1746211 210 210 210
-0.021496218 -0.31622428 -1.4816593 210 210 210
0.1729864 -0.17460312 -0.73666388 210 210 210
0.83914804 -0.31916231 -1.1994715 210 210 210
0.31687266 -0.93518889 -1.0527432 210 210 210
0.068493374 -1.3414813 -0.80035055 210 210 210
0.034437865 0.37306616 -1.2265141 210 210 210
0.21725275 -0.22145875 -0.73623651 210 210 210
-0.58242136 -0.064142056 -0.87298709 210 210 210
0.46721411 -1.1151131 -0.51319033 210 210 210
-0.037717965 0.081340425 -0.8439483 210 210 210
-0.038765147 -0.32438132 -1.3741581 210 210 210
-0.069505677 -0.36579224 -1.5016325 210 210 210
-0.037365418 -0.27309933 -1.425005 210 210 210
0.0094976397 -0.21147427 -0.76633221 210 210 210
0.1412608 -0.18775326 -1.1604396 210 210 210
-0.071546972 -0.12888798 -1.2886155 210 210 210
-0.10869476 -0.47110823 -1.4214234 210 210 210
0.2349057 -0.2388286 -0.70111847 210 210 210
0.71490979 -0.94659078 -1.0985396 210 210 210
0.7493571 -0.97328418 -0.27586499 210 210 210
0.77598196 -0.56499767 -1.1586504 210 210 210
0.068280742 -0.22230656 -0.8051272 210 210 210
-0.0058867293 -0.29929215 -0.72608757 210 210 210
-0.063479289 -0.21929413 -1.4401197 210 210 210
0.48329633 -0.20984995 0.044109754 210 210 210
-0.08775495 -0.51063418 -1.1492692 210 210 210
0.15530623 -0.60784197 -0.90499908 210 210 210
-0.0033120255 -1.0768193 -0.96316749 210 210 210
0.35996759 -1.0084378 0.46501154 210 210 210
0.084624484 0.15457712 -1.3544354 210 210 210
-0.041398238 -0.34152994 -1.3965932 210 210 210
0.37288141 -0.25946221 -1.2034547 210 210 210
0.17468865 -0.24275491 -0.74483716 210 210 210
-0.50015914 -0.73883051 -0.92345566 210 210 210
0.23517509 0.43832767 -1.1435204 210 210 210
-0.073249593 -0.14922944 -1.4691904 210 210 210
-0.07462649 -0.21464932 -1.4243696 210 210 210
-0.12793103 -0.053831041 -0.87800777 210 210 210
0.20458782 -0.012347191 -1.4452471 210 210 210
0.046363957 -0.21868216 -0.79429275 210 210 210
0.10249056 0.19243485 -1.3784196 210 210 210
-0.46086907 -0.93508232 -0.8045783 210 210 210
-0.25029653 -0.51383752 -0.40203142 210 210 210
0.0438869 -0.4944354 -1.2712834 210 210 210
-0.081597164 -0.13810816 -1.330632 210 210 210
-0.14656845 -0.59052378 -1.0647906 210 210 210
-0.16565961 -0.34401178 -1.3524961 210 210 210
0.22374155 -0.19822259 -0.70831478 210 210 210
0.18834315 0.079866096 -1.1383089 210 210 210
-0.047055647 -0.22316116 -0.77462047 210 210 210
0.049740847 0.11325707 -1.3609592 210 210 210
0.042834088 -0.20803009 -0.76636213 210 210 210
0.17418842 0.093680404 -0.37073377 210 210 210
0.12856646 -0.2812064 -0.75440222 210 210 210
0.085944563 -0.26949301 -0.80213863 210 210 210
-0.085875221 0.31411883 -1.3086026 210 210 210
0.07785216 0.38664958 -1.2141941 210 210 210
-0.079862252 -0.32740393 -1.4746574 210 210 210
0.91222852 -0.47268987 -1.1551348 210 210 210
0.01088775 -1.0895177 -0.84008551 210 210 210
0.098058105 -0.17469703 -1.189104 210 210 210
-0.018597277 0.010148933 -1.4158667 210 210 210
0.13645324 -0.17629144 -0.72222191 210 210 210
0.15409565 -0.17314412 -0.72071916 210 210 210
-0.04824638 -0.30848208 -1.5112284 210 210 210
-0.10287192 -0.22355035 -1.4284941 210 210 210
-0.037465218 -0.25575998 -0.62766349 210 210 210
0.76314837 -0.54689711 -1.158734 210 210 210
0.055152465 -0.38827151 -1.2442826 210 210 210
0.75573701 -0.53540725 -1.1637218 210 210 210
0.18490449 -1.119259 0.39282897 210 210 210
-0.13260092 -0.30534625 -1.4019599 210 210 210
0.088922001 -0.19783176 -0.72082728 210 210 210
-0.14072479 -0.32282549 -1.247274 210 210 210
0.89154959 -0.67561072 -0.56084669 210 210 210
-0.11801134 -0.36844054 -1.3101758 210 210 210
-0.10695435 -0.56625348 -0.91327351 210 210 210
-0.25434855 -1.0448688 -0.96160442 210 210 210
-0.12241097 -0.12263665 -0.81595987 210 210 210
0.012553543 -0.26318666 -0.77192569 210 210 210
-0.49071151 -0.64723098 -1.2111415 210 210 210
-0.50685936 -1.3177991 -0.8508395 210 210 210
-0.029377853 -0.19212298 -0.78470236 210 210 210
-0.83303267 -0.91039342 0.59752697 210 210 210
0.021761855 0.21665704 -1.1388069 210 210 210
0.15430902 -0.1762284 -0.72977364 210 210 210
0.082266949 -0.32198638 -1.0091646 210 210 210
0.81879967 -0.61524189 -1.1242567 210 210 210
0.043928575 -0.20601168 -0.80225706 210 210 210
-0.22128856 -0.53510332 -0.52839172 210 210 210
-0.041673977 -0.25967005 -0.79903811 210 210 210
-0.074144848 -0.24512549 -0.73423189 210 210 210
0.13623841 0.19228287 -1.2965834 210 210 210
-0.099039949 -0.2059841 -1.3673773 210 210 210
-0.085828602 -0.26012552 -0.7391448 210 210 210
0.10317222 -0.17904039 -0.70741373 210 210 210
-0.082783446 0.2585378 -1.228862 210 210 210
-0.19022241 -0.4212144 -0.53091663 210 210 210
0.11975094 -1.3705899 0.049992893 210 210 210
0.21896447 -0.19966388 -0.70955813 210 210 210
0.00073088048 0.34025642 -1.2104206 210 210 210
0.2597999 -0.44242629 -0.45096847 210 210 210
-0.062551945 -0.20306194 -1.4447427 210 210 210
0.051195443 0.26712576 -1.1927961 210 210 210
0.061526097 -0.70590693 -1.2164525 210 210 210
0.78581595 -0.54166585 -1.1509563 210 210 210
-0.0028658886 -0.2170752 -0.77194446 210 210 210
-0.082621723 -0.36352414 -1.4626075 210 210 210
0.34413043 -1.1754938 -0.64878345 210 210 210
0.0079135764 -0.26670539 -1.3960246 210 210 210
-0.098587789 -0.37778565 -1.443808 210 210 210
-0.32755259 -0.75726992 -0.87265646 210 210 210
-0.40075392 -0.92056936 -1.0379752 210 210 210
-0.082192414 -0.31512183 -1.4319484 210 210 210
0.81656861 -0.50097531 -1.1389683 210 210 210
0.1593267 -0.22563295 -0.75881988 210 210 210
0.22788039 -0.20448804 -0.72208351 210 210 210
-0.033936489 -0.56110662 -0.58484989 210 210 210
-0.62467825 -0.70204931 -0.51530772 210 210 210
0.15643017 -0.40717503 -0.88056123 210 210 210
0.2237913 -0.19173415 -0.70886898 210 210 210
-0.22601989 -0.53559655 -0.53336155 210 210 210
-0.0097729545 -0.25837168 -0.63722724 210 210 210
0.01827717 -0.2114673 -0.77118015 210 210 210
0.051384278 -0.2270629 -0.81709576 210 210 210
-0.018739143 -0.20473307 -0.78225029 210 210 210
-0.15456194 -0.32239369 -1.3073946 210 210 210
-3.7820573e-05 0.36083123 -1.2407666 210 210 210
0.18087135 0.42928579 -1.1721308 210 210 210
0.052901682 0.36388218 -1.2192572 210 210 210
0.026708748 0.048872262 -0.83055347 210 210 210
-0.093001507 -0.34897026 -1.2994987 210 210 210
0.19102584 -0.20962749 -1.6361883 210 210 210
0.56666213 -0.31003195 -1.2353505 210 210 210
0.48935997 -0.90114796 -1.0878545 210 210 210
-0.070001781 -0.42516214 -1.3298292 210 210 210
0.10323863 -0.093807556 -1.282721 210 210 210
-0.20869793 -0.11502106 -0.82771128 210 210 210
0.086526006 -0.046050783 -1.3134512 210 210 210
-0.38001037 -0.93277478 -1.0757643 210 210 210
-0.00082242291 -0.090227209 -1.2832665 210 210 210
0.094497345 -0.31732696 -1.2868317 210 210 210
-0.093130223 -0.9506883 -0.94755828 210 210 210
-0.06249819 -0.2370915 -1.4567482 210 210 210
0.8466022 -0.58542132 -1.1282085 210 210 210
0.20354798 -0.73918009 -0.99197251 210 210 210
-0.018651336 -0.2523506 -0.77925497 210 210 210
0.12670647 -0.51840436 -0.5077287 210 210 210
0.2197246 -0.1824211 -1.5011467 210 210 210
0.21477105 -0.14995617 -0.13290361 210 210 210
0.052589849 0.35409892 -1.215446 210 210 210
-0.030397279 -0.40936211 -1.5072291 210 210 210
-0.49828139 -1.05768 -0.8626579 210 210 210
-0.018648496 -0.22384718 -1.226722 210 210 210
-0.26614118 -0.82629043 -1.2518785 210 210 210
0.051698264 -0.18606256 -0.76870406 210 210 210
-0.27921334 -0.45594031 -1.3114717 210 210 210
-0.24912529 -0.59302008 -0.44341913 210 210 210
0.095469765 -0.20323162 -0.73786283 210 210 210
0.12041263 -0.20566082 -0.74193722 210 210 210
0.3298561 -1.3905035 -0.66088718 210 210 210
0.35820135 0.50762999 -1.0636679 210 210 210
0.078822441 0.072613209 -0.37742108 210 210 210
-0.016120691 -0.2022029 -0.79095632 210 210 210
0.23922308 0.41489187 -1.1054281 210 210 210
0.83456075 -0.5569945 -1.1852511 210 210 210
-0.14625378 -0.06218176 -0.85713345 210 210 210
-0.28482133 -0.61007971 -0.38508755 210 210 210
-0.037502896 -0.43866259 -1.4078101 210 210 210
0.35115445 -1.3312942 -0.030250218 210 210 210
0.31060731 -1.2146623 -0.86184931 210 210 210
0.18368627 -0.34355846 -0.76989609 210 210 210
-0.018204337 -0.88520396 -1.0532254 210 210 210
-0.065969169 -0.19355673 -1.470677 210 210 210
-0.10389251 -0.3139528 -1.3669066 210 210 210
0.22289583 -1.0937966 -1.0503423 210 210 210
0.080077738 -0.36263257 -0.98236924 210 210 210
-0.53870088 -0.22531167 -0.37081727 210 210 210
0.39163995 -0.80798054 -1.1887753 210 210 210
-0.12766352 -0.3743192 -1.3838524 210 210 210
0.45382437 0.98250216 -1.3376248 210 210 210
0.27733988 0.20920528 -1.2787597 210 210 210
-0.18712442 -0.55675113 -1.2498235 210 210 210
-0.069966726 -0.17858998 -1.4565705 210 210 210
0.35510588 0.47869933 -1.3800179 210 210 210
-0.0097862491 -0.34300888 -1.4147388 210 210 210
0.16865827 0.048199695 -0.27459681 210 210 210
-0.010795265 -0.20417944 -0.81490016 210 210 210
-0.44651371 -0.41780794 -1.2168785 210 210 210
-0.15182886 -0.08833804 -0.88023794 210 210 210
-0.1539854 -0.33895558 -1.3831943 210 210 210
-0.64246279 -0.52843195 -1.0308454 210 210 210
-0.19621612 -0.37504244 -1.3518081 210 210 210
-0.21164088 -0.9154492 0.078796573 210 210 210
0.098431826 -0.29974383 -0.78168952 210 210 210
-0.16868269 -0.41424888 -1.2160449 210 210 210
0.081943206 -0.55821127 -0.55925763 210 210 210
-0.18985872 -0.33225936 -1.1159246 210 210 210
0.0048712986 0.042420588 -0.80863547 210 210 210
0.011801817 -0.18968314 -0.76962525 210 210 210
-0.14458606 -0.33194578 -1.3915163 210 210 210
-0.07744658 -0.25801966 -0.73099536 210 210 210
-0.15155303 -0.33100143 -1.1796758 210 210 210
-0.13715521 -0.36189649 -1.3635532 210 210 210
-0.026785584 0.059543945 -0.37556455 210 210 210
-0.17244647 -0.34057373 -1.3114495 210 210 210
-0.37006873 -0.78107834 -0.80323398 210 210 210
-0.050985254 -0.33306292 -1.4048418 210 210 210
0.085485235 0.12434368 -1.2890865 210 210 210
0.0039407206 0.29861239 -1.1940956 210 210 210
-0.024790591 -0.2628184 -0.78817189 210 210 210
-0.3350701 -0.79405576 -1.3035574 210 210 210
-0.056822006 -0.22552815 -1.431209 210 210 210
0.20113511 0.44415963 -1.1724789 210 210 210
0.73274589 -0.55338919 -1.1694006 210 210 210
0.40318805 -1.1062688 -0.26582247 210 210 210
0.10833973 -0.19858122 -1.333827 210 210 210
0.24633643 -0.2770617 -0.57057863 210 210 210
-0.031826958 -0.38666168 -1.4132202 210 210 210
0.40619773 -1.3166643 -0.76022476 210 210 210
0.25667626 -0.47486249 -0.60742366 210 210 210
0.7860862 -0.73322719 -1.0917102 210 210 210
0.22218044 -0.22606683 -0.72905445 210 210 210
-0.044709053 -0.02177031 -1.396835 210 210 210
0.74370474 -0.65640765 -1.1064724 210 210 210
-0.042928759 -0.24142727 -0.81045634 210 210 210
0.37304449 -1.3811923 -0.60749382 210 210 210
-0.11650097 -0.24718224 -1.3833055 210 210 210
0.34625831 -1.1994256 -0.59400147 210 210 210
-0.19565979 -0.33750263 -1.3087673 210 210 210
-0.89467001 1.3279231 -0.7207557 210 210 210
0.0063806381 -0.49038276 -1.1599939 210 210 210
-0.032255817 -0.22573054 -0.81671697 210 210 210
-0.13893352 -0.11312947 -0.81778574 210 210 210
-0.030848404 -0.25783178 -1.383401 210 210 210
0.31195533 -0.38537693 -0.38895595 210 210 210
0.11068454 -0.5082559 -0.47365135 210 210 210
-0.089485735 -0.28419006 -1.4236647 210 210 210
0.062446639 -0.26079929 -0.70009428 210 210 210
-0.025898274 -0.21823521 -0.7926302 210 210 210
-0.013009706 -0.20278366 -0.79107481 210 210 210
0.13745044 -0.23871329 -0.6784969 210 210 210
0.03917408 -0.25096011 -0.79417646 210 210 210
-0.61737895 0.26999912 -0.18260209 210 210 210
0.17348096 -0.90254456 0.43096089 210 210 210
-0.043295044 -0.30584416 -1.4355329 210 210 210
0.080020785 -0.24570623 -0.7908836 210 210 210
0.74760711 -0.54212099 -1.1774503 210 210 210
-0.0903529 -0.2700429 -0.77675217 210 210 210
0.1263698 -0.013834259 -0.20134026 210 210 210
0.12098099 -0.1886566 -0.77813387 210 210 210
0.24956378 -0.54191613 -0.44638371 210 210 210
-0.47943991 -0.4646689 -1.2111917 210 210 210
0.67825061 -0.84986073 -0.98029882 210 210 210
-0.024627669 -0.34465912 -1.4830018 210 210 210
0.21811597 0.44544625 -1.1706307 210 210 210
-0.16739637 -0.41477069 -1.2946419 210 210 210
-0.097660244 -0.2442766 -1.2754204 210 210 210
0.072306626 0.2271097 -1.1757712 210 210 210
-1.0699843 1.2287794 -0.72625625 210 210 210
1.6738685 1.748194 -0.40187356 210 210 210
-0.045958381 -0.22251944 -1.5044336 210 210 210
-0.73705477 -0.445611 -1.2224792 210 210 210
0.69920361 -0.30219635 -1.2451651 210 210 210
-0.018491805 0.081390165 -0.85768765 210 210 210
-0.087906219 -0.41262603 -1.4348211 210 210 210
-0.2128469 -0.11225521 -0.83638126 210 210 210
0.57647026 -1.0679866 -0.91953433 210 210 210
0.63005912 -0.60682529 -1.2041352 210 210 210
0.1351195 -0.80860901 -0.94472492 210 210 210
-0.14840288 -0.26286945 -1.3573365 210 210 210
0.17211746 -0.52997166 -0.49828896 210 210 210
0.19556291 -0.51550746 -0.52894551 210 210 210
0.80034691 -0.52604973 -1.1322935 210 210 210
0.028079489 -0.27640119 -0.74291974 210 210 210
-1.0545113 1.2387675 -0.73983586 210 210 210
-0.014794926 -0.22079097 -0.78891736 210 210 210
0.33809936 0.51305765 -1.0707271 210 210 210
0.13017333 -0.18805568 -1.179378 210 210 210
0.66201866 -0.52162987 -1.246461 210 210 210
-0.30023262 -0.86336559 -1.1154113 210 210 210
-0.097954623 -0.31034446 -1.4268966 210 210 210
0.1680388 -0.24965557 -1.2694706 210 210 210
0.54010361 -0.27768713 -1.2753401 210 210 210
-0.025210662 -0.29625249 -0.73968387 210 210 210
0.65394926 -0.95656306 -0.95116299 210 210 210
-0.12070494 -0.38426548 -1.2703748 210 210 210
0.21836516 -0.47757792 -0.48040599 210 210 210
-0.23985352 -0.43918774 -1.4345481 210 210 210
0.085425101 -0.6652984 -1.2724415 210 210 210
0.082329229 -0.37256694 -1.3430662 210 210 210
-1.0026532 1.2659798 -0.73894715 210 210 210
0.26425356 0.10205662 -1.2886755 210 210 210
0.89746791 -0.3178317 -1.2039793 210 210 210
0.032259803 0.050200973 -0.34177798 210 210 210
0.1198938 -0.26463553 -0.7667653 210 210 210
-0.10075615 0.058262382 -0.9055298 210 210 210
-0.3259891 -0.48170322 -1.358791 210 210 210
0.37594977 -0.3848702 -0.42815474 210 210 210
0.015180996 -0.21082222 -0.77186775 210 210 210
-0.10323545 -0.80352646 -0.875238 210 210 210
0.58269691 -0.91209024 -0.72534716 210 210 210
0.60720426 -0.6418041 -1.1017565 210 210 210
-0.40612379 -0.27446872 -1.3303978 210 210 210
0.099967539 -0.1889962 -1.1758488 210 210 210
0.036919631 -0.30377126 -1.2069643 210 210 210
-1.1794429 -0.28298259 -0.99959302 210 210 210
0.1670465 -0.38307977 -1.2652875 210 210 210
0.11131864 -0.1940546 -0.74871433 210 210 210
0.13854074 -0.5413875 -1.1642284 210 210 210
0.44993648 -0.27826402 -1.2482083 210 210 210
-0.13952011 -0.064906821 -0.86097842 210 210 210
0.033400003 -0.222295 -0.80255121 210 210 210
0.048514418 -0.18283261 -0.76571912 210 210 210
0.021294629 -0.2238477 -0.79677182 210 210 210
0.12045812 -0.15035649 -1.2281637 210 210 210
0.36395845 0.54415518 -1.0663589 210 210 210
0.21927871 0.45210305 -1.1783062 210 210 210
0.29789984 -0.2643047 -1.2556207 210 210 210
-0.10584491 -0.31160483 -1.3819904 210 210 210
-0.25021279 -0.40677682 -0.59445423 210 210 210
0.031337615 -0.33603439 -1.2599274 210 210 210
0.85102773 -0.77970171 -0.99292028 210 210 210
0.086965427 -0.33554834 -1.2335614 210 210 210
0.04226898 0.044116959 -0.36753181 210 210 210
-0.011309753 -0.29543623 -0.73882979 210 210 210
0.026833048 -0.80722499 -1.0478785 210 210 210
0.3034268 -0.50820529 -1.0221725 210 210 210
-0.1350058 -0.2979818 -1.4216355 210 210 210
-0.040668633 -1.075217 -0.89937335 210 210 210
0.11910071 -0.19632983 -0.7508139 210 210 210
-0.076648593 -0.21023355 -1.4240078 210 210 210
0.55519497 -0.84390134 -1.0949886 210 210 210
0.19057283 0.31066951 -1.0910773 210 210 210
-0.015551314 -0.033639226 -1.2670493 210 210 210
-0.075247586 -0.14503132 -1.4418546 210 210 210
0.11887167 -0.2678698 -0.74769568 210 210 210
-0.06458813 -0.4155978 -1.2771128 210 210 210
0.095373236 -0.16899429 -0.71070015 210 210 210
0.5198375 -0.75612015 -1.1844832 210 210 210
0.77164543 -0.53476131 -1.1576244 210 210 210
-0.077519573 -0.1941631 -1.4320397 210 210 210
0.50737882 -0.28046265 -1.2602271 210 210 210
-0.084650233 -0.31561854 -1.429533 210 210 210
-0.10248667 -0.32787883 -1.4317213 210 210 210
0.11280273 -0.19674219 -0.74707031 210 210 210
-0.043021284 -0.22872788 -1.3686911 210 210 210
-0.0097962711 -0.20493056 -0.81386775 210 210 210
0.038770407 -0.21414402 -0.80413026 210 210 210
0.02289186 0.12022953 -0.84321707 210 210 210
0.3850823 0.53126609 -1.1320575 210 210 210
0.83441693 -0.57123637 -1.1473129 210 210 210
-0.14240296 -0.39432979 -1.2428794 210 210 210
0.60077906 -0.61015826 -1.1224521 210 210 210
-0.015098466 -0.2196791 -1.2273611 210 210 210
-0.060310196 -0.27167818 -1.5252885 210 210 210
0.16209544 -0.1941072 -1.0861655 210 210 210
0.42360213 -1.1076357 -0.5644694 210 210 210
0.13385446 -0.16898032 -0.77850884 210 210 210
-0.50625235 -0.97003859 -0.87865841 210 210 210
0.019058213 0.10788116 -0.84840959 210 210 210
-0.029686593 -0.43679127 -1.1424936 210 210 210
-0.0088303704 -0.23790272 -0.77924693 210 210 210
-0.20465484 -0.73757917 -0.91951233 210 210 210
-0.17597249 -0.29263958 -1.2416945 210 210 210
-0.25211325 -0.40081495 -0.60197127 210 210 210
0.13161936 -0.17743702 -0.76135331 210 210 210
-0.45132676 -1.0458333 -0.87561625 210 210 210
0.41592103 -1.252381 -0.021038027 210 210 210
0.025971293 -0.47322512 -1.1892738 210 210 210
0.18721826 -0.48328668 -1.1192989 210 210 210
0.18669231 -0.29398969 -0.60902143 210 210 210
-0.027492955 0.16975537 -1.1586915 210 210 210
0.709346 -0.52013743 -1.1927453 210 210 210
0.17473412 -0.43768018 -1.1692734 210 210 210
-0.24325714 -0.50553721 -0.54362768 210 210 210
0.78056532 -0.56958652 -1.2225639 210 210 210
-0.33441189 -0.46395245 0.96566057 210 210 210
-0.33751819 -0.72780854 -1.1500545 210 210 210
-0.068677954 -0.19771221 -1.3002108 210 210 210
-0.14329866 -0.99680591 -0.92862958 210 210 210
0.62997752 -0.83473903 -0.86368531 210 210 210
-0.12293846 -0.056738287 -0.82982498 210 210 210
0.070187464 -1.3833382 -0.14544205 210 210 210
0.062252179 0.21183129 -1.1783313 210 210 210
-0.020365046 -0.22033817 -1.2461511 210 210 210
-0.15624002 -0.34629783 -1.1552815 210 210 210
0.89838541 -0.49751726 -1.1297913 210 210 210
-0.12389782 -0.25069654 -1.3340744 210 210 210
-0.013980879 -0.23298696 -0.78131998 210 210 210
-0.068607636 -0.17145449 -1.4439131 210 210 210
0.22539665 -0.44685721 -0.66157979 210 210 210
0.096403211 -0.31934166 -0.62029451 210 210 210
0.080541894 -0.21921261 -0.77448469 210 210 210
0.11151896 -0.19802697 -0.73187983 210 210 210
-0.094803438 -0.2438705 -1.4875793 210 210 210
-0.046616066 -0.39949882 -0.62146735 210 210 210
-0.11594474 -0.27259701 -1.0602031 210 210 210
0.11929812 -0.3358019 -0.65103525 210 210 210
0.58430582 1.1060179 -1.2586286 210 210 210
-0.080430411 -0.70039976 -1.1129395 210 210 210
0.16738568 -0.41470775 -1.2057723 210 210 210
0.075321071 -0.37929636 -1.2566694 210 210 210
-0.20873986 -0.35230103 -1.3361427 210 210 210
0.33033895 0.48663381 -1.062655 210 210 210
-0.026980834 -0.31329888 -1.4840044 210 210 210
0.31904164 0.52291703 -1.3292336 210 210 210
0.12858675 -0.13571043 -1.2541981 210 210 210
0.91926306 -0.28318337 -1.1954129 210 210 210
-0.94294244 0.83394122 0.14498535 210 210 210
0.23464958 -0.3730647 -1.2394577 210 210 210
0.020675609 -0.2288633 -0.79011589 210 210 210
0.14337721 -0.19123963 -0.75756478 210 210 210
-0.078504331 0.29637638 -1.2988734 210 210 210
0.17126906 -0.24348176 -0.7505973 210 210 210
-0.32985482 -1.1359912 -0.96865571 210 210 210
0.15758152 0.31562626 -1.3154063 210 210 210
-0.026946714 -0.21485928 -1.2455314 210 210 210
0.20212989 0.43165055 -1.1604669 210 210 210
0.022517718 -0.6376102 -1.2984103 210 210 210
0.13015385 -0.14048924 -1.2389631 210 210 210
-0.13849123 -0.053091541 -0.84572852 210 210 210
-0.038464632 -1.0992531 -0.87615556 210 210 210
0.87376928 -0.60970545 -1.1756623 210 210 210
-0.12036692 -0.32652953 -1.4326787 210 210 210
-0.094882205 -0.33525231 -1.3905435 210 210 210
0.0032638309 -0.18722431 -0.77233911 210 210 210
0.12388226 -0.19080015 -0.76377678 210 210 210
0.77567035 -0.49819884 -1.1546257 210 210 210
0.37893337 -0.20776321 -1.2286775 210 210 210
0.085350484 -0.19477271 -0.74536723 210 210 210
0.33889514 -0.33709329 -1.2150115 210 210 210
-0.013911682 -0.21191724 -0.8196882 210 210 210
-0.14281113 -0.73632312 -1.1481273 210 210 210
0.16732132 -0.2032802 -0.7413615 210 210 210
0.021471757 -0.22356555 -0.80205065 210 210 210
0.23551649 0.25543162 -1.2710084 210 210 210
0.35397068 -0.78150243 -1.1952868 210 210 210
0.10296283 -0.20081383 -0.76239693 210 210 210
-0.14432877 -0.43094176 -1.4280405 210 210 210
0.78476423 -0.46856856 -1.1744576 210 210 210
0.34508187 -1.1407675 -0.67502433 210 210 210
0.72876143 -0.56502831 -1.1746653 210 210 210
-0.10443651 -0.3670502 -1.391449 210 210 210
-0.11308733 -0.25522563 -1.4093679 210 210 210
0.051869284 -0.21636818 -0.80697721 210 210 210
-0.19795126 -0.097252063 -0.80983382 210 210 210
0.27843326 -0.35612643 -0.70036411 210 210 210
-0.21774368 -0.11122961 -0.82937849 210 210 210
0.023124544 -0.73206663 -0.81536198 210 210 210
-0.30118364 -0.4712238 -0.50369757 210 210 210
-0.055673059 -0.27713516 -1.4362956 210 210 210
0.034585238 -0.24609204 -0.80589139 210 210 210
0.37409213 -0.4083848 -1.2444934 210 210 210
-0.0060012252 -0.17166761 -0.7691533 210 210 210
0.29120171 -0.32613724 -0.24688713 210 210 210
0.07880082 -0.14984284 -1.2649134 210 210 210
-0.45659038 -0.91349643 -0.81665999 210 210 210
0.75313568 -0.47382861 -1.2085519 210 210 210
0.045672465 0.065918714 -0.84999096 210 210 210
0.42463639 -0.31750774 -0.22379373 210 210 210
0.29094633 0.45694131 -1.0952146 210 210 210
0.13956158 0.27862236 -1.3346068 210 210 210
-0.020031238 -0.33961746 -1.3557417 210 210 210
0.31717309 -0.30109382 -1.2553821 210 210 210
-0.12485877 -0.25747207 -1.3168712 210 210 210
0.082700692 -0.29989704 -1.2695309 210 210 210
0.023790823 -0.21185906 -0.79401219 210 210 210
-0.049286924 -0.70985413 -0.98434615 210 210 210
0.71937329 -0.84688783 -1.0876182 210 210 210
-0.48132423 -0.58573878 -1.1513693 210 210 210
0.30995241 -0.21540599 -1.2212785 210 210 210
0.080925301 -0.57635027 -0.44656208 210 210 210
-0.064324051 -0.34048548 -1.4462769 210 210 210
0.03740555 -0.21320266 -0.810772 210 210 210
0.39291742 -0.78064853 -1.1744612 210 210 210
-0.98861021 1.2667929 -0.74461865 210 210 210
0.32663652 0.52156377 -1.1765293 210 210 210
-0.22552338 -0.52743328 -0.52928305 210 210 210
0.19854705 -0.014274132 -0.20924594 210 210 210
0.24768497 -0.23010992 -1.2265289 210 210 210
0.14684945 -0.21205902 -1.58015 210 210 210
0.35688207 -1.1175513 -0.63714623 210 210 210
0.14273918 -0.10051952 -1.3370599 210 210 210
0.12273737 -0.16461189 -1.2357497 210 210 210
-0.079497583 -0.24612972 -0.74517226 210 210 210
-0.07930211 -0.24294624 -0.74392396 210 210 210
-0.035512939 -0.37120149 -1.2551453 210 210 210
-0.85334611 1.8332618 -0.45495912 210 210 210
-0.025009813 -0.12684426 -0.74552602 210 210 210
-0.23514211 -0.50452644 -0.57515883 210 210 210
-0.31696096 -0.61651355 -0.97896767 210 210 210
0.88690329 -0.53754765 -1.0926317 210 210 210
0.13538331 -0.28564644 -0.67567807 210 210 210
-0.2054666 -0.3146075 -1.3952852 210 210 210
-0.08836025 -0.36985129 -1.4066273 210 210 210
0.046278682 -0.21653591 -0.77045649 210 210 210
-0.02376836 0.044592537 -0.79687011 210 210 210
0.36358702 -0.45241109 -1.2555587 210 210 210
0.07024394 -0.057373308 -1.2726256 210 210 210
-0.26940095 -0.64941496 -0.78349686 210 210 210
-0.12121019 -0.48574889 -1.2578484 210 210 210
-0.22260101 -0.11359411 -0.83537316 210 210 210
0.61989802 -0.61302131 -1.1332467 210 210 210
-0.22075184 -0.53773844 -0.50233579 210 210 210
0.32317212 -1.1743805 -0.64771837 210 210 210
-0.15373628 -0.30384654 -1.415778 210 210 210
0.089687295 -0.19583447 -0.7484197 210 210 210
0.15308169 0.42599523 -1.2042993 210 210 210
-0.22750179 -0.49458852 -0.57023543 210 210 210
0.18776307 -0.24077618 -0.7293452 210 210 210
0.014210984 -0.064432099 -1.2861493 210 210 210
0.092638761 -0.20668878 -0.73774999 210 210 210
0.6054529 -0.81538421 -1.1088837 210 210 210
0.84545624 -0.53302097 -1.2083583 210 210 210
-0.98552132 1.2785977 -0.75718528 210 210 210
0.0058156159 0.35218164 -1.2250619 210 210 210
0.32177183 -1.2281336 -0.67336172 210 210 210
-0.033631142 0.038249936 -1.2466567 210 210 210
-0.051754475 -0.086494334 -1.4480356 210 210 210
0.12671137 -0.24695513 -0.73217905 210 210 210
0.16416015 0.27565536 -1.3166714 210 210 210
0.080821186 -0.1761222 -1.1678089 210 210 210
0.63217574 -0.36471441 -1.1846154 210 210 210
0.013200237 0.10373836 -0.85088682 210 210 210
0.81493956 -0.44492474 -1.1793989 210 210 210
0.03077325 -0.41356206 -1.3563384 210 210 210
0.82747698 -0.50179946 -1.1372923 210 210 210
0.35254392 -0.34200987 -1.2260705 210 210 210
0.09357255 -0.16419937 -1.2445408 210 210 210
0.10547878 -0.19951671 -1.2157443 210 210 210
0.08542227 -0.19601382 -0.75770533 210 210 210
0.14790493 -0.16505046 -1.2223641 210 210 210
0.31926069 -0.20704949 -1.2657616 210 210 210
-0.096516714 0.24419339 -1.2587013 210 210 210
0.32791403 -0.18425536 -1.2732027 210 210 210
-0.01701349 -0.30394059 -1.3652285 210 210 210
0.0020318003 -0.2220048 -1.2382134 210 210 210
0.86275518 -0.57797247 -1.2128519 210 210 210
0.18936303 0.44969922 -1.1921759 210 210 210
0.036657814 -0.20655772 -0.81338745 210 210 210
-0.31172711 -0.68852043 -0.90784472 210 210 210
0.11428489 -0.18431406 -0.75897795 210 210 210
-0.037228327 -0.39126271 -1.4237881 210 210 210
0.25297603 -0.47263533 -1.2954414 210 210 210
0.12267324 0.21481952 -1.3653163 210 210 210
-0.12474095 -0.054366834 -0.82246518 210 210 210
0.35844213 -0.35448736 -0.41934478 210 210 210
0.30373052 0.48255482 -1.0690744 210 210 210
0.27865064 0.23050871 -1.2691598 210 210 210
0.0048332117 0.028351301 -0.31172547 210 210 210
0.12767123 -0.51733208 -0.66502964 210 210 210
-0.16379416 -0.091315553 -0.82901227 210 210 210
0.18377502 -0.33405796 -1.2871366 210 210 210
-0.26906759 -0.39725327 -0.63153213 210 210 210
0.012453795 0.063649282 -1.3808254 210 210 210
-0.09623652 0.25585487 -1.2630749 210 210 210
0.38880119 -0.5818013 -1.3316691 210 210 210
0.13589805 -0.18036127 -0.75798595 210 210 210
0.43637526 -1.0612224 -0.57582951 210 210 210
-0.33206913 -0.82822245 -1.0124013 210 210 210
0.067249253 0.29654899 -1.1386224 210 210 210
-0.034087885 -0.2116282 -1.5237067 210 210 210
-0.9813568 1.264685 -0.74564338 210 210 210
0.12001248 -0.027769649 -0.27598116 210 210 210
-0.068264231 -0.29995102 -1.1507415 210 210 210
0.77457041 -0.57629615 -1.144805 210 210 210
-0.26493612 -0.53712332 -0.53915322 210 210 210
-0.16643 -0.062602147 -0.86903888 210 210 210
0.3507351 0.5321191 -1.0622602 210 210 210
0.05033299 0.29249555 -1.1833819 210 210 210
-0.99664748 1.2703001 -0.75159961 210 210 210
0.76297444 -0.57707787 -1.1708313 210 210 210
0.043202542 -0.14964423 -1.2031543 210 210 210
-0.0055647413 -0.13901642 -1.5067677 210 210 210
-0.23684871 -0.74041992 -1.2535976 210 210 210
0.27941039 -1.1618755 -0.69516021 210 210 210
-0.068791918 -0.42319176 -1.4557294 210 210 210
0.20578711 -0.93291628 0.19108203 210 210 210
-0.097922496 -0.32018203 -1.0868466 210 210 210
0.046989989 -0.68840885 -0.98534411 210 210 210
-0.079499684 -0.18523687 -1.4845668 210 210 210
0.39229029 -1.1177918 -0.60401189 210 210 210
0.77046371 -0.57193536 -1.1837543 210 210 210
0.013519865 -0.24007632 -1.2183691 210 210 210
-0.17338505 -0.064387508 -0.8797195 210 210 210
-0.039486229 -0.35086441 -1.3873485 210 210 210
0.28982651 -0.24554992 -1.2985322 210 210 210
0.10324483 -0.21210045 -0.75503284 210 210 210
-0.039260376 -0.22217612 -1.5157762 210 210 210
-0.32638982 -0.67587638 -1.1389166 210 210 210
0.23214279 -1.2568927 -0.86459398 210 210 210
-0.055844229 -0.14534096 -1.4201951 210 210 210
-0.06189727 -0.1900506 -1.3308753 210 210 210
0.11844442 -0.20725991 -0.75679219 210 210 210
0.058788955 -0.19245794 -1.1743616 210 210 210
0.13922702 -0.20602089 -0.75801724 210 210 210
0.77564323 -0.46059963 -1.1851658 210 210 210
0.78231525 -0.66124725 -1.1324519 210 210 210
0.096134409 -0.17565905 -1.1945384 210 210 210
0.1090335 -0.14507298 -1.2321815 210 210 210
0.83537942 -0.60331613 -1.2002078 210 210 210
0.099171191 -0.13551398 -1.3615943 210 210 210
0.0824527 -0.19928014 -1.1882241 210 210 210
-0.6632607 -0.4594546 -0.13468914 210 210 210
0.032583117 -0.36169219 -1.3998187 210 210 210
0.065129027 0.037673973 -1.3461895 210 210 210
0.1193527 -0.1646961 -1.1830183 210 210 210
0.14356373 -0.17169258 -0.72811449 210 210 210
0.2843267 0.48112416 -1.079609 210 210 210
-0.045631018 -0.20769356 -1.3010958 210 210 210
-0.11785889 -0.055284441 -0.82197732 210 210 210
0.31148461 0.52097082 -1.121075 210 210 210
0.74102175 -0.56664962 -1.2599455 210 210 210
-0.03625264 -0.24607377 -1.5226438 210 210 210
-0.013339376 -0.33246189 -1.3595277 210 210 210
0.23672219 0.46402496 -1.1723332 210 210 210
-0.24231212 -0.68237412 -0.7806403 210 210 210
0.16858454 -0.18119377 -0.73046356 210 210 210
0.016553473 -0.23548281 -1.2029403 210 210 210
-0.04986617 -0.24365327 -1.5395015 210 210 210
-0.29812524 -0.7859422 -0.92215824 210 210 210
0.062506199 -0.20075142 -0.74041557 210 210 210
0.44329065 -0.33350995 -1.2219971 210 210 210
-0.23477452 -0.58996218 -1.1689606 210 210 210
0.21331653 0.44409484 -1.1762199 210 210 210
0.27280241 -0.2193208 -1.2252065 210 210 210
-0.034528803 -0.035976324 -0.79224789 210 210 210
0.098341681 0.32858509 -1.1974516 210 210 210
0.075877875 -0.17719255 -1.1712147 210 210 210
0.34151807 -1.1869832 -0.61082602 210 210 210
-1.0339477 1.2540826 -0.7541064 210 210 210
-0.024233257 -0.20610413 -1.5333616 210 210 210
-0.087832846 -0.14014956 -1.4795933 210 210 210
0.13317387 -0.23362625 -1.2063448 210 210 210
0.081791647 0.30539873 -1.1995715 210 210 210
0.11668711 -0.1782815 -0.76485026 210 210 210
0.10817123 -0.27439132 -0.7958675 210 210 210
-0.14031307 -0.4700042 -1.461409 210 210 210
0.084537558 -0.26241314 -0.82050598 210 210 210
0.081926212 0.32477939 -1.2018462 210 210 210
0.099392571 -0.22516924 -1.2371206 210 210 210
0.14038925 -0.29216069 -1.2903281 210 210 210
-0.43853644 -0.57779855 -1.1647695 210 210 210
-0.082286015 -0.29669741 -1.5042241 210 210 210
-0.045386821 -0.35003063 -1.4541373 210 210 210
-0.032162372 -0.2529977 -1.5351415 210 210 210
0.42602965 -1.0518414 -0.59646922 210 210 210
0.11390752 -0.26283976 -0.79639113 210 210 210
0.14260145 -0.090360515 -1.3446372 210 210 210
-0.21765344 -0.45880648 -1.1869673 210 210 210
0.076765001 0.013494728 -1.3486879 210 210 210
0.1234016 -0.1755852 -1.2243507 210 210 210
0.28393129 -0.068730175 -1.2756814 210 210 210
0.13161995 -0.13672172 -1.2589209 210 210 210
0.29746655 0.19071059 -1.289964 210 210 210
0.055989031 -0.26939341 -1.199211 210 210 210
0.30805069 -1.1809833 -0.68772757 210 210 210
0.13409238 -0.26792148 -0.69614631 210 210 210
0.0083948178 -0.4186734 -1.3479195 210 210 210
-0.084992282 0.25919345 -1.2429085 210 210 210
0.12463024 -0.18027437 -0.75897086 210 210 210
0.12826321 -0.64432061 -0.41376439 210 210 210
0.29734075 -0.20394601 -1.3009042 210 210 210
0.73201734 -0.47949427 -1.244128 210 210 210
0.76834595 -0.60556442 -1.1674943 210 210 210
-0.28907484 -0.64026147 -0.37111816 210 210 210
-0.10911451 -0.35408086 -1.1929967 210 210 210
0.15651391 -0.32254344 -1.1655673 210 210 210
0.72478753 -0.51692683 -1.2215428 210 210 210
-0.22325993 -0.59214979 -0.43467063 210 210 210
0.056722309 -0.42259517 -1.0388881 210 210 210
-0.2704531 -0.39476714 -0.64574736 210 210 210
-0.75492632 -0.40042087 -0.31420457 210 210 210
-0.11018323 -0.46116734 -1.4056773 210 210 210
0.041068841 -0.2367527 -1.4652799 210 210 210
-0.20938405 -0.96573281 -1.1227921 210 210 210
1.5469527 -0.52491844 0.43373677 210 210 210
0.69973063 -1.078595 -0.24235539 210 210 210
0.26360983 -0.54496664 -0.47983944 210 210 210
-0.35348913 -0.35181999 -1.3214766 210 210 210
0.52871716 -0.60284436 -1.124472 210 210 210
-0.98985249 1.2191595 -0.76594073 210 210 210
-0.35979506 -0.65165395 -1.0453241 210 210 210
-0.4749735 -1.3573258 -0.83949733 210 210 210
-0.0055160141 -0.93548501 -0.93145281 210 210 210
-0.44319803 -0.98660862 -0.89760876 210 210 210
0.31873927 -0.086479798 -0.1660317 210 210 210
-0.35373777 -0.76892346 -0.86245805 210 210 210
0.0070083071 -0.0011426404 -1.3415434 210 210 210
0.42122281 -1.0451983 -0.94277233 210 210 210
-0.49481836 -0.5419001 -1.1562876 210 210 210
0.31296128 -0.70467752 -1.0716507 210 210 210
-0.33550122 -0.75043619 -1.1272849 210 210 210
0.78175557 -0.59043717 -1.1042659 210 210 210
0.74022394 -0.60238636 -1.1557891 210 210 210
-0.26690847 -0.56419659 -0.52196032 210 210 210
-0.10215602 -0.61970872 -0.56662184 210 210 210
-0.064290687 0.29406428 -1.2629818 210 210 210
-0.11646176 -0.33085135 -1.0460135 210 210 210
0.047037713 -0.21069413 -0.81359178 210 210 210
-0.18526253 -0.29717824 -1.3552651 210 210 210
-0.32422033 -0.6812343 -1.1941729 210 210 210
-0.30942795 -0.54348201 -1.3509824 210 210 210
-0.24380645 -0.5492608 -0.54200464 210 210 210
-0.15837823 -0.41238001 -0.6647715 210 210 210
0.73939973 -0.65079552 -1.1017352 210 210 210
0.88346869 -0.55664963 -1.202976 210 210 210
-0.0908572 -0.23151641 -1.5015213 210 210 210
-0.098360814 -0.40535989 -1.3852712 210 210 210
0.81862324 -0.52484316 -1.121101 210 210 210
-0.54096377 0.23012921 -0.18914956 210 210 210
-0.0080634542 -0.21014237 -0.81226838 210 210 210
0.08922784 -0.15095513 -1.269758 210 210 210
-1.0549066 1.2379931 -0.73786217 210 210 210
0.2668258 -0.2447346 -1.2723606 210 210 210
0.58854914 -0.30837685 -1.2388502 210 210 210
0.18334451 0.400563 -1.3246173 210 210 210
0.13418692 -0.20855108 -1.1596885 210 210 210
0.073489048 -0.19151556 -1.187909 210 210 210
0.14289734 -0.65494472 -1.0931512 210 210 210
0.12070312 -0.18315279 -0.75287795 210 210 210
0.13839555 -0.19003077 -1.1532371 210 210 210
0.1630916 -0.96986121 -1.0730767 210 210 210
-0.063669369 -0.40948221 -1.4569485 210 210 210
0.14378363 -0.17090482 -1.1740094 210 210 210
0.029252842 -0.24591225 -0.73209643 210 210 210
0.135915 -0.17924514 -0.75719184 210 210 210
0.13086842 -0.1780861 -1.1329117 210 210 210
0.80998582 -0.70179516 -1.099443 210 210 210
0.12242851 0.20533024 -1.3148612 210 210 210
0.48521331 0.7667948 -1.2555937 210 210 210
-0.060351778 -0.17118156 -1.3935281 210 210 210
0.083296977 -0.44352868 -1.3644254 210 210 210
-0.052651014 -0.3774817 -1.2193718 210 210 210
0.31489098 0.47884592 -1.0693351 210 210 210
0.67992157 -0.5456664 -1.2454134 210 210 210
-0.090076752 -0.18209653 -1.4329591 210 210 210
0.33247307 -0.157547 -1.2374376 210 210 210
-0.038805202 -0.19576558 -1.5074115 210 210 210
0.079136595 -0.29033679 -1.3106835 210 210 210
-0.12474302 -0.35187337 -1.2692255 210 210 210
0.1688969 -0.34745696 -1.2480565 210 210 210
0.18765876 -0.29164615 -0.72644031 210 210 210
-0.032126892 -0.24334608 -1.5195838 210 210 210
0.61280531 -0.32475397 -1.2478312 210 210 210
0.12272935 -0.14121047 -1.2497193 210 210 210
0.74738699 -0.31085652 -1.2324916 210 210 210
-0.031939335 -0.23802863 -1.5145199 210 210 210
0.53406078 1.1164373 -1.2941358 210 210 210
0.32360542 0.26922557 -1.291602 210 210 210
0.00020113878 -0.053051736 -1.3357524 210 210 210
0.12825516 -0.14683563 -1.2681746 210 210 210
-0.044649784 -0.21883912 -1.5041569 210 210 210
0.1079645 -0.14535032 -1.2262639 210 210 210
0.13210183 0.10772722 -1.23581 210 210 210
0.15053231 -0.0647697 -1.2848706 210 210 210
0.31513771 -0.62711626 -1.3011422 210 210 210
0.77765101 -0.48339027 -1.1920241 210 210 210
-0.97947204 1.2647583 -0.75341082 210 210 210
-0.28723469 -0.39152771 -1.1751068 210 210 210
-0.079653867 -0.32646945 -1.4631948 210 210 210
0.87193167 -0.64074486 -1.1999751 210 210 210
0.33200493 -1.1335901 -0.62101787 210 210 210
-0.11033892 -0.29537359 -1.4303881 210 210 210
0.25110576 -0.20138116 -1.3038645 210 210 210
-0.041604046 -0.22513594 -1.5384666 210 210 210
0.069544867 0.21757667 -1.1843058 210 210 210
0.55501258 -0.29681787 -1.271782 210 210 210
0.44238329 -0.3471832 -1.2586399 210 210 210
0.52784044 0.89627916 -1.2680702 210 210 210
0.21715362 0.44448173 -1.1793717 210 210 210
0.50262851 -0.66908985 -1.2068846 210 210 210
0.070037007 0.32117563 -1.192042 210 210 210
-0.034827512 -0.22697577 -1.5271319 210 210 210
0.80504388 -0.38458982 -1.2019809 210 210 210
0.085006654 -0.17738391 -1.1759878 210 210 210
0.069064967 -0.25898153 -1.3355081 210 210 210
0.75350362 -0.55671138 -1.1785678 210 210 210
0.1914922 -0.29887107 -0.72640771 210 210 210
-1.131174 1.2679659 -0.7549355 210 210 210
0.13205232 -0.42481548 -1.1976409 210 210 210
0.7707454 -0.43404785 -1.2139792 210 210 210
-0.065936446 -0.16768257 -1.4847705 210 210 210
0.19034052 -0.41864872 -1.2540514 210 210 210
-0.010319674 -0.21798198 -1.2303373 210 210 210
0.16420877 -0.13097222 -1.3224708 210 210 210
0.13619414 -0.16714844 -0.78209519 210 210 210
0.10666258 -0.14457159 -1.2344029 210 210 210
-0.11419078 -0.33441082 -1.4203104 210 210 210
0.31849808 -0.31310165 -1.2771209 210 210 210
0.78717268 -0.44439086 -1.1985794 210 210 210
-0.14077298 -0.32966998 -1.2942063 210 210 210
0.77187032 -0.31104842 -1.2356137 210 210 210
0.82449156 -0.30961847 -1.2376065 210 210 210
0.64254904 -0.31410372 -1.2579705 210 210 210
0.087569349 -0.15828495 -1.2544029 210 210 210
0.0068909465 -0.34393179 -1.4940339 210 210 210
-1.0153567 1.2768385 -0.71165371 210 210 210
0.086959444 0.20612474 -1.1869457 210 210 210
0.17601724 -0.22439894 -0.76843584 210 210 210
-0.030592112 -0.23082267 -1.5284042 210 210 210
-0.26726568 -0.38087389 -1.1078455 210 210 210
0.28538531 -0.98177612 -0.33459616 210 210 210
-0.12628134 -0.058169492 -0.82996267 210 210 210
0.097936064 -0.18202397 -1.3352178 210 210 210
-0.031389669 -0.60971814 -1.289782 210 210 210
0.56200761 1.0854268 -1.2874988 210 210 210
0.08146026 0.3092989 -1.1987984 210 210 210
-0.036903683 -0.18035918 -1.4998109 210 210 210
0.47592708 -0.46352533 -1.2309991 210 210 210
0.11408285 -0.017530814 -1.358544 210 210 210
0.48518565 0.48064825 -1.3081928 210 210 210
-0.19136818 -0.068438344 -0.87028164 210 210 210
0.75856572 -0.4267433 -1.2040867 210 210 210
-0.039024226 -0.19328851 -1.5212742 210 210 210
0.34217548 -0.32279363 -1.2399536 210 210 210
-1.347098 1.2274755 -0.79749411 210 210 210
0.075867236 0.25363597 -1.1828767 210 210 210
0.79043835 -0.51599014 -1.1509657 210 210 210
0.80296755 -0.43138823 -1.2045113 210 210 210
-1.3002838 -0.1848412 -1.0671951 210 210 210
0.14869864 -0.20487404 -1.2065544 210 210 210
-0.20676664 -0.1008331 -0.82822162 210 210 210
0.73801595 -0.34049356 -1.2148324 210 210 210
-0.053664248 -0.30775961 -1.1660643 210 210 210
0.11331454 -0.14692846 -1.2553381 210 210 210
-0.12608849 -0.056877393 -0.83274519 210 210 210
0.098269656 0.32182306 -1.202764 210 210 210
0.31509891 0.29913905 -1.2906467 210 210 210
0.18778928 0.38562369 -1.3582754 210 210 210
0.27755126 0.49521554 -1.2190013 210 210 210
0.13444129 0.33955282 -1.166925 210 210 210
0.74950016 -0.48491034 -1.1959732 210 210 210
0.33262306 0.33499673 -1.3264346 210 210 210
-0.97515327 1.277282 -0.76258188 210 210 210
-0.070016384 -0.74168867 -0.99552912 210 210 210
0.20615381 0.44970903 -1.1863996 210 210 210
0.5365411 0.95340782 -1.2757872 210 210 210
-0.051357608 -0.16846247 -1.500942 210 210 210
-0.22030133 0.4677113 -0.85224998 210 210 210
-0.17527904 -0.06650231 -0.87270468 210 210 210
0.13676119 -0.11674648 -1.5240159 210 210 210
0.096768953 0.3465187 -1.2033073 210 210 210
0.31668341 -1.1603699 -0.6580652 210 210 210
0.38303033 -1.1441282 -0.61805499 210 210 210
0.73905373 -0.47264332 -1.2158161 210 210 210
-1.2323654 -0.20561901 -0.90455133 210 210 210
0.17465146 0.44410354 -1.1990571 210 210 210
0.14957447 -0.29332808 -1.324019 210 210 210
0.78308153 -0.29097062 -1.2764107 210 210 210
-0.26360381 -0.49442798 -1.1692264 210 210 210
0.81893075 -0.61139631 -1.1833973 210 210 210
0.13711976 -0.19291009 -1.2146641 210 210 210
0.087654203 -0.17459922 -1.1941682 210 210 210
0.29685891 -1.1978102 -0.67586583 210 210 210
0.18885937 -0.29796174 -0.64652497 210 210 210
-0.20614307 -0.4682205 -1.1728394 210 210 210
0.081022233 -0.29191521 -1.2849604 210 210 210
0.77059531 -0.50890875 -1.1698174 210 210 210
0.30204785 -1.195333 -0.64750785 210 210 210
0.13031377 -0.17336755 -1.3083973 210 210 210
-0.40620062 -0.9967947 -0.91904008 210 210 210
-0.25652096 -0.56592345 -0.53256822 210 210 210
0.1277079 -0.18351798 -0.78888363 210 210 210
0.14648557 -0.17975415 -0.76121235 210 210 210
-1.1079521 1.250285 -0.73126352 210 210 210
0.16040935 -0.3142502 -1.2604486 210 210 210
0.12891889 0.23444867 -1.3255972 210 210 210
-0.0084708482 -0.03133525 -1.3194256 210 210 210
0.50400954 -0.33855906 -1.2271129 210 210 210
-0.16506405 -0.43894511 -1.2574816 210 210 210
0.17971313 0.43392268 -1.1888359 210 210 210
-1.2036771 1.2655191 -0.72698611 210 210 210
-0.26893115 -0.40119496 -0.61676997 210 210 210
0.057093527 -0.45533764 -1.3897029 210 210 210
0.88946056 -0.54482925 -1.1926115 210 210 210
0.24073924 -0.54451251 -1.2674097 210 210 210
0.090133712 0.32780644 -1.2138155 210 210 210
0.78306055 -0.45123863 -1.1835961 210 210 210
-1.0100864 1.2553751 -0.7467851 210 210 210
-0.68256408 -0.43963975 -1.123188 210 210 210
0.4190495 -1.0989102 -0.5920344 210 210 210
0.033242114 -0.19250165 -1.4069581 210 210 210
0.034820415 -0.94259977 -1.0705538 210 210 210
0.098823622 0.15160637 -1.2959192 210 210 210
-0.071459189 -0.20831849 -1.4497448 210 210 210
0.83919632 -0.52932829 -1.1994997 210 210 210
0.31087059 0.19287094 -1.0426242 210 210 210
0.19566081 0.38278535 -1.32091 210 210 210
-0.095022589 -0.35507774 -1.3823038 210 210 210
-0.061272424 -0.036603015 -0.80822939 210 210 210
0.77076942 -0.51425588 -1.1573522 210 210 210
-0.11162089 -0.29861912 -1.4248394 210 210 210
-0.10122553 -0.35825551 -1.4089228 210 210 210
-0.12273477 -0.28856045 -1.4210281 210 210 210
0.17263672 -0.19228445 -0.73136991 210 210 210
-0.21842965 -0.75302786 -0.73229456 210 210 210
0.16188829 -0.54555625 -0.53302968 210 210 210
-0.095205672 -0.38092434 -1.4013468 210 210 210
0.4160288 -0.33880383 -1.2082661 210 210 210
-1.3175668 -0.036930073 -0.88640982 210 210 210
-0.094590135 -0.25725278 -1.3989036 210 210 210
0.10373415 0.2940366 -1.204496 210 210 210
-0.08516854 -0.21038722 -1.3607577 210 210 210
-0.098139852 -0.23462923 -1.3737344 210 210 210
0.68019611 -0.52746904 -1.1999892 210 210 210
-0.30070987 -0.82699203 -1.1751293 210 210 210
-0.2259088 -0.12964804 -0.83129233 210 210 210
0.38998377 -0.19696203 -1.2312118 210 210 210
0.068949811 -0.2890192 -1.3179018 210 210 210
0.11583976 0.23090097 -1.3244165 210 210 210
0.2687175 -0.06068226 -1.2698765 210 210 210
0.35276705 0.38004604 -1.3015181 210 210 210
0.75696373 -0.54111397 -1.2130051 210 210 210
-0.10365216 -0.31846625 -1.4164441 210 210 210
0.35937181 -0.059515536 -0.17661102 210 210 210
0.4101052 0.49076226 -1.2979419 210 210 210
0.091787018 0.037801471 -1.3485169 210 210 210
0.26202849 -0.1645941 -0.14374661 210 210 210
-0.11771157 -0.053189185 -0.82458484 210 210 210
0.1147184 -0.28758532 -1.2878163 210 210 210
-0.25401846 -0.56400156 -0.52090877 210 210 210
0.82567823 -0.32251796 -1.2110746 210 210 210
0.41015404 -1.1576055 -0.55001289 210 210 210
-0.03807294 -0.36751691 -1.4640603 210 210 210
0.79325575 -0.47612569 -1.1723565 210 210 210
0.22417076 -0.92953783 -1.0587838 210 210 210
0.47787818 -0.30000523 -1.2762173 210 210 210
0.1105991 -0.23250483 -0.74628443 210 210 210
-0.063008524 -0.25800604 -0.62237632 210 210 210
-0.054720607 -0.39546001 -1.4313375 210 210 210
-0.44744742 -0.24066204 -1.3683451 210 210 210
-0.87657535 1.3107033 -0.74551195 210 210 210
0.15420505 0.087067418 -1.3043607 210 210 210
0.61018705 -0.32593927 -1.2383448 210 210 210
0.051111374 -0.24152882 -0.80539644 210 210 210
-0.91239691 1.3167603 -0.74999642 210 210 210
0.674797 -0.31071264 -1.2660112 210 210 210
-0.062038753 -0.30878818 -1.3886683 210 210 210
-0.22331217 0.46628675 -0.85351747 210 210 210
0.061966602 -0.20524272 -0.80115932 210 210 210
0.072076201 0.070830233 -1.3400126 210 210 210
0.056665238 0.17857349 -1.1821532 210 210 210
0.30991334 -0.41900563 -1.2543815 210 210 210
0.21942054 -0.22682665 -0.73337412 210 210 210
0.11611454 -0.60623556 -1.0843006 210 210 210
0.019484811 -0.17122163 -1.5922064 210 210 210
0.80386174 -0.45547467 -1.1646365 210 210 210
-0.076700903 -0.34197384 -1.5117157 210 210 210
-0.19251485 -0.064210713 -0.86050493 210 210 210
0.13304272 -0.13839918 -1.5183135 210 210 210
0.39044535 -1.1495638 -0.57629746 210 210 210
0.77536154 -0.52475983 -1.1538423 210 210 210
0.12339895 -0.17497331 -0.75624216 210 210 210
0.057503261 -0.20513108 -0.80475408 210 210 210
0.082336284 0.12972164 -1.3503574 210 210 210
0.69487715 -0.31587189 -1.2524663 210 210 210
0.43815604 -0.33724359 -1.3305479 210 210 210
0.48800331 -0.24814261 -1.2140731 210 210 210
0.44681868 -0.23225392 -1.2979301 210 210 210
0.068421304 0.0092995251 -1.3293825 210 210 210
0.11941458 -0.13749826 -1.2530837 210 210 210
0.13608465 -0.17120612 -0.77922863 210 210 210
0.16138215 -0.46146458 -1.3489692 210 210 210
0.14542456 0.1279735 -1.231357 210 210 210
0.12299178 -0.16010469 -1.3051022 210 210 210
0.79138952 -0.55814314 -1.1804445 210 210 210
0.86371934 -0.64810985 -1.2151315 210 210 210
0.37533766 -0.4985635 -1.2200493 210 210 210
0.69589883 -0.32982272 -1.232511 210 210 210
0.37902769 -1.0951202 -0.61134332 210 210 210
0.19722755 0.44580969 -1.1689433 210 210 210
0.12816449 -0.26626498 -1.2335478 210 210 210
0.094094597 -0.18316457 -1.1435354 210 210 210
0.61099678 -0.31909907 -1.2558352 210 210 210
-0.056535959 -0.28145385 -1.5056872 210 210 210
0.11077663 -0.19566275 -0.7654832 210 210 210
0.816122 -0.58004791 -1.2347869 210 210 210
0.10573195 -0.15387778 -1.2964839 210 210 210
0.22631946 0.0018161429 -1.2670171 210 210 210
0.1012136 -0.18077663 -1.1696296 210 210 210
0.37231687 -1.2537321 -0.78962636 210 210 210
0.76958644 -0.34620181 -1.2258172 210 210 210
0.00089228258 -0.2050796 -1.0344292 210 210 210
0.13636744 -0.17360543 -0.77156883 210 210 210
0.045965642 0.27700955 -1.18548 210 210 210
0.05884219 0.30170617 -1.1886806 210 210 210
0.22248092 0.46636671 -1.1921954 210 210 210
0.71142465 -0.55878127 -1.2116215 210 210 210
-0.15885094 -0.10902171 -0.82764995 210 210 210
0.10611859 0.17486753 -1.3421872 210 210 210
-0.75555617 -0.20827493 -1.3414898 210 210 210
-0.068396784 -0.33522967 -1.5020297 210 210 210
-0.085674435 -0.48951602 -1.0242143 210 210 210
0.88115376 -0.54399878 -1.1668507 210 210 210
0.70227396 -0.29866475 -1.3044499 210 210 210
0.38165471 -1.1569923 -0.58974785 210 210 210
0.055737376 -0.32869381 -1.2676741 210 210 210
-0.04262517 -0.18526396 -1.1512294 210 210 210
-1.0780426 1.2694702 -0.75311375 210 210 210
0.10607135 -0.14349496 -1.2312467 210 210 210
-0.11856663 -0.055113349 -0.82603943 210 210 210
0.083924301 -0.19094419 -1.1891783 210 210 210
-0.029291293 -0.19555651 -1.5534625 210 210 210
0.78470361 -0.46636468 -1.1760621 210 210 210
-0.090993099 -0.33513623 -1.4812177 210 210 210
0.068973131 -0.15797867 -1.2613174 210 210 210
-0.074145086 -0.33668536 -1.5353756 210 210 210
0.086153522 -0.15496939 -1.2666253 210 210 210
0.35301229 -0.31481308 -1.3038719 210 210 210
0.80207908 -0.41519493 -1.1882015 210 210 210
0.37019253 0.43386471 -1.2801483 210 210 210
0.17475031 -0.13875003 -1.4295356 210 210 210
0.68008214 -0.29753089 -1.2615336 210 210 210
0.30403012 -1.248618 -0.68982238 210 210 210
0.12050229 -0.16881959 -1.1809357 210 210 210
-0.21541053 0.46577978 -0.84848046 210 210 210
-0.23004839 -0.37508276 -1.3534051 210 210 210
0.81709397 -0.53632903 -1.1748879 210 210 210
0.37256756 -1.1012044 -0.61783749 210 210 210
0.022613021 -0.2872453 -0.73324311 210 210 210
-0.039470285 -0.20862611 -1.5131087 210 210 210
0.7737779 -0.5119527 -1.1619489 210 210 210
0.13037054 -0.15034297 -1.2546397 210 210 210
-0.10802707 -0.26510197 -1.3927257 210 210 210
0.77672535 -0.54784864 -1.1764095 210 210 210
0.083692528 -0.15222454 -1.2567006 210 210 210
0.71411395 -0.41002548 -1.2438281 210 210 210
0.30962047 -1.278422 -0.65656441 210 210 210
0.18417245 0.44855621 -1.2014705 210 210 210
0.77829862 -0.61708844 -1.1708034 210 210 210
0.40876424 -1.0798681 -0.60294473 210 210 210
0.33198351 -1.1906648 -0.64168614 210 210 210
0.17442742 0.20735176 -1.3180932 210 210 210
0.38588873 -1.1744285 -0.56911916 210 210 210
0.13175274 -0.16353199 -0.78047717 210 210 210
0.42530042 -1.0971422 -0.58711499 210 210 210
0.74697328 -0.51977253 -1.1833662 210 210 210
0.78022856 -0.57325864 -1.171222 210 210 210
-0.02773154 -0.29193786 -0.64573616 210 210 210
0.39197588 -0.82555813 -1.1636575 210 210 210
0.12179518 -0.13861816 -1.3022137 210 210 210
0.77256823 -0.44897032 -1.2489611 210 210 210
-0.040016908 -0.37034154 -1.51036 210 210 210
0.12304998 -0.1803297 -1.213053 210 210 210
0.77976388 -0.51492417 -1.1692386 210 210 210
0.2587744 0.076195508 -1.2995446 210 210 210
-0.13443109 -0.045007698 -0.85167032 210 210 210
0.13408767 -0.19103441 -1.221926 210 210 210
-0.065363631 -0.30001947 -1.5347877 210 210 210
-0.0015122278 -0.15864024 -1.5098373 210 210 210
0.7297188 -0.58310473 -1.2049197 210 210 210
0.85028881 -0.65581936 -0.59186959 210 210 210
0.59200513 -0.72238266 -1.1863366 210 210 210
0.054641336 -0.22170848 -0.79926759 210 210 210
0.28128874 0.48134145 -1.172918 210 210 210
-0.075041719 -0.22182974 -1.470208 210 210 210
0.16758299 -0.18772498 -1.3399401 210 210 210
0.087212071 -0.17815948 -1.1956031 210 210 210
-0.082227886 -0.98101622 -0.91318077 210 210 210
-0.067891724 -0.47283062 -1.1797975 210 210 210
-0.36260879 -0.51993328 -1.2139899 210 210 210
0.012993377 -0.96319175 -0.9643507 210 210 210
-0.30116078 -0.44991404 -1.2582803 210 210 210
0.44540796 -1.1208446 -0.97009212 210 210 210
0.42021596 -0.66606897 -1.0206888 210 210 210
0.37986931 0.52165359 -1.0988793 210 210 210
-0.11114088 -0.30535132 -1.2930878 210 210 210
-0.15582973 -0.30681273 -1.3741251 210 210 210
0.40271857 -0.31712657 -0.15739669 210 210 210
-0.34630319 -0.74011934 -0.72077435 210 210 210
0.2209159 -0.22171851 -1.5556833 210 210 210
-0.18447302 -0.37231234 -1.4504429 210 210 210
-0.26105785 -0.38839304 -0.64289832 210 210 210
-0.2692388 -0.54467225 -0.5360058 210 210 210
-0.21516082 -0.38636482 -1.3700161 210 210 210
-0.27473375 -0.86995083 -1.1893749 210 210 210
-0.18966401 -0.35618696 -1.3028586 210 210 210
-0.31114751 -0.6657564 -1.252268 210 210 210
-0.19896205 -0.39078942 -1.3840681 210 210 210
-0.23732117 -0.55306232 -0.53448218 210 210 210
-0.15799817 -0.34212461 -1.2293766 210 210 210
-0.46036145 -0.6793772 -0.9296788 210 210 210
0.044418674 0.040676851 -0.31410554 210 210 210
-0.785124 -0.59712899 -0.46481606 210 210 210
-0.12114097 -0.2917217 -1.2695688 210 210 210
-0.52304363 -0.68699038 -0.57685232 210 210 210
0.79115671 -0.60721737 -1.1201303 210 210 210
-0.27255705 -0.70715594 -1.4116174 210 210 210
-0.24516043 -0.52903891 -0.53381109 210 210 210
0.03418839 -0.58536714 -0.49931514 210 210 210
-0.1642691 -0.33029681 -1.3224477 210 210 210
-0.28576198 -0.65929788 -1.4484365 210 210 210
0.12863259 -0.16706686 -1.1920964 210 210 210
0.79549432 -0.58307695 -1.078655 210 210 210
-0.17130971 -0.062437348 -0.87835544 210 210 210
-0.32284927 -0.3419629 -1.4125746 210 210 210
-0.10438703 -0.27646056 -1.3383329 210 210 210
-0.37181503 -0.72309172 -1.1074246 210 210 210
0.48825386 -1.0883038 -0.062614486 210 210 210
-0.24752355 -0.52119207 -0.56427479 210 210 210
-0.20766822 -0.3064945 -1.3110353 210 210 210
-0.0895743 -0.24609564 -1.3491509 210 210 210
0.081021085 -0.25769067 -1.0248458 210 210 210
0.43124455 0.25924513 -1.2280382 210 210 210
-0.11288309 -0.25536537 -0.77155048 210 210 210
0.24939735 0.1059559 -1.2331555 210 210 210
0.2867592 -0.42823923 -1.2633954 210 210 210
-0.21743539 -0.11845011 -0.82225537 210 210 210
-0.067560442 -0.33390838 -1.3900759 210 210 210
-0.027876914 -0.26099294 -0.78939575 210 210 210
0.21777757 -0.46724862 -0.55076408 210 210 210
-0.03419603 -0.26037991 -0.79663748 210 210 210
-0.002228894 -0.49949676 -1.2574828 210 210 210
-0.072939038 -0.36528322 -1.4006594 210 210 210
-0.10240583 -0.26025063 -1.3959675 210 210 210
0.16004016 0.28341424 -1.2793109 210 210 210
-0.077040784 -0.40852681 -1.3367568 210 210 210
0.15173613 -0.22865383 -1.039381 210 210 210
-0.23249818 -0.49730772 -0.55677515 210 210 210
0.37838614 -1.0285922 -0.31935537 210 210 210
-0.1010107 -0.28678912 -1.4147733 210 210 210
-0.21632428 -0.10930744 -0.8271029 210 210 210
-0.14267291 -0.52902126 -1.2238292 210 210 210
0.31252149 -1.0575566 -0.33108395 210 210 210
-0.21336375 -0.10865106 -0.82588112 210 210 210
-0.16500334 -0.55449343 -1.1776975 210 210 210
-0.06910228 -0.35238746 -1.4410474 210 210 210
-0.091630809 -0.46434277 -1.2608111 210 210 210
0.27027327 -0.074913241 -0.54876578 210 210 210
0.10406642 -0.32498574 -1.3093505 210 210 210
-0.22040454 -0.1137297 -0.84322315 210 210 210
-0.66288966 0.4071418 -0.097772382 210 210 210
-0.10477082 -0.3591322 -1.4217536 210 210 210
-0.21616872 -0.10844715 -0.83412057 210 210 210
0.16754313 -0.44253665 -1.2510478 210 210 210
0.21804394 -0.27390292 -1.2596092 210 210 210
-0.24505043 -0.48400036 -0.57101357 210 210 210
0.73976642 -0.44106337 -1.2586942 210 210 210
-0.11561974 -0.27223384 -0.78070807 210 210 210
0.21449243 -0.22098309 -0.73574704 210 210 210
-0.24355216 -0.58389574 -1.1660519 210 210 210
0.39091101 -1.2303845 -0.5733062 210 210 210
-0.19923152 -0.52102822 -1.4351711 210 210 210
0.28315684 -0.36472636 -1.2847984 210 210 210
-0.057239927 -0.27711937 -1.4240029 210 210 210
0.36053824 0.47065413 -1.070226 210 210 210
0.053027846 -0.58785772 -0.54903638 210 210 210
-0.92941731 1.3105229 -0.69105971 210 210 210
-0.27847269 -0.45327088 -1.4365273 210 210 210
-0.069526128 -0.32090357 -1.477561 210 210 210
0.75465512 -0.42353436 -1.2028608 210 210 210
1.6772982 1.7116539 -0.41748539 210 210 210
-0.20598277 -0.10085735 -0.82482505 210 210 210
0.74912739 -0.54926407 -1.1561166 210 210 210
-0.2107363 -0.093590222 -0.82978302 210 210 210
0.25590244 -0.339055 -1.2501248 210 210 210
0.077907674 -0.091524512 -1.3096254 210 210 210
0.33709651 -0.26398894 -1.273813 210 210 210
0.3884272 -0.31049597 -1.2538948 210 210 210
-0.20368171 -0.099052243 -0.83421832 210 210 210
0.16960567 -0.20326798 -1.2944528 210 210 210
0.7504344 -0.49992901 -1.2000527 210 210 210
-0.044292767 -0.35917395 -1.4106686 210 210 210
0.53727871 -0.30059406 -1.2421703 210 210 210
-0.18584858 -0.087438785 -0.82328331 210 210 210
-0.22102533 -0.092417702 -0.84328938 210 210 210
0.35239804 -1.1506832 -0.62596768 210 210 210
-1.1141192 1.2876801 -0.69789076 210 210 210
0.31198919 -0.259112 -1.2801721 210 210 210
-0.0058083446 -0.20852648 -0.78711694 210 210 210
-0.28077534 -0.51086175 -0.59007108 210 210 210
-0.30979395 -0.49284118 -0.59306532 210 210 210
-0.25760475 -1.1466449 -0.89486724 210 210 210
-0.25224671 -0.35581127 -1.1925845 210 210 210
0.74828917 -0.54549158 -1.2232478 210 210 210
-0.0068515744 -0.041643251 -1.3244858 210 210 210
-0.29825976 -0.48929358 -0.59098327 210 210 210
0.21908706 -0.231455 -1.2965039 210 210 210
-0.27262923 -0.42309892 -1.1593206 210 210 210
0.11257965 0.18876112 -1.3214275 210 210 210
0.039202992 0.043317251 -1.3151785 210 210 210
-0.0012216697 -0.40452737 -1.3717827 210 210 210
0.082077295 -0.061195839 -1.3253893 210 210 210
0.60233378 1.0539711 -1.2611654 210 210 210
0.5971669 -0.3051393 -1.2652161 210 210 210
-0.055164397 -0.34079728 -1.4117463 210 210 210
0.62162834 -0.34906623 -1.2338134 210 210 210
-1.0244451 1.2479939 -0.74559623 210 210 210
0.31537211 -1.0443299 -0.33445981 210 210 210
0.44576758 -0.31948659 -1.24746 210 210 210
0.53811979 -0.46599758 -1.2571794 210 210 210
-0.97782421 1.2786641 -0.7284162 210 210 210
-0.18680903 -0.066664778 -0.84290302 210 210 210
-0.98985535 1.230904 -0.75399697 210 210 210
0.28185701 -0.29198888 -1.2944165 210 210 210
0.17797619 0.4173809 -1.1497515 210 210 210
-0.061214324 -0.23937678 -0.73129034 210 210 210
0.82241738 -0.75680763 -1.0281293 210 210 210
0.32160068 -0.39759678 -0.70537728 210 210 210
-0.21231695 -0.58436358 -0.43191925 210 210 210
-0.13641326 -0.056906015 -0.84627914 210 210 210
0.070096791 -0.52346766 -1.2486798 210 210 210
0.030953579 -1.3476197 -0.78360945 210 210 210
-0.1518209 -0.31105807 -1.1839066 210 210 210
0.16664103 -0.41475642 -1.1804094 210 210 210
0.0061300551 -0.69425309 -0.89841509 210 210 210
0.26016518 -0.46866181 -0.46149004 210 210 210
0.19743027 0.46830088 -1.071959 210 210 210
0.17639853 -0.13063653 -1.5604422 210 210 210
0.16077992 0.047895759 -0.3687098 210 210 210
0.12519978 -0.41155663 -1.3720614 210 210 210
0.030358531 -0.2267407 -0.80955201 210 210 210
0.0050913715 -0.29033107 -0.73248988 210 210 210
-0.10794571 -0.5393737 -1.1615798 210 210 210
-0.32560301 -0.76484519 -1.0717742 210 210 210
-0.11358687 -0.54085141 -1.1748947 210 210 210
0.80479652 -0.8313514 -1.1575105 210 210 210
-0.12688842 -0.31457794 -1.0431066 210 210 210
0.2626659 -0.11300012 -0.20778319 210 210 210
0.30686244 -0.30297983 -0.33330032 210 210 210
0.81153107 -0.34347269 -1.2175841 210 210 210
-0.31058639 -0.47054866 -0.5124476 210 210 210
0.16404316 -0.29820043 -0.94232696 210 210 210
-0.68154025 -0.41246432 -1.2300205 210 210 210
0.18851985 -0.3195079 -1.0775758 210 210 210
0.39505929 -0.27896297 -1.2468696 210 210 210
0.59175038 -0.80683059 -0.92677093 210 210 210
0.32936865 -1.0965279 -0.26764312 210 210 210
0.29050246 0.41794753 -1.2991414 210 210 210
-0.12509884 -0.051078666 -0.82257932 210 210 210
-0.031062214 -0.58660513 -1.2013042 210 210 210
0.011101767 -0.0091151148 -1.3379669 210 210 210
0.096372947 -0.25465932 -0.68184477 210 210 210
-0.13704549 -0.35642049 -1.1749442 210 210 210
-0.19253859 -0.33328137 -1.2404883 210 210 210
0.30877903 -0.13471857 -1.2912588 210 210 210
-0.072211862 -0.27662393 -1.288051 210 210 210
0.34633166 -0.25391221 -1.2732477 210 210 210
0.12929504 -0.18838841 -0.74582243 210 210 210
0.136797 -0.40565944 -1.2507502 210 210 210
-0.084707931 -0.25210017 -0.8536768 210 210 210
0.2716333 0.54168385 -1.0993357 210 210 210
0.12913254 -0.15729493 -1.3085783 210 210 210
-0.024459636 -0.28176546 -1.3867333 210 210 210
-0.075583361 -0.036278877 -0.81156754 210 210 210
0.20158735 0.073406368 -1.2858658 210 210 210
0.7747184 -0.5208624 -1.1654532 210 210 210
0.77059287 -0.47502089 -1.2036309 210 210 210
-0.90479338 1.2880661 -0.7303676 210 210 210
0.76783478 -0.47920087 -1.1891659 210 210 210
0.21569952 -0.017532537 -1.2637701 210 210 210
0.11340653 -0.20498529 -0.7426967 210 210 210
-0.0017735492 -0.2037472 -0.77870709 210 210 210
0.81455547 -0.61594057 -1.104628 210 210 210
-0.16945665 -0.56454706 -1.3207574 210 210 210
-0.1212528 -0.10850689 -0.82511443 210 210 210
0.12269032 -0.17391807 -0.77575797 210 210 210
0.27954054 -0.58256507 -0.61211938 210 210 210
-0.41526353 -0.70586443 -1.2243167 210 210 210
0.064732239 -0.24798916 -0.83037031 210 210 210
0.31079635 -1.0021877 -0.31744593 210 210 210
0.75019151 -0.43523291 -1.2513074 210 210 210
0.54534334 -0.30497664 -1.215366 210 210 210
0.43441689 -1.156901 -0.56713432 210 210 210
-0.10780488 -0.049568024 -0.83183622 210 210 210
-0.19954997 -0.35595879 -1.4379262 210 210 210
-0.14679421 -0.081176624 -0.83404285 210 210 210
0.3980453 -0.29687482 -1.279446 210 210 210
-0.89778525 1.3402909 -0.70603061 210 210 210
-1.1967803 1.2733834 -0.73695916 210 210 210
0.19493939 0.37088874 -1.3299867 210 210 210
-0.029283084 -0.20051795 -1.5157244 210 210 210
0.69414949 -0.33489117 -1.2400166 210 210 210
0.15536799 -0.62900501 -1.0944258 210 210 210
-0.15359731 -0.053336512 -0.87664181 210 210 210
0.0082253432 -0.6506139 -1.2301975 210 210 210
0.10415085 -0.15848286 -1.2847799 210 210 210
0.45797583 -0.28093725 -1.221899 210 210 210
0.00025627832 -0.17738888 -1.5086834 210 210 210
0.57083482 -0.26829049 -1.2323583 210 210 210
-0.44042003 -0.67346692 -1.0303445 210 210 210
0.81619686 -0.52006483 -1.1619526 210 210 210
0.12623358 -0.099594459 -1.3466682 210 210 210
-0.35741082 -0.30692041 -1.4067484 210 210 210
0.89263141 -0.68990326 -1.1141301 210 210 210
0.078606233 -0.31807283 -1.2665236 210 210 210
-0.18138005 -0.49770498 -1.1829028 210 210 210
-0.18452334 -0.31748223 -1.2045879 210 210 210
0.76917279 -0.44600061 -1.2067279 210 210 210
0.40936938 -1.1024529 -0.89653409 210 210 210
-0.39014363 -0.71193504 -1.1277629 210 210 210
0.11830656 -0.31936592 -0.67395061 210 210 210
-0.10050885 -0.25892571 -1.3095957 210 210 210
0.3246395 -0.19112723 -1.2415924 210 210 210
-0.28922302 -0.48203468 -0.47594237 210 210 210
-0.27096024 -0.40114173 -0.61972368 210 210 210
0.03146651 -0.13288939 -1.2116555 210 210 210
0.10211095 -0.50646722 -0.48790717 210 210 210
0.19267949 -0.27238908 -0.65273345 210 210 210
-0.22487929 -0.48095027 -1.4346555 210 210 210
-0.2293133 -0.11949688 -0.82593095 210 210 210
0.037348595 -0.21363997 -0.81597239 210 210 210
-0.05929843 -0.35116786 -1.4990777 210 210 210
-0.11540371 0.25256813 -1.2478526 210 210 210
-0.79396623 1.516852 -0.61291051 210 210 210
0.110228 -0.17366792 -1.1516141 210 210 210
0.023224223 -0.20424989 -1.1979672 210 210 210
0.58751541 -0.33237961 -1.2039604 210 210 210
0.62070072 -0.28565237 -1.2166892 210 210 210
-1.0503722 1.2950729 -0.70423889 210 210 210
0.583085 -1.6423734 0.36088651 210 210 210
-0.1088643 -0.04477974 -0.83474874 210 210 210
-0.069964744 -0.32346326 -1.1464864 210 210 210
0.5235579 -0.64985311 -1.2668761 210 210 210
-0.19070472 -0.28177646 -1.0535153 210 210 210
0.77332538 -0.43124983 -1.2200428 210 210 210
0.58861339 -0.26489076 -1.2270443 210 210 210
0.78369635 -0.67602861 -1.1618632 210 210 210
0.18626536 -0.45013186 -1.3629293 210 210 210
0.09189821 -0.19752228 -1.2110279 210 210 210
0.29821053 -1.1639156 -0.65999746 210 210 210
0.28474811 0.5393849 -1.3980035 210 210 210
-0.11291 -0.34217283 -1.169856 210 210 210
0.14128307 -0.16554599 -0.71494967 210 210 210
-0.92346537 1.3078099 -0.72707307 210 210 210
-0.071171157 -0.33279699 -1.4967581 210 210 210
-0.012843183 -0.27403229 -1.5289105 210 210 210
0.75750041 -0.54629475 -1.1609305 210 210 210
-0.41231018 -0.48393992 -1.2050247 210 210 210
-0.018871624 0.077835754 -0.84750831 210 210 210
-0.0037483757 -0.20800504 -0.78231269 210 210 210
0.69212514 -0.58455586 -1.2196121 210 210 210
-0.428175 -0.43296942 -1.1938511 210 210 210
-1.3694545 0.13708593 -0.85051548 210 210 210
-0.085486434 -0.39710668 -1.2920294 210 210 210
-0.18270899 -0.29413047 -1.3767328 210 210 210
0.81649315 -0.43153089 -1.2039666 210 210 210
0.14264148 -0.1603318 -1.2998488 210 210 210
0.42685449 -1.0779482 -0.59692836 210 210 210
0.10260165 -0.21554689 -1.3184366 210 210 210
0.34139284 -0.23097135 -1.2337723 210 210 210
-0.38696092 -0.43177262 -1.1604244 210 210 210
0.82113713 -0.45744434 -1.2189198 210 210 210
-0.018796913 -0.21196854 -1.2589709 210 210 210
0.45511684 -0.24531494 -1.2391286 210 210 210
0.77224338 -0.5938307 -1.1952903 210 210 210
-0.073872924 -0.38370264 -1.3358331 210 210 210
-0.46513143 0.21987078 -0.23696211 210 210 210
-0.5131284 -0.95488471 -0.84809119 210 210 210
0.71883953 -0.55428904 -1.1631911 210 210 210
0.27254638 -1.4648864 0.039352577 210 210 210
0.10613614 -0.20088394 -0.74361277 210 210 210
0.74181843 -0.38831028 -1.2146772 210 210 210
-0.36176735 -0.80493218 -1.0971971 210 210 210
-0.29217368 -0.46390247 -0.50220877 210 210 210
0.35205731 -1.1814785 0.22209048 210 210 210
-0.12437803 -0.80854481 -0.66644615 210 210 210
-0.25834656 -0.52337331 -1.2670176 210 210 210
-0.31262177 -0.70168459 -1.2085971 210 210 210
-0.13836718 -0.82448924 -0.93324155 210 210 210
-0.16105236 -0.39192298 -1.3058136 210 210 210
-0.18860249 -0.4067364 -0.55139834 210 210 210
0.11353011 -0.019057153 -1.2413595 210 210 210
0.060798876 -0.40524986 -1.0495015 210 210 210
0.94946343 -0.69762838 -0.5453155 210 210 210
-0.24857672 -0.55547935 -0.54041314 210 210 210
-0.40445071 -0.71990281 -1.0319847 210 210 210
-0.059514564 -0.32308754 -1.021099 210 210 210
-0.22467844 -0.53845137 -0.53330618 210 210 210
-0.061179049 -0.69989812 -0.93776762 210 210 210
0.0018824601 -0.28521633 -0.68421382 210 210 210
-0.34075496 -0.82971627 -1.2023108 210 210 210
-0.024404747 -0.22157218 -0.88587761 210 210 210
0.85856259 -0.573713 -1.0797091 210 210 210
0.34233689 0.0079655051 -0.20487677 210 210 210
-1.3118373 1.1265467 -0.75879061 210 210 210
-0.19440769 -0.28005546 -0.98408628 210 210 210
-0.1390916 -0.3350592 -1.0955769 210 210 210
0.012338076 -0.27262798 -1.282618 210 210 210
0.28293681 -0.17282645 -0.82559448 210 210 210
0.82390076 -0.60225618 -1.1101222 210 210 210
-0.2386391 -0.4901928 -0.56300133 210 210 210
-0.41672769 -0.4268201 -1.1986158 210 210 210
-0.22675404 -0.11361149 -0.83267599 210 210 210
-0.14670219 -0.30921692 -1.4199291 210 210 210
0.092073709 -0.2566824 -0.73714173 210 210 210
0.088184617 -0.44463593 -1.1732385 210 210 210
0.23472759 0.3353236 -1.1497922 210 210 210
-0.62118751 0.18099803 -0.24065903 210 210 210
0.098124623 -0.2375204 -0.71486104 210 210 210
-0.060077965 -0.33989984 -1.4593252 210 210 210
0.93523872 -0.49135619 -1.1271546 210 210 210
-0.93023199 1.3288027 -0.6790269 210 210 210
0.212485 -0.22712022 -0.72715569 210 210 210
0.19102944 -0.22887366 -1.0844995 210 210 210
0.030673102 -0.21054025 -0.77007818 210 210 210
0.024583347 0.070042953 -0.85247636 210 210 210
0.064730726 0.061173014 -1.3391107 210 210 210
0.26580152 -0.30066666 -1.2663113 210 210 210
0.76094025 -0.52884662 -1.1666416 210 210 210
0.12426455 0.23146816 -1.3213102 210 210 210
-0.088903636 -0.28778142 -1.383287 210 210 210
0.3490918 -0.32167399 -1.2575788 210 210 210
0.0038283016 -0.2024633 -0.77762926 210 210 210
-1.0899644 1.225096 -0.74059522 210 210 210
0.16079749 -0.1691912 -0.72467661 210 210 210
-0.10117645 0.20311728 -1.2393047 210 210 210
0.14440964 0.0044571036 -1.265515 210 210 210
-0.052068118 -0.23076962 -1.4965955 210 210 210
0.099943884 0.14931288 -1.3242375 210 210 210
0.0074099754 -0.21672043 -0.79930067 210 210 210
-0.060700759 -0.18329847 -1.4862586 210 210 210
-0.083061829 0.24126749 -1.2368289 210 210 210
0.11138216 -0.2035585 -0.74196535 210 210 210
0.059706036 -0.21653844 -0.79911709 210 210 210
0.28541309 -0.23225978 -1.3072854 210 210 210
-0.040033888 -0.28834939 -1.5066549 210 210 210
0.78089941 -0.47372738 -1.1944904 210 210 210
-0.0038283023 -0.26131752 -0.63492131 210 210 210
0.11820595 -0.24107718 -1.2104416 210 210 210
-0.064356215 -0.19157588 -1.3168459 210 210 210
0.015432253 -0.32561183 -0.70208246 210 210 210
-0.062762499 -0.1167836 -1.4842355 210 210 210
0.34646329 0.52380496 -1.0565213 210 210 210
-0.079468802 -0.35168612 -1.5141683 210 210 210
-0.00048749585 -0.2555348 -0.64030427 210 210 210
0.077966332 0.10813417 -1.3491447 210 210 210
0.053531118 -0.21409348 -0.81402028 210 210 210
-0.13754843 -0.06459856 -0.87753737 210 210 210
0.26201674 0.44047156 -1.1673559 210 210 210
0.34134108 -1.2460643 -0.61711937 210 210 210
0.51986283 -0.25879893 -1.2031571 210 210 210
-0.13760424 -0.053375229 -0.85260844 210 210 210
0.082403734 -0.14098178 -1.5613459 210 210 210
0.12443546 -0.19881755 -0.76062906 210 210 210
0.037776854 -0.2102367 -0.81428909 210 210 210
0.06883131 0.019462887 -1.3507974 210 210 210
-0.19600199 -0.055115081 -0.87146336 210 210 210
0.30591348 0.43237478 -1.1458809 210 210 210
-0.072748557 -0.19386382 -1.4420662 210 210 210
0.13428299 -0.16809249 -1.1877701 210 210 210
0.13919757 -0.17348801 -1.1453881 210 210 210
-0.038947869 -0.24510564 -1.5224832 210 210 210
0.17210856 0.18133658 -1.3108025 210 210 210
-0.68263334 1.4955268 -0.6265111 210 210 210
0.79782158 -0.43914992 -1.1881727 210 210 210
-0.95255274 -0.20755301 -1.1999699 210 210 210
0.077584542 0.23502637 -1.180423 210 210 210
-0.4001101 -0.54542923 -1.2547065 210 210 210
0.76870722 -0.41585734 -1.2110922 210 210 210
0.15052722 -0.17673466 -1.1757989 210 210 210
-0.030369334 -0.21826038 -1.5174196 210 210 210
-0.19040167 -0.064593695 -0.87002409 210 210 210
-0.076919496 -0.3634572 -1.5168959 210 210 210
0.74956489 -0.52911156 -1.2617 210 210 210
-0.17253873 -0.063272886 -0.87748039 210 210 210
0.13869187 -0.21497072 -0.7704345 210 210 210
0.077235371 -0.21172442 -1.4945509 210 210 210
0.20349962 0.27309743 -1.3214217 210 210 210
0.48215592 -0.31671354 -1.2116904 210 210 210
-0.163405 -0.33335796 -1.1880702 210 210 210
0.095735937 -0.55916232 -1.3694122 210 210 210
0.14084907 -0.14726992 -1.295777 210 210 210
-0.083397008 -0.21850616 -1.5065812 210 210 210
0.090163775 0.018508425 -1.3265704 210 210 210
-0.14022584 -0.40990984 -1.1792071 210 210 210
0.23201212 -0.052492626 -1.2771736 210 210 210
-0.24435346 -0.47451472 -1.1852187 210 210 210
0.80754465 -0.52976179 -1.1855048 210 210 210
0.28296217 -0.18691467 -1.3235494 210 210 210
0.82924134 -0.32163295 -1.2197424 210 210 210
0.21127182 -0.50058424 -0.55012399 210 210 210
0.34360588 0.47990289 -1.0582122 210 210 210
0.0060381838 -0.29733074 -0.70666564 210 210 210
-0.031048359 -0.25160429 -0.62642097 210 210 210
0.26789221 0.4627789 -1.0536554 210 210 210
0.23616095 0.48856306 -1.0846066 210 210 210
-0.51908904 -1.1075425 -0.86060774 210 210 210
0.33629444 0.48800242 -1.0644461 210 210 210
-0.060535546 -0.33002296 -1.3955705 210 210 210
0.3166582 0.4756172 -1.0593534 210 210 210
0.075560793 -0.49154079 -1.2187989 210 210 210
0.18080811 0.30135205 -1.3308636 210 210 210
0.055305064 -0.30324322 -0.64999372 210 210 210
0.20377192 0.28078496 -1.0487312 210 210 210
-0.13050242 0.049870189 -0.91056681 210 210 210
-0.37681052 -0.62573141 -1.1823336 210 210 210
-0.018466989 -0.26445076 -1.1862576 210 210 210
-0.24606653 -1.318756 -0.86232442 210 210 210
-0.25133994 -0.31064117 -1.4420763 210 210 210
-0.19991876 -0.33298627 -1.1923646 210 210 210
-0.87518692 -0.23657945 -1.2077787 210 210 210
-0.17128167 -0.063239157 -0.87564909 210 210 210
0.14189541 -0.49660861 -0.47880036 210 210 210
-0.54992849 -0.84070778 -0.64296949 210 210 210
0.1365792 -0.76972723 -0.7170952 210 210 210
-0.094762415 -0.22574477 -1.2990535 210 210 210
0.59579122 -0.91276813 -0.98065406 210 210 210
0.01481983 -0.24311195 -0.75344497 210 210 210
0.12146626 -0.19907944 -0.74717206 210 210 210
-0.042951129 0.056275699 -0.83929324 210 210 210
-0.097515993 -0.23468699 -0.84147322 210 210 210
0.78997755 -0.63142449 -1.1553217 210 210 210
-0.0043784953 -0.27295899 -1.2775474 210 210 210
-0.25575909 -0.90755576 -0.7557705 210 210 210
-0.46584955 -0.44031233 -0.27048025 210 210 210
-0.11143754 -0.35856691 -1.1586467 210 210 210
-0.04895629 -0.20215285 -1.0340503 210 210 210
0.071867436 -0.25171396 -0.71988124 210 210 210
0.15141691 -0.15763685 -1.253404 210 210 210
-0.14566672 -0.61998606 -1.0370793 210 210 210
0.29093847 -0.15130246 -1.294576 210 210 210
1.6745949 1.7466972 -0.44102687 210 210 210
0.23787881 -1.2753884 -0.97715676 210 210 210
0.17190573 -0.21279432 -0.77906388 210 210 210
-0.76022464 -0.40533409 -0.35965851 210 210 210
-0.18874252 -0.24168743 -1.4570388 210 210 210
0.10668764 -0.11065482 -1.4860026 210 210 210
-0.13406752 -0.047510646 -0.84089214 210 210 210
-0.23805569 -0.91205317 -1.028945 210 210 210
0.076079905 -0.97079045 -0.70660025 210 210 210
0.21165866 -0.39828917 -0.93365431 210 210 210
-0.49292237 -0.65296513 -1.0288172 210 210 210
-0.97610807 1.2854849 -0.71572232 210 210 210
-0.067691177 -0.31399408 -1.5342667 210 210 210
1.6405429 1.4364659 0.4613032 210 210 210
0.21798903 -0.22087465 -0.71920949 210 210 210
-0.10085984 -0.32455549 -1.0591787 210 210 210
0.8666032 -0.69223386 -1.1015179 210 210 210
0.20821537 0.015379278 -1.273262 210 210 210
0.83880562 -0.59855503 -1.0704392 210 210 210
0.28928173 -0.11219262 -0.1550182 210 210 210
0.1227629 -0.35908204 -0.65262425 210 210 210
-0.50348729 -0.68707597 -0.73582393 210 210 210
0.598014 -0.84825128 -0.98387694 210 210 210
-0.22894359 -0.64272654 -0.14056098 210 210 210
0.41613865 -1.0613235 -0.60736877 210 210 210
0.51487631 0.87471604 -1.2682906 210 210 210
-1.0390381 1.2930639 -0.75700706 210 210 210
0.2443902 0.035338398 -1.2653592 210 210 210
-0.10128997 -0.51664162 -1.1458482 210 210 210
0.22493552 -0.18893525 -1.296522 210 210 210
0.25299516 0.18997093 -1.2730582 210 210 210
0.36911872 0.53201711 -1.0719184 210 210 210
0.1370324 -0.17509343 -1.1470654 210 210 210
0.37806457 -1.1274222 -0.60726076 210 210 210
0.42024109 -1.0823916 -0.9475919 210 210 210
0.5130164 -1.0360972 -0.93535936 210 210 210
-0.46508968 -0.6547811 -0.85658014 210 210 210
-0.23025994 -0.32552344 -1.4020108 210 210 210
-0.10025401 -0.24641109 -1.3802421 210 210 210
0.19528028 -0.11668502 -1.2622211 210 210 210
-0.12572218 -0.26668587 -0.81966698 210 210 210
-0.12229929 -0.71686661 -0.98303837 210 210 210
-0.43516669 -1.052387 -0.90327275 210 210 210
-0.29745477 -0.67485321 -1.2558147 210 210 210
-0.25315365 -0.40120181 -0.60356486 210 210 210
-0.21380265 -0.36972517 -1.2757273 210 210 210
-0.24355617 -0.37849629 -0.64665323 210 210 210
-0.25405604 -0.54689419 -0.54877776 210 210 210
-0.40970674 -0.69685423 -1.0133821 210 210 210
-0.49746543 -0.63965064 -1.0561782 210 210 210
-0.48886293 -0.62985855 -1.0644478 210 210 210
-0.10216003 -0.26182836 -1.3617873 210 210 210
0.48909068 -0.57782012 -1.1208388 210 210 210
0.22814664 -1.1690733 -0.22696625 210 210 210
0.40597326 -1.2148041 -0.56807691 210 210 210
0.18395334 -0.19672427 -0.69853759 210 210 210
-0.018856572 -0.43668672 -0.87088412 210 210 210
0.47332525 -1.1189507 -0.99306428 210 210 210
-0.049488202 -0.039964605 -0.79414445 210 210 210
0.32185611 -1.2633667 -0.64440298 210 210 210
0.21995816 -0.41272792 -0.34786195 210 210 210
-1.2521788 -0.14059089 -0.86920518 210 210 210
-0.99501169 1.2128853 -0.75925905 210 210 210
-0.0046621934 -0.21088161 -0.77759171 210 210 210
0.24275132 0.063909046 -1.2797465 210 210 210
0.018764222 -0.23808324 -0.78495884 210 210 210
-0.10449667 -0.31651133 -1.4040781 210 210 210
0.23939094 -0.54801875 -0.53071207 210 210 210
0.8381865 -0.72274715 -1.1151333 210 210 210
0.81473821 -0.40731636 -1.2013507 210 210 210
-0.011180175 -0.2181249 -0.80880934 210 210 210
0.23205054 0.44236282 -1.156126 210 210 210
0.088313565 -0.19373149 -0.75242978 210 210 210
0.3849102 -1.3055415 -0.57981366 210 210 210
0.15457173 -0.1603076 -1.2481744 210 210 210
0.12204254 -0.18929289 -0.76009959 210 210 210
0.8923974 -0.57945275 -1.1500369 210 210 210
0.36272845 0.52913386 -1.0753793 210 210 210
0.15292749 0.29369006 -1.1869907 210 210 210
0.15991129 -0.1701677 -0.74501902 210 210 210
0.13341206 -0.32407251 -1.2449461 210 210 210
0.20878647 0.071675941 -1.2735494 210 210 210
0.13601223 -0.1960317 -1.3288512 210 210 210
0.11705109 -0.33919805 -1.2829815 210 210 210
0.091725223 -0.17991266 -1.1567755 210 210 210
0.32850972 -1.1690689 -0.6334793 210 210 210
0.12082035 -0.14541298 -1.2430687 210 210 210
-0.056974478 -0.16954197 -1.4897515 210 210 210
0.10933159 -0.18258691 -1.2175404 210 210 210
0.084927984 -0.21124369 -1.2122612 210 210 210
0.11486121 -0.14313874 -1.2537588 210 210 210
-0.11147759 -0.052614957 -0.82961363 210 210 210
0.63771331 -0.29486081 -1.2151748 210 210 210
0.13150252 -0.14311899 -1.245479 210 210 210
-0.74084818 -0.35200199 -1.1591277 210 210 210
0.091460474 -0.14727294 -1.3051102 210 210 210
0.098136604 0.34670675 -1.2032455 210 210 210
0.38002473 -1.1218301 -0.59087825 210 210 210
0.27319196 0.47801578 -1.0810468 210 210 210
0.4239313 -1.0253075 -0.60257965 210 210 210
-0.2088251 -0.066928752 -0.89290369 210 210 210
-0.21245332 -0.50270581 -1.34319 210 210 210
0.080853321 -0.25570077 -0.71699291 210 210 210
0.66572773 -0.32649592 -1.2352736 210 210 210
0.016065808 0.31661576 -1.264748 210 210 210
0.27293226 -0.025996853 -1.3216536 210 210 210
-0.34120789 -0.43955988 1.1877805 210 210 210
-0.42306519 -0.91541684 -0.97984695 210 210 210
-0.193817 -0.36882317 -1.3259789 210 210 210
-0.067938916 -1.1427161 -0.9481954 210 210 210
-0.36022219 -0.63804996 -1.1463605 210 210 210
-0.34412766 -0.95444137 -0.87701505 210 210 210
-0.26108322 -0.56761295 -0.53421462 210 210 210
-0.27116755 -0.39553088 -0.64556187 210 210 210
-0.26276007 -0.56186646 -0.53667903 210 210 210
-0.16647469 -0.45219168 -1.5203404 210 210 210
0.074351214 -0.33112153 -0.6198588 210 210 210
-0.2443516 -0.38630596 -0.62435174 210 210 210
-0.49384862 -0.68467206 -0.95144469 210 210 210
0.073722601 -0.076159209 -1.2007732 210 210 210
-0.32001027 -0.44765386 -1.3380711 210 210 210
-0.1991886 -0.4280906 -0.52093852 210 210 210
0.21774837 0.20274094 -1.2287341 210 210 210
-0.28633577 -0.39630008 -0.6457631 210 210 210
-0.053713296 0.224795 -1.1926178 210 210 210
0.25296482 -0.15663899 -0.19371119 210 210 210
-0.21496397 -0.53001571 -0.5055958 210 210 210
0.33198601 -0.13897392 -0.13997076 210 210 210
1.1345085 -1.1884978 -0.75522614 210 210 210
0.82292145 -0.54324603 -1.1013273 210 210 210
-0.20722 -0.31271708 -1.4397895 210 210 210
-0.21058048 -0.27213043 -1.4578571 210 210 210
-0.36407992 -0.81081736 -1.0366983 210 210 210
0.24740757 -0.091073863 -0.010055257 210 210 210
-0.17050844 -0.30025864 -1.1152904 210 210 210
0.36318815 -1.0493999 -0.2886965 210 210 210
0.20989782 0.32961199 -1.1277596 210 210 210
-0.6961441 -0.066416092 -0.39794695 210 210 210
-0.27638778 -0.45567384 -1.4656194 210 210 210
0.022669056 -0.26485515 -0.78376228 210 210 210
0.22988284 -0.20712335 -0.71559012 210 210 210
0.20975836 -0.22233924 -0.73424023 210 210 210
-0.0721111 -0.35843939 -1.3286659 210 210 210
-0.21765758 -0.36921075 -1.3227069 210 210 210
0.070404328 0.080796719 -0.85229784 210 210 210
-0.081265017 -0.32793209 -1.406299 210 210 210
0.036556356 -0.30756181 -1.3530098 210 210 210
0.87841457 -0.66639268 -1.1487377 210 210 210
0.022095947 -0.0082292613 -1.3417188 210 210 210
-0.06828285 -0.34427068 -1.3957781 210 210 210
0.16232532 -0.20544501 -0.74087572 210 210 210
0.51717782 -0.57846737 -1.2136765 210 210 210
0.2610372 -0.4416557 -0.37832159 210 210 210
0.38997632 -0.50251061 -1.2504399 210 210 210
0.0087485425 0.064215742 -0.85208434 210 210 210
0.1069928 -0.18545653 -0.75154531 210 210 210
0.13997242 0.26000655 -1.3680642 210 210 210
-0.094570413 0.033142824 -0.89129174 210 210 210
0.30996951 -0.87063926 -1.0231844 210 210 210
0.18647464 -0.40353853 -1.3037226 210 210 210
-0.036352355 -0.21620187 -0.78101897 210 210 210
0.082190953 -0.25069612 -0.78656262 210 210 210
-0.60766184 -0.73972529 -0.14755015 210 210 210
-0.36050239 -0.75699008 -1.1200298 210 210 210
-0.081668317 -0.93900019 -0.80831027 210 210 210
0.51696092 -0.6313262 -1.1360353 210 210 210
0.15578251 0.30243668 -1.3755426 210 210 210
-0.20007923 -0.32050046 -1.08683 210 210 210
0.28712198 0.46274379 -1.0838746 210 210 210
-0.26276636 -0.5580619 -0.53608823 210 210 210
0.86269546 -0.93467593 -1.0497409 210 210 210
0.20318529 -0.17231712 -0.71780688 210 210 210
0.19878797 -0.28527516 -0.95804238 210 210 210
-0.089406267 -0.28075749 -1.2578845 210 210 210
0.28264433 0.47840488 -1.0735714 210 210 210
-0.040024091 0.082405627 -0.8421042 210 210 210
0.19465983 -0.17742331 -0.72286785 210 210 210
0.2214205 -0.41128963 -0.5572834 210 210 210
0.6940797 -0.79765517 -1.1543411 210 210 210
0.42705896 0.063412681 -1.0160075 210 210 210
0.10479139 -0.26938358 -1.3434693 210 210 210
0.25557473 -0.60734916 -0.62800026 210 210 210
0.34050459 0.47888175 -1.0511347 210 210 210
0.11068802 -1.5036898 0.18281592 210 210 210
0.043539092 -0.053111896 -1.334973 210 210 210
-1.4499242 0.084297113 -0.96482718 210 210 210
-0.50400972 -0.66327274 -0.81406319 210 210 210
0.83226269 -0.51606542 -1.1597036 210 210 210
-0.27021983 -0.53990859 -0.55285966 210 210 210
0.43439209 -1.0838393 -0.5520668 210 210 210
-0.16609113 -0.053559281 -0.88643712 210 210 210
-0.044120003 -0.29240817 -1.5528663 210 210 210
-0.22909318 -0.79093206 -0.91934764 210 210 210
0.096902616 0.32777843 -1.2144381 210 210 210
0.86329544 -0.29991287 -1.218119 210 210 210
0.18079555 -0.18990643 -0.71601003 210 210 210
-0.49888486 -0.18153909 -0.84649497 210 210 210
-0.15178874 -0.29669762 -1.3362937 210 210 210
-0.20792158 -0.093889877 -0.83246392 210 210 210
-0.98552376 1.2714723 -0.76960284 210 210 210
-0.21424258 -0.33463162 -1.1479967 210 210 210
0.25701383 0.13452034 -1.2972424 210 210 210
-0.11378477 -0.30337435 -1.0870657 210 210 210
-0.18455517 -0.89637959 -0.90412199 210 210 210
-0.46042857 -0.97520792 -0.93485135 210 210 210
-0.88568491 -0.60523289 -0.4165872 210 210 210
0.11352311 -0.32503876 -0.70193458 210 210 210
-0.072112851 0.25711802 -1.2839299 210 210 210
-1.339322 1.0668207 -0.80476427 210 210 210
0.77217311 -0.30585337 -1.2505023 210 210 210
-0.026576797 0.26641306 -1.2427624 210 210 210
0.1032184 0.015623077 -1.336506 210 210 210
-0.10641114 0.24854457 -1.2738571 210 210 210
0.074045837 0.035054889 -1.3212378 210 210 210
0.7513566 -0.5462147 -1.1888545 210 210 210
-1.1369723 1.2842577 -0.73516989 210 210 210
0.68506241 -0.39138865 -1.2403146 210 210 210
0.75996411 -0.48880816 -1.1897388 210 210 210
-0.041869447 -0.25373152 -0.79631895 210 210 210
-0.11581697 -0.36159492 -1.2954859 210 210 210
-0.44883484 -0.53704882 -1.1363924 210 210 210
0.033432174 -0.18183933 -1.0597869 210 210 210
0.34076232 -1.0983392 -0.67407662 210 210 210
0.75327057 -0.491054 -1.1972612 210 210 210
0.21307577 -0.25988844 -0.76973277 210 210 210
0.082736559 0.30693522 -1.2151363 210 210 210
-0.0034503513 -0.032076981 -0.81553513 210 210 210
-0.0093189357 -0.34301347 -1.4763993 210 210 210
0.36789542 0.0039784447 -0.18814559 210 210 210
0.027141865 0.33502784 -1.2170508 210 210 210
-0.10429119 -0.32598472 -1.4421446 210 210 210
0.28820631 -0.41575062 -1.2189665 210 210 210
0.37520227 -0.18726248 -1.2299268 210 210 210
-0.03832585 -0.22266187 -1.5424408 210 210 210
0.65770763 -0.29764941 -1.241833 210 210 210
0.76195163 -0.47397748 -1.2050449 210 210 210
0.76504326 -0.41839138 -1.2390261 210 210 210
0.12947175 0.18876489 -1.208571 210 210 210
0.7321943 -0.60772473 -1.203136 210 210 210
-0.015745044 -0.11584385 -1.5097821 210 210 210
0.43672013 -1.0627515 -0.59377998 210 210 210
0.34856477 -0.46242467 -1.2162555 210 210 210
0.22706828 -0.085363448 -1.2824197 210 210 210
-0.18009964 -0.33715951 -1.3607519 210 210 210
-0.21107166 0.47279885 -0.86162263 210 210 210
0.73100179 -1.7814866 0.79379493 210 210 210
0.23291078 -0.16947673 -0.83914524 210 210 210
-0.37949896 -1.4212089 -0.9156428 210 210 210
0.020926176 0.082914233 -0.85459191 210 210 210
0.05059525 -0.44783792 -1.3479921 210 210 210
-0.70383549 -0.69847667 -0.48961902 210 210 210
0.30371809 -0.053261559 -0.1554271 210 210 210
0.38558653 -1.2112191 -0.091239683 210 210 210
0.15691763 0.093973167 -1.2675096 210 210 210
0.01096242 -0.71672297 -0.97201216 210 210 210
-0.33313289 -0.85376853 -0.8749817 210 210 210
-0.39292008 -0.70175749 -1.2114044 210 210 210
-0.20036227 -0.40486261 -1.3545605 210 210 210
-0.14881913 -0.43145058 -0.47698623 210 210 210
-0.086577766 -0.91581029 -0.88660139 210 210 210
0.16536558 -0.78234285 -0.96574247 210 210 210
0.1547792 -1.0285311 -1.0338547 210 210 210
-0.53160298 -0.6935271 -0.67556107 210 210 210
-0.82446474 -0.58784914 -0.46369493 210 210 210
0.050599147 -0.37883416 -0.70436162 210 210 210
0.07231304 0.043950703 -0.3187924 210 210 210
0.74433529 -0.60422087 -1.1731923 210 210 210
0.7562893 -0.505292 -1.170331 210 210 210
0.28614753 -0.20896378 -1.2788314 210 210 210
0.34392816 -0.43626204 -0.815139 210 210 210
0.14310151 -0.22331333 -1.1929824 210 210 210
-0.17009205 -0.51765263 -1.2141072 210 210 210
-0.2081435 -0.29139555 -1.4683005 210 210 210
0.33693305 0.51017362 -1.2253659 210 210 210
0.12646894 -0.14364098 -1.2477841 210 210 210
-0.058927979 -0.03591701 -0.80835652 210 210 210
0.81069463 -0.54510272 -1.167972 210 210 210
0.082006052 0.0066564465 -1.3266218 210 210 210
-0.17562421 -0.047932014 -0.88910913 210 210 210
0.3529177 -1.1325097 -0.59781557 210 210 210
0.73594743 -0.49999684 -1.2041233 210 210 210
0.091300987 -0.30443919 -1.320619 210 210 210
0.27926898 -0.054959033 -1.2801721 210 210 210
0.1098989 -0.065651268 -1.5853951 210 210 210
0.76891994 -0.60718286 -1.204142 210 210 210
0.41175613 0.51495129 -1.2965671 210 210 210
0.42389446 -0.19707698 -1.2474407 210 210 210
-0.18052065 -0.048999783 -0.90143961 210 210 210
-0.044087861 -0.028240275 -0.82458812 210 210 210
0.32836035 -1.1206218 -0.70657974 210 210 210
0.045282289 0.2631073 -1.2100592 210 210 210
0.41201344 -1.0930116 -0.60203826 210 210 210
0.075117908 0.29879239 -1.1768522 210 210 210
-0.81490946 -0.36285472 -1.2523359 210 210 210
-0.67981601 -0.30982664 -0.44614723 210 210 210
-0.3419922 -0.42783973 -0.57859385 210 210 210
-1.4169828 1.0282689 -0.79602408 210 210 210
0.10377122 -0.083715834 -1.2983632 210 210 210
0.069184177 0.016696341 -1.3076488 210 210 210
-0.21273115 -0.10393123 -0.82381576 210 210 210
0.043343507 -0.33608308 -1.2368751 210 210 210
-0.047480382 -0.41587082 -1.3379064 210 210 210
-0.16310439 -1.0488238 -1.0659841 210 210 210
-0.10429458 0.2211249 -1.2036159 210 210 210
0.24847728 -0.31830803 -0.70756954 210 210 210
-0.098995537 0.2575191 -1.2689629 210 210 210
-0.010034423 -0.15047891 -1.5041349 210 210 210
0.31181937 -1.1346699 -0.68280637 210 210 210
-0.036692351 -0.25293389 -0.62818807 210 210 210
0.13671157 -0.22046423 -0.75026 210 210 210
0.15514438 0.28732288 -1.3446312 210 210 210
-0.030133212 -0.19131741 -1.5117354 210 210 210
0.20006542 -0.40277216 -1.2545241 210 210 210
0.1302872 -0.17771453 -0.7600202 210 210 210
0.68445361 -0.63006055 -1.1080772 210 210 210
0.017287716 -0.42140415 -0.871391 210 210 210
-0.08637324 -0.221707 -1.5116787 210 210 210
-0.0084014283 0.15113135 -1.206913 210 210 210
0.18466756 -0.37954408 -1.27819 210 210 210
0.085234992 -0.18714583 -1.2036402 210 210 210
0.17409036 -0.31452283 -1.3078901 210 210 210
0.77913779 -0.4188008 -1.247207 210 210 210
0.78670436 -0.46452466 -1.1825634 210 210 210
0.8441056 -0.49056011 -1.1435227 210 210 210
-0.086582437 -0.076661289 -0.81998247 210 210 210
-0.069232024 -0.27970827 -1.3193606 210 210 210
0.8318907 -0.48356253 -1.158567 210 210 210
-0.39313951 -0.67374045 -0.73123246 210 210 210
-0.065944642 -0.036331911 -0.80920166 210 210 210
-0.027185651 -0.024406252 -0.8140288 210 210 210
-0.43350396 -0.85821742 -0.79395688 210 210 210
0.53068167 -0.25511634 -1.2346133 210 210 210
-0.30369541 -0.68954748 -1.0000719 210 210 210
-0.28628355 -0.51249123 -1.2108383 210 210 210
-0.0504224 -0.032246824 -0.80971664 210 210 210
-0.091882087 -0.26778194 -1.1180098 210 210 210
0.18535428 0.028802769 -1.3012505 210 210 210
0.28241399 0.20602344 -1.3006123 210 210 210
-0.044126388 -0.30108929 -1.4248382 210 210 210
0.7640776 -0.43932039 -1.22061 210 210 210
-0.1613058 -0.052091047 -0.88190013 210 210 210
-0.23332229 -0.45598674 -1.2091627 210 210 210
-0.033986494 -0.1712299 -1.5591189 210 210 210
0.3295213 -1.1415985 -0.62547499 210 210 210
0.100999 0.35503244 -1.2132494 210 210 210
-1.3969232 0.68162692 -0.90619856 210 210 210
0.44938725 -1.1125728 -0.56885719 210 210 210
-0.17761 -0.042161833 -0.89179391 210 210 210
-0.072580174 0.29644293 -1.2950642 210 210 210
0.75995755 -0.45442164 -1.2132146 210 210 210
0.64590269 -0.30941197 -1.2352852 210 210 210
0.76440817 -0.53795439 -1.2313908 210 210 210
0.30183914 -1.1181029 -0.63105613 210 210 210
0.095634848 0.33910432 -1.2115719 210 210 210
0.28936225 -1.1831198 -0.70556575 210 210 210
0.12810904 -0.83197147 -1.134082 210 210 210
-0.18168038 -0.35822386 -1.3639965 210 210 210
0.040479146 -0.27127039 -1.3702587 210 210 210
0.31254399 0.31129169 -1.2750443 210 210 210
0.11753394 -0.1882229 -0.77238667 210 210 210
0.85592687 -0.57878417 -1.1262945 210 210 210
-0.44558713 -0.74892032 -1.1329089 210 210 210
-0.14422724 -0.53611451 -1.2072591 210 210 210
-0.29820058 -0.43014601 -0.60449076 210 210 210
-0.30058223 -0.42347473 -0.60602188 210 210 210
-0.27896181 -0.41783369 -1.4001122 210 210 210
-0.29795977 -0.42660326 -0.60824561 210 210 210
0.08268787 -0.66697997 -0.36659271 210 210 210
0.51710367 -0.74247414 -0.9526152 210 210 210
-0.056371748 -0.80591106 -1.0693817 210 210 210
0.038963474 -0.18841086 -1.3043436 210 210 210
0.34062126 -1.2797728 0.18502811 210 210 210
0.079049632 -0.28153124 -0.79531127 210 210 210
-0.31416824 -0.38988161 -1.2164657 210 210 210
0.16732723 -0.79178017 -0.90958089 210 210 210
-0.14158651 -0.27475479 -1.334556 210 210 210
0.13783196 0.30334049 -1.3692371 210 210 210
-0.15392286 -0.28816316 -1.3158057 210 210 210
-0.52675664 -0.69286782 -0.6430788 210 210 210
-0.58839869 -0.69480455 -0.55640066 210 210 210
-0.055975944 -0.31028169 -1.2900767 210 210 210
-1.234882 1.2370026 -0.79237038 210 210 210
0.74644893 -0.52166259 -1.2074744 210 210 210
-0.31244975 -0.44893628 -1.3467313 210 210 210
0.27738702 -0.14654014 -0.106745 210 210 210
-0.46647266 -0.58032399 -1.1309499 210 210 210
0.18839237 -0.03125358 -0.18300816 210 210 210
-0.25926635 -0.53085136 -0.5616836 210 210 210
0.9091875 -0.67271447 -1.0469149 210 210 210
-0.44482481 -1.3580978 -0.94696254 210 210 210
0.12522934 -0.26487932 -0.66959906 210 210 210
-0.21246791 -0.24086763 -1.4866763 210 210 210
-0.081433691 -0.24815221 -0.7436505 210 210 210
0.36802959 -1.0993978 -0.23567156 210 210 210
0.66920787 -0.53877634 -1.199998 210 210 210
0.054660812 -0.2654402 -1.2980015 210 210 210
-0.58599401 0.14252082 -0.2356962 210 210 210
-0.38340631 -0.16215213 -0.45190808 210 210 210
-0.0059913006 -0.23246297 -0.77148312 210 210 210
0.19212487 -0.34161016 -0.67727953 210 210 210
-0.32690901 -0.7750473 -1.0848649 210 210 210
-0.67882693 0.010360165 -0.33907691 210 210 210
-0.30067015 -0.44155765 -0.58099866 210 210 210
-0.17516366 -0.55945992 -1.1842777 210 210 210
-0.074425191 -0.32180995 -1.5110695 210 210 210
-0.11355933 -0.41756633 -1.2987814 210 210 210
0.48473543 -0.54522884 -1.2452669 210 210 210
-0.11966797 -0.11348663 -0.86456078 210 210 210
0.12900548 -0.081698798 -1.3789351 210 210 210
0.14197071 -0.21362327 -0.73279011 210 210 210
0.61371934 -0.80400109 -1.0905533 210 210 210
0.34038305 -0.44209522 -0.71405584 210 210 210
-0.385919 -0.59640324 -1.1665491 210 210 210
0.71474171 -0.68313545 -1.1025079 210 210 210
0.099178754 -0.31388763 -0.76766515 210 210 210
-0.10930461 -0.34969199 -1.342654 210 210 210
0.25930917 -0.40474933 -1.2797576 210 210 210
0.10578074 0.18417463 -1.3194244 210 210 210
0.24100883 -0.17036356 -1.4642551 210 210 210
0.12986329 -0.33185747 -1.2911795 210 210 210
0.045128293 0.027318867 -1.3252132 210 210 210
0.88662505 -0.58643234 -1.1216974 210 210 210
-0.049690641 -0.3508276 -1.4131303 210 210 210
-0.74407935 1.4435596 -0.65934294 210 210 210
-0.060135193 -0.10619437 -1.3113512 210 210 210
0.11599596 -0.1806294 -0.72631615 210 210 210
0.2995533 -0.61544693 -1.1175442 210 210 210
-0.98400694 1.2723476 -0.75600338 210 210 210
-0.0043584881 -0.35530698 -1.3358585 210 210 210
0.78138131 -0.50735784 -1.1519451 210 210 210
0.759633 -0.58247316 -1.1667598 210 210 210
-0.85347384 -0.18161662 -1.3285891 210 210 210
0.31978303 -1.2418257 -0.61582106 210 210 210
0.16887338 0.1865977 -1.2988648 210 210 210
0.15021445 0.10122342 -1.3107954 210 210 210
-0.80490297 -0.6603176 -0.34020084 210 210 210
-0.0084722433 -0.21960154 -1.2076676 210 210 210
-0.81060445 -0.71960652 -0.33697203 210 210 210
0.14390776 -0.30877134 -0.65010875 210 210 210
-0.28379631 -0.48722684 0.83082432 210 210 210
0.85499322 -0.57900035 -1.0669822 210 210 210
-0.12115224 -0.055155702 -0.82450134 210 210 210
0.48557085 0.98079443 -1.2368305 210 210 210
-0.031836309 -0.2391686 -1.3205113 210 210 210
0.03873321 -0.22729617 -0.81691611 210 210 210
0.27087754 0.46957654 -1.0656029 210 210 210
0.1435746 0.27064392 -1.3287994 210 210 210
0.25238776 -0.30184853 -0.69230753 210 210 210
-0.095288418 0.048114572 -0.9118135 210 210 210
0.170164 0.0050905356 -1.2430495 210 210 210
0.10264771 -0.16552997 -0.71345419 210 210 210
-0.088316768 -0.38352549 -1.3935939 210 210 210
0.094338343 0.19178782 -1.3646816 210 210 210
0.54511148 0.97316444 -1.2465957 210 210 210
-0.20998028 -0.27373609 -1.4508718 210 210 210
0.17792074 0.44705808 -1.0741949 210 210 210
0.024902333 -0.2335825 -0.7343151 210 210 210
-0.19107315 -0.43074322 -1.2386162 210 210 210
0.81893247 -0.52475452 -1.1409981 210 210 210
0.81945962 -0.62744802 -1.1992073 210 210 210
0.20257546 -0.29467994 -1.2922523 210 210 210
0.0016714191 0.066784754 -0.85830015 210 210 210
0.27540401 0.47973588 -1.068987 210 210 210
0.041393183 -0.25695506 -0.79073709 210 210 210
-0.034276158 -0.29047942 -1.3724418 210 210 210
-1.2687798 1.149954 -0.75359482 210 210 210
0.29952681 -0.87881517 -1.1606499 210 210 210
0.085705183 -0.19770275 -0.75422198 210 210 210
0.80069011 -0.5830071 -1.1172121 210 210 210
0.20333137 -0.1635689 -0.7183274 210 210 210
-0.23902042 -0.90777504 -0.76289469 210 210 210
-0.05991276 0.059440829 -0.41794798 210 210 210
0.069354683 -1.3000233 -0.015393239 210 210 210
-0.14999682 -0.83147091 -1.0088238 210 210 210
0.62648547 -0.65234262 -1.1813117 210 210 210
0.30392447 0.27307683 -1.2586972 210 210 210
-0.99054319 1.2806977 -0.77743059 210 210 210
0.61835897 -0.50035322 -1.2012174 210 210 210
0.53359246 -0.92842251 -0.99810916 210 210 210
-0.26706031 -0.50939167 -0.57977235 210 210 210
-0.26621616 -0.35332778 -0.68092483 210 210 210
-0.27823824 -0.39832526 -0.6424281 210 210 210
0.13645548 -0.21790224 -0.75218141 210 210 210
0.016948847 -0.088560179 -0.45135134 210 210 210
0.015732724 -0.29518992 -1.2373866 210 210 210
0.69777089 -0.61056674 -1.1801791 210 210 210
-0.32716513 -0.42428815 -1.0574161 210 210 210
-0.02558307 -0.036853734 -0.79868102 210 210 210
0.21817656 -0.29570618 -1.3754863 210 210 210
-0.0018819529 -0.97502685 -1.0793422 210 210 210
-0.23860799 -0.76660687 -1.1451151 210 210 210
0.020245064 -0.27637953 -0.77939785 210 210 210
0.060383137 -0.21233782 -1.3201873 210 210 210
-0.14040354 -0.053716581 -0.88358814 210 210 210
0.28349409 -0.29021364 -1.3383986 210 210 210
0.09035559 -0.24450798 -0.73676139 210 210 210
-1.1358907 1.6860315 -0.51968002 210 210 210
0.7826519 -0.28829288 -1.279125 210 210 210
-0.069640107 -0.38346788 -1.4394093 210 210 210
0.36478224 -0.27733231 -0.31112546 210 210 210
-0.23205417 -0.26224026 -1.4440169 210 210 210
-0.1200562 -0.053555299 -0.90428603 210 210 210
-0.22746512 -0.89785534 -1.1289721 210 210 210
-0.14188166 -0.49844962 -1.2312542 210 210 210
0.079097606 -0.14406988 -1.3071938 210 210 210
0.1216609 -0.21263278 -0.74146998 210 210 210
-0.18164416 -0.064610392 -0.88832295 210 210 210
-0.046300489 -0.46798235 -1.4445254 210 210 210
-0.17639656 -0.060560931 -0.89936584 210 210 210
0.45248809 -0.25771907 -1.2469529 210 210 210
-0.039913215 -1.3467425 -0.0047869133 210 210 210
-0.22876909 -0.49257666 -1.2584941 210 210 210
-0.28030404 -0.45226786 -0.5320043 210 210 210
0.29279688 -0.73406404 -0.95068115 210 210 210
0.25043339 -1.1571014 -0.0070058368 210 210 210
-0.40836182 -0.70301151 -1.1604027 210 210 210
-0.027793303 -0.81694591 -1.0999249 210 210 210
-0.32672566 -0.44608888 -1.3363391 210 210 210
-0.28686252 -0.39755419 -0.64388996 210 210 210
-0.33174241 -0.68394679 -0.95482016 210 210 210
-0.52299714 -0.60535228 -1.0624682 210 210 210
0.31993887 -0.42702955 -1.241263 210 210 210
-0.32550919 -0.56762034 -1.2838582 210 210 210
0.81295609 -0.58206046 -1.1201068 210 210 210
-0.054053899 -0.30268446 -1.199492 210 210 210
-0.16666552 -0.052892745 -0.89213741 210 210 210
-0.17782474 -0.055366822 -0.89796549 210 210 210
0.51308781 -0.37928674 -1.3070234 210 210 210
-0.18925679 -0.072999425 -0.88564444 210 210 210
-0.1925927 -0.072173037 -0.88407934 210 210 210
0.07822302 -0.23730549 -0.75953615 210 210 210
0.24689707 0.29226723 -1.2883261 210 210 210
0.12194891 -0.2989566 -1.2715333 210 210 210
-0.26382309 -0.49065271 -0.59036613 210 210 210
-0.1628163 -1.0987713 -1.064634 210 210 210
-0.0027112016 -0.23863386 -0.79580593 210 210 210
-0.2678282 -0.83489579 -0.90253776 210 210 210
-0.050357353 -0.038751706 -0.79810882 210 210 210
-0.048986908 -0.37040859 -1.4226508 210 210 210
0.11849545 -0.19176301 -0.716959 210 210 210
-0.020317622 -0.12207648 -1.5359349 210 210 210
-0.21161184 -0.09225329 -0.84495831 210 210 210
-0.35594487 -0.33992946 -1.3397636 210 210 210
0.30620271 -0.07670293 -0.12839633 210 210 210
-0.16828321 -0.34359163 -1.1911644 210 210 210
0.09381815 -0.49975798 -1.305876 210 210 210
-0.26543364 -0.31902814 -0.69374502 210 210 210
0.15381567 -0.27939886 -0.66490072 210 210 210
-0.14154436 -0.35814613 -1.3625298 210 210 210
-0.75549752 0.017386641 -0.36405751 210 210 210
-0.31644815 -0.3943516 -1.3855186 210 210 210
-0.35276255 -0.80347168 -0.92187852 210 210 210
0.15376313 -0.36202851 -1.0488495 210 210 210
-0.22365819 -0.74439645 -1.0650781 210 210 210
-0.29741013 -0.43187615 -0.59300697 210 210 210
0.37209001 -1.2159176 1.0987689 210 210 210
-0.077915758 -1.1813929 -0.092438996 210 210 210
0.72048646 -0.4085024 -1.2553817 210 210 210
0.73542333 -0.53304857 -1.2032571 210 210 210
-0.18068351 -0.045881715 -0.91151661 210 210 210
0.78087384 -0.43635273 -1.2327312 210 210 210
0.74657744 -0.48238483 -1.2640011 210 210 210
0.71629208 -0.61694056 -1.1963468 210 210 210
-0.31018785 -0.41612679 -0.99648708 210 210 210
0.78122395 -0.55261725 -1.2217407 210 210 210
0.69544882 -0.55272168 -1.2396554 210 210 210
-0.10493752 0.23631236 -1.2809184 210 210 210
-0.20059571 -0.36024585 -1.4078752 210 210 210
0.12020747 0.031933405 -1.310153 210 210 210
0.76234293 -0.44743684 -1.2227592 210 210 210
-0.4636586 -0.93333948 -0.8894462 210 210 210
0.27360407 0.19107653 -1.298776 210 210 210
-0.47863859 0.27132934 -0.19379286 210 210 210
-0.34588587 -0.35775456 -1.3741983 210 210 210
-1.0052071 1.2672057 -0.77078563 210 210 210
0.055766117 -0.40928996 -1.0327369 210 210 210
-0.01729542 0.35890448 -1.2578486 210 210 210
-0.20173363 -0.066416562 -0.887012 210 210 210
0.72763789 -0.50358045 -1.2169374 210 210 210
0.070951149 0.059661202 -1.4423403 210 210 210
-0.1965473 -0.058566213 -0.89958292 210 210 210
-0.37060443 -0.44987068 -1.3427069 210 210 210
-0.1059868 -0.048801973 -0.83079034 210 210 210
-0.10685095 -0.065049849 -0.92074043 210 210 210
-0.043141779 -0.033220369 -0.80671465 210 210 210
-0.081364736 -0.29671159 -1.5368773 210 210 210
-0.26453957 -0.52734691 -0.57669377 210 210 210
-0.92880946 1.2940259 -0.77858949 210 210 210
-0.34669337 -0.82046574 -0.69980538 210 210 210
-0.38870901 -0.64932406 -0.62326401 210 210 210
-0.31086779 -0.45147672 -0.57555795 210 210 210
-0.31653437 -0.44445196 -0.57473153 210 210 210
-0.28818223 -0.69802815 -1.1727026 210 210 210
0.0021800289 -1.2316338 -0.9505223 210 210 210
-0.61967039 -0.43680203 -1.1183953 210 210 210
-0.24882525 -0.35276395 -1.2980957 210 210 210
-0.44223887 -0.55851352 -1.2353778 210 210 210
-0.21315522 -0.3315115 -1.0998836 210 210 210
-0.27010113 -0.5442493 -0.56093109 210 210 210
-0.2548244 -0.53977054 -0.55883902 210 210 210
0.20160609 -0.42278233 -1.0459993 210 210 210
-0.26200649 -0.53361368 -0.57102484 210 210 210
-1.3886206 2.0487046 0.3011013 210 210 210
0.80092549 -0.58131766 -1.1081662 210 210 210
-0.20873599 -0.31369102 -1.4131141 210 210 210
0.07000123 -0.30831182 -0.71680617 210 210 210
-0.096554331 -0.39794472 -1.3548623 210 210 210
-0.23229672 -0.11255103 -0.83599347 210 210 210
0.07213226 -1.0165869 -1.0624721 210 210 210
-0.63309991 -1.2001231 -0.85177428 210 210 210
-0.28802744 -0.78616267 -0.7166127 210 210 210
0.22256093 -0.33894557 -1.2673899 210 210 210
-0.30456257 -0.44623238 -0.5943917 210 210 210
0.20486809 -0.9739036 -0.99654442 210 210 210
-0.30089623 -0.43213487 -0.59948611 210 210 210
-0.19800842 -1.0049814 -0.99564445 210 210 210
-0.045578402 -0.75025624 -0.92273104 210 210 210
-0.35331601 -0.82088089 -1.0954937 210 210 210
-0.38457534 -0.41961113 -1.3385216 210 210 210
-0.17180885 -0.61565065 -0.81457496 210 210 210
-0.45205292 0.19506343 -0.41073504 210 210 210
-0.83665097 1.8202951 -0.443728 210 210 210
-0.25427851 -0.53557199 -0.56301677 210 210 210
-0.080006324 -0.36443663 -1.3830481 210 210 210
-0.24613108 -0.32911599 -1.3758926 210 210 210
-0.44451168 0.21493755 -0.42354271 210 210 210
-0.21751003 -0.22650588 -1.4907801 210 210 210
0.06362053 -0.1790837 -1.4553533 210 210 210
0.75278676 -0.37194571 -1.2489986 210 210 210
0.71280563 -0.59194773 -1.1989622 210 210 210
-0.097275026 -0.34249997 -1.508741 210 210 210
-0.98875421 1.2733463 -0.77549589 210 210 210
0.69281769 -0.6334725 -1.2142889 210 210 210
-0.11871819 -0.26370052 -1.5403138 210 210 210
0.080744579 -0.40954211 -1.3696617 210 210 210
-0.18614823 -0.064659469 -0.89152753 210 210 210
-0.88514698 1.4237578 -0.75912839 210 210 210
0.77195132 -0.43067378 -1.2341827 210 210 210
0.7346015 -0.62539673 -1.2382476 210 210 210
-0.31697395 -0.55956948 -1.1973064 210 210 210
0.78216225 -0.47362122 -1.221795 210 210 210
0.12833291 -0.13577206 -1.5347602 210 210 210
-1.4321438 0.82232809 -0.86871105 210 210 210
-0.48276511 -0.69118732 -1.1135048 210 210 210
-0.95850819 1.2790554 -0.7163775 210 210 210
-0.38212031 -0.58999228 -1.175066 210 210 210
-0.17688452 -0.057067972 -0.90068716 210 210 210
-0.064207926 0.31905723 -1.3117847 210 210 210
-0.012327793 -0.28986168 -1.1559336 210 210 210
-0.0056869602 -0.12821932 -1.5229249 210 210 210
0.42840439 -0.41266677 -1.3541973 210 210 210
-0.026592178 -0.030449251 -0.80951685 210 210 210
-0.081088983 -0.25343874 -1.5648967 210 210 210
0.091727495 -0.18306105 -1.2025176 210 210 210
0.10305849 -0.21186702 -0.72510517 210 210 210
-0.30583343 -0.44872284 -0.58086663 210 210 210
-0.20909642 -0.073861182 -0.88576031 210 210 210
0.14398888 0.28274471 -1.4322783 210 210 210
-0.22089712 -0.080718838 -0.87445605 210 210 210
0.19622485 -0.33891812 -1.2999465 210 210 210
0.066310473 -0.063334055 -1.3352692 210 210 210
-0.00061838597 -0.21161391 -0.78495467 210 210 210
0.36092064 -0.76035583 -1.1744539 210 210 210
0.10225459 -0.50937551 -0.55899543 210 210 210
0.13574904 -0.029099857 -1.2534658 210 210 210
0.1278912 -0.29299936 -1.2724903 210 210 210
-0.25988811 -0.48842189 -0.58623469 210 210 210
-0.19657072 -0.6861648 -1.1026009 210 210 210
-0.11442737 -0.42047992 -1.2198867 210 210 210
-0.12494688 -0.47642568 -1.2369727 210 210 210
-0.32353789 -0.50106496 -1.0853448 210 210 210
-0.13526228 -0.4204616 -1.2830791 210 210 210
-0.16586743 -0.28365299 -1.411534 210 210 210
0.068743415 -0.20648631 -1.2485467 210 210 210
0.0017748778 -0.10837425 -0.47997284 210 210 210
-0.099115565 -0.24392781 -1.3585798 210 210 210
-0.31510636 -0.91515642 -1.1206023 210 210 210
-0.22920331 -0.29846507 -1.443588 210 210 210
-0.35677779 -0.77181184 -0.95504063 210 210 210
-0.11977086 -0.27413717 -1.5364168 210 210 210
0.3842375 -0.64467478 -1.009971 210 210 210
-0.34150133 -0.86467856 -0.6987859 210 210 210
0.16400242 -0.76041865 -1.0676013 210 210 210
0.43267092 0.5208481 -1.3159389 210 210 210
0.13232867 -0.28829455 -1.2794325 210 210 210
0.1261618 -0.12882474 -1.5543866 210 210 210
-0.18054517 -0.04481943 -0.89407033 210 210 210
-0.21268719 -0.10246578 -0.836236 210 210 210
0.76097733 -0.42744967 -1.2748828 210 210 210
-0.098859534 -0.26868582 -1.1152221 210 210 210
-0.17789519 -0.053861737 -0.90035301 210 210 210
-0.044239912 -0.032782108 -0.80777687 210 210 210
0.73931813 -0.41057298 -1.2669145 210 210 210
-0.18868859 -0.050338898 -0.93793082 210 210 210
-0.048309747 -0.0318087 -0.81067818 210 210 210
0.16218649 -0.15431771 -1.2718574 210 210 210
0.15713094 -0.25340194 -1.3210415 210 210 210
0.15455697 -0.064193942 -1.4246981 210 210 210
0.26526427 -0.24394353 -1.4178258 210 210 210
-0.16979997 -0.041583784 -0.90271777 210 210 210
0.67773193 -0.26923493 -1.2389578 210 210 210
-0.26885691 -0.58927143 -0.45410293 210 210 210
0.29634991 -0.14304876 -0.11687563 210 210 210
0.16864932 0.33540601 -1.1485751 210 210 210
0.099486172 -0.22849403 -0.73379213 210 210 210
0.06607715 -0.25485775 -0.80991143 210 210 210
-0.11338276 -0.30254114 -1.2092794 210 210 210
0.57620633 -1.8025824 0.75800008 210 210 210
0.16506572 -1.1246128 1.1627299 210 210 210
-0.4414548 -0.59861743 -1.1922427 210 210 210
-0.42683437 -0.65034103 -1.1819109 210 210 210
-0.33834997 -0.59775358 -1.2376103 210 210 210
-0.31166014 -0.45079556 -0.57735008 210 210 210
-0.021250872 -0.046482816 -0.79197979 210 210 210
-0.29867271 -0.4673076 -0.49609682 210 210 210
0.037443526 0.0082177222 -1.3755405 210 210 210
0.0041094548 0.23091489 -1.2510049 210 210 210
-0.33979419 -0.49452281 -1.2382569 210 210 210
0.37840068 -0.56630844 -1.1217393 210 210 210
-0.41386464 -1.3995132 -0.92723 210 210 210
0.080416255 -0.27026075 -0.67579812 210 210 210
-0.22539124 -0.49106833 -1.414806 210 210 210
-0.27627397 -0.49402747 -1.2726282 210 210 210
-0.28395349 -0.62446249 -0.87003237 210 210 210
-0.1747521 -0.35620698 -1.3882107 210 210 210
-0.034613315 -0.79484951 -1.1689748 210 210 210
-0.38203943 -0.77577025 -0.84041238 210 210 210
-0.27335104 -0.31416318 -1.4642645 210 210 210
-0.38026905 -0.78238851 -0.93187469 210 210 210
-0.27717471 -0.38701364 -0.65421259 210 210 210
-0.24750338 -0.35803959 -1.2559836 210 210 210
0.24598531 -0.59440142 -1.0916784 210 210 210
-0.56595325 -0.5489369 -1.2129798 210 210 210
0.2105986 -0.17465909 -0.0071839183 210 210 210
-0.2631858 -0.55004084 -0.55049741 210 210 210
0.087760329 -0.51231372 -1.1292751 210 210 210
0.089352116 -0.43094677 -1.128567 210 210 210
0.19201972 -0.46120772 -1.0221179 210 210 210
-0.23467177 -0.35369772 -1.3569696 210 210 210
-0.25340346 -0.38652322 -1.429063 210 210 210
-0.2116795 -0.25843361 -1.4654322 210 210 210
-0.44479886 0.21068478 -0.41667029 210 210 210
-0.32952642 -0.58453286 -1.2642882 210 210 210
-0.23050004 -0.32490748 -1.325248 210 210 210
-0.28600958 -0.34588239 -1.4295461 210 210 210
-0.263192 -0.52758241 -0.57913595 210 210 210
-0.20337357 -0.50593036 -1.330129 210 210 210
-0.31827179 -0.61925697 -1.0887784 210 210 210
-0.00063422805 -0.1388441 -0.51476222 210 210 210
-0.27468827 -0.34448585 -0.6830799 210 210 210
-0.2648865 -0.52086473 -0.57957882 210 210 210
-0.26128232 -0.34439665 -0.68202651 210 210 210
-0.086829357 0.053000335 -0.46038103 210 210 210
-0.26134014 -0.34341815 -0.68620884 210 210 210
-0.1605698 -0.43517673 -1.1723071 210 210 210
-0.27704504 -0.28501505 -1.4777746 210 210 210
-0.73936361 0.044412062 -0.33916205 210 210 210
0.81013685 -0.49534476 -1.1726484 210 210 210
-0.13521194 -0.31439325 -1.418299 210 210 210
-0.12178157 -0.47232604 -1.4244751 210 210 210
-0.015624258 -0.25953874 -0.79816097 210 210 210
-0.27911127 -0.48442221 -1.2336524 210 210 210
-0.59409022 0.32691124 -0.12496021 210 210 210
-0.25356936 -0.49167985 -0.58140802 210 210 210
0.073938809 -0.35450885 -1.1878459 210 210 210
0.20523778 -0.32075146 -0.66087723 210 210 210
0.040701281 -0.35110351 -1.3113046 210 210 210
0.24546663 -0.11635496 -0.67155194 210 210 210
0.40934631 -0.64421135 -1.2060727 210 210 210
0.027027884 -0.24363625 -1.3184146 210 210 210
0.49442369 -0.83514345 -1.0342748 210 210 210
0.16988868 -0.23798321 -0.72301733 210 210 210
-0.23495831 -0.096943043 -0.8313787 210 210 210
0.063328147 -0.98799545 -1.0892698 210 210 210
0.1461959 0.32674044 -1.3191813 210 210 210
0.58756709 -0.80999392 -1.094071 210 210 210
0.74416143 -0.46604231 -1.1764184 210 210 210
-0.052447498 -0.35499406 -1.3598623 210 210 210
0.1899308 -0.21981332 -1.2951115 210 210 210
0.018404946 -0.61197323 -1.0365617 210 210 210
-1.0080453 1.2569107 -0.73828703 210 210 210
-0.016136046 -0.059410833 -1.3282998 210 210 210
-0.20948982 -0.095852889 -0.84487092 210 210 210
0.004244545 0.33959273 -1.226053 210 210 210
-0.0030120562 -0.16319962 -1.4959399 210 210 210
0.15634453 0.35563812 -1.3509291 210 210 210
0.31802186 -0.13763061 -0.11228826 210 210 210
-0.27311942 -0.51167595 -0.58793962 210 210 210
0.01091867 -0.22200218 -0.79855329 210 210 210
0.028931065 0.054536812 -0.82745117 210 210 210
-0.10210551 0.19132183 -1.2868775 210 210 210
-0.33986381 -0.51837349 -1.2569709 210 210 210
0.061550882 0.27020407 -1.1618768 210 210 210
0.660092 -0.33941609 -1.2545551 210 210 210
-0.19666231 -0.074715182 -0.88437039 210 210 210
0.71194816 -0.53310138 -1.2045557 210 210 210
0.1379711 -0.30108064 -0.77828604 210 210 210
0.15822206 -0.22350089 -0.75229126 210 210 210
-0.028564263 -0.24154289 -1.3936291 210 210 210
0.052568857 -0.2071473 -0.80777645 210 210 210
0.029524492 -0.20319505 -0.81197089 210 210 210
0.1479177 -0.20569369 -0.75310951 210 210 210
0.15766963 -0.20434445 -0.75522393 210 210 210
0.031151075 -0.33285448 -1.3420104 210 210 210
0.056562062 -0.19430982 -0.79897338 210 210 210
0.75159436 -0.44413525 -1.224938 210 210 210
0.75576633 -0.43184105 -1.2524902 210 210 210
0.31448206 -0.43986332 -0.91039389 210 210 210
0.044114597 -0.29974762 -1.3329537 210 210 210
-0.18748043 -0.060298953 -0.89178061 210 210 210
0.12872517 -0.19456534 -1.1657282 210 210 210
0.73441374 -0.4728761 -1.2225964 210 210 210
-0.20139173 -0.054585528 -0.9164322 210 210 210
-0.24907036 -0.46909034 -1.197629 210 210 210
-0.20294906 -0.05100736 -0.90902352 210 210 210
0.84199619 -0.88003701 -1.0304604 210 210 210
0.70056492 -0.63813084 -1.1819876 210 210 210
0.75150096 -0.45994443 -1.2196891 210 210 210
-0.05505975 -0.26568609 -1.2053894 210 210 210
0.074845262 -0.21618886 -0.77205479 210 210 210
-0.089551255 -0.39383373 -1.2746783 210 210 210
-0.026120191 -0.21403781 -0.78888148 210 210 210
0.086755112 -0.24947882 -0.73320174 210 210 210
0.0057131727 -0.21961768 -0.81107688 210 210 210
-0.03620987 -0.22496742 -0.78670508 210 210 210
-0.09531945 -0.45058012 -1.2565911 210 210 210
0.10112447 -0.1962122 -0.7455799 210 210 210
-0.051405221 -0.31614617 -1.410489 210 210 210
0.017219091 -0.30696654 -0.6239934 210 210 210
-0.12298922 -0.14595421 -0.82876265 210 210 210
-0.35450912 -0.68415111 -1.1123748 210 210 210
-0.033636611 -0.54926032 -0.49399576 210 210 210
-0.023803357 -0.23610933 -0.77232295 210 210 210
-0.4009822 -0.32789415 -1.3723401 210 210 210
-0.25440562 -0.37136987 -1.3868095 210 210 210
-0.47297204 -0.73343927 -0.24941948 210 210 210
-0.28414741 -0.55113906 -0.56036061 210 210 210
0.0019262747 -0.23989676 -1.4932168 210 210 210
0.12379914 -0.17773101 -0.76099157 210 210 210
0.11946219 -0.19906186 -0.75005585 210 210 210
-0.3971318 -0.89629865 -0.84532893 210 210 210
-0.13745722 -0.45124391 -1.3161193 210 210 210
-0.26747614 -0.50566918 -0.57119191 210 210 210
0.24904619 -0.22254266 -1.4520468 210 210 210
0.1366127 -0.22310008 -0.75456989 210 210 210
0.81960922 -0.63620317 -1.0685526 210 210 210
0.31564361 -0.34662655 -0.19794394 210 210 210
0.33996055 -0.14419474 -0.12014309 210 210 210
-0.75076497 1.5335399 -0.65076286 210 210 210
-0.86185348 -0.39384106 -1.2363765 210 210 210
0.1123024 -0.50443739 -1.1359349 210 210 210
0.23486546 -0.15536836 -0.14562391 210 210 210
-0.020565558 -0.24018528 -1.2187078 210 210 210
-0.17402019 -0.064250581 -0.874816 210 210 210
0.51059192 -0.50180143 -1.2648185 210 210 210
0.046613302 -0.23461403 -0.76593536 210 210 210
0.11031537 -0.17678152 -0.7644757 210 210 210
-0.061110258 -1.1485127 -0.86612767 210 210 210
-0.0071120127 -0.42342275 -1.144634 210 210 210
0.15146707 -0.18401287 -0.74388832 210 210 210
-1.112141 1.2611897 -0.75492322 210 210 210
-0.18484066 -0.061239891 -0.8993814 210 210 210
-0.91331559 1.3422772 -0.78536344 210 210 210
-0.041830022 -0.29392973 -1.3907553 210 210 210
-0.23921515 -0.5018062 -0.57442462 210 210 210
-0.21848212 -0.102371 -0.83479428 210 210 210
0.3019498 -0.96109676 -0.32840836 210 210 210
0.58031708 -0.96611643 -0.8879261 210 210 210
-0.089872271 -0.30838096 -1.1860782 210 210 210
-1.207635 1.25418 -0.80841905 210 210 210
-0.10799847 -0.30771014 -1.5372131 210 210 210
0.083660498 -0.22700492 -0.77161771 210 210 210
-0.19558616 -0.06927567 -0.90623015 210 210 210
0.14866915 0.19761354 -1.3333818 210 210 210
-0.93683696 1.2800952 -0.77604651 210 210 210
0.13507864 0.25742251 -1.4152722 210 210 210
0.016329961 -0.35305813 -1.3511469 210 210 210
-0.073761329 -0.19263853 -1.3275601 210 210 210
0.7916863 -0.52923888 -1.22586 210 210 210
0.72925478 -0.44113669 -1.2435005 210 210 210
0.15342666 -0.20827889 -1.3705957 210 210 210
-0.076863676 -0.19368303 -1.4147899 210 210 210
0.13773547 0.29471371 -1.4356917 210 210 210
0.74717295 -0.48784038 -1.2484776 210 210 210
0.071186699 0.12389155 -1.3239442 210 210 210
-0.34715039 -0.8363328 -0.65887457 210 210 210
-0.11773398 -0.38995478 -0.6113385 210 210 210
0.08485125 -0.45483828 -1.3682936 210 210 210
0.74268001 -0.54460889 -1.1442468 210 210 210
0.284015 -0.12618951 -0.13533756 210 210 210
0.17493379 0.46467176 -1.1160218 210 210 210
-0.29550931 -0.73026156 -0.69634366 210 210 210
-0.41419682 -1.2888798 -0.9665516 210 210 210
-0.28048947 -0.40235159 -0.63982922 210 210 210
-0.29149655 -0.3913691 -0.6367721 210 210 210
0.040216818 -0.80336583 -0.95296377 210 210 210
0.22785981 -0.099976353 -0.18519531 210 210 210
0.015246569 0.1137907 -0.8589074 210 210 210
0.50190985 -0.61333936 -1.1432294 210 210 210
0.69722402 -0.9799425 -1.0350974 210 210 210
0.036257233 0.014714323 -1.3295592 210 210 210
0.0053827646 -0.19117481 -1.0081049 210 210 210
0.099178292 -0.28835782 -1.3227417 210 210 210
-0.25870222 -0.46562511 -1.264258 210 210 210
-0.21395375 -0.098037735 -0.8408922 210 210 210
-0.28979036 -0.36282885 -1.4137301 210 210 210
0.84862095 -0.49937782 -1.1768354 210 210 210
-0.37758872 -0.24680836 -1.286868 210 210 210
-0.47350782 -0.34934407 -1.2171575 210 210 210
0.78729701 -0.45596999 -1.2723919 210 210 210
-0.569188 -0.22256881 -1.2941734 210 210 210
0.72237003 -0.50343961 -1.2303793 210 210 210
0.097799942 -0.20419456 -1.2208622 210 210 210
1.3373892 -0.089662537 0.41969284 210 210 210
-1.3364338 -0.070020929 -0.91107082 210 210 210
-0.41220653 0.38323939 -0.97837818 210 210 210
0.02993202 -0.0029178155 -1.3105745 210 210 210
0.77810985 -0.5592829 -1.1906885 210 210 210
0.21773502 0.46279916 -1.036703 210 210 210
0.057365898 -0.36682731 -1.3166244 210 210 210
-0.32717174 -0.37292647 -1.413844 210 210 210
0.1232056 -0.21745065 -1.3408991 210 210 210
-0.081019595 -0.043226901 -0.84669036 210 210 210
0.0093378574 -0.26163909 -0.79577643 210 210 210
0.69392312 -0.32384524 -1.2739562 210 210 210
0.14739572 -0.18147311 -0.75672883 210 210 210
0.8140077 -0.29532602 -1.2572434 210 210 210
-0.37234345 -0.75354099 -0.99997777 210 210 210
-0.10491649 -0.26183206 -1.4511372 210 210 210
-0.61722225 -0.20848247 -1.3999351 210 210 210
0.08933416 -0.30199394 -1.3131759 210 210 210
0.16633715 0.065699518 -1.2899333 210 210 210
0.78017962 -0.3207815 -1.2536024 210 210 210
-0.039377503 -0.037950922 -0.80335462 210 210 210
0.13316229 -0.20181438 -0.76813233 210 210 210
0.08106152 -0.013914328 -1.3682752 210 210 210
0.35908452 -1.1372526 -0.58897692 210 210 210
-1.0440229 1.3101051 -0.70575124 210 210 210
-0.17567617 -0.048194014 -0.88907766 210 210 210
0.73538131 -0.42978868 -1.2926135 210 210 210
0.093163043 0.26885772 -1.2049263 210 210 210
0.25278619 -0.099482402 -1.2719169 210 210 210
0.79268032 -0.52306575 -1.2175032 210 210 210
-0.89113897 1.355812 -0.80225182 210 210 210
0.54319954 -0.86629033 -1.0990874 210 210 210
0.19811794 -0.49611372 -0.55846632 210 210 210
-0.21807671 0.4690814 -0.85462481 210 210 210
-0.41716582 -1.2734909 -0.28363103 210 210 210
-0.35208055 -0.57557327 -1.2167214 210 210 210
-0.31262049 -0.45603955 -0.58430189 210 210 210
0.31536558 -1.5742097 0.35683644 210 210 210
-0.34065172 -0.42880234 -0.57591724 210 210 210
0.9225207 -0.85317391 -0.52814281 210 210 210
0.18937904 -1.2701876 -0.92396426 210 210 210
0.2363773 -1.2890913 -0.11717466 210 210 210
0.077460878 -0.53096759 -0.44207406 210 210 210
0.20870484 -0.15488715 -0.14619014 210 210 210
0.40494379 -0.16835356 -0.099649861 210 210 210
0.13255948 -0.44504061 -0.69890946 210 210 210
0.16121815 -0.043555442 -0.21635932 210 210 210
0.047405098 0.053051766 -0.34789079 210 210 210
-0.26105884 -0.35329244 -0.66854906 210 210 210
-0.15864193 -0.34686312 -1.3244981 210 210 210
0.018154845 -0.23964709 -0.78679824 210 210 210
0.094463803 0.074091367 -0.33379817 210 210 210
-0.57174456 0.24334143 -0.18903272 210 210 210
-0.25403449 -0.31242016 -0.67381328 210 210 210
0.0030879674 -0.20931879 -0.78336143 210 210 210
-0.98177189 1.2269704 -0.75062156 210 210 210
0.2241243 -0.53773648 -1.3145586 210 210 210
0.27125415 0.44867823 -1.0100683 210 210 210
-0.16153277 -0.11761492 -0.81879216 210 210 210
-0.17098884 -0.066315264 -0.86706537 210 210 210
0.03757311 -0.25541279 -0.72621548 210 210 210
0.14958894 -0.86585146 -0.85153592 210 210 210
-0.081212111 0.067957111 -0.87913662 210 210 210
0.8133378 -0.61049134 -1.2071916 210 210 210
-0.070959873 -0.28680712 -0.72881591 210 210 210
0.18560705 0.035947356 -1.2628429 210 210 210
0.22293271 -0.22677827 -1.2984232 210 210 210
0.68458873 -0.6985513 -0.90696692 210 210 210
0.15330842 -0.17982692 -0.72570676 210 210 210
-0.018746717 -0.20058659 -0.78679973 210 210 210
-0.089765452 -0.26147869 -1.2552027 210 210 210
0.37203878 -0.02651356 -0.21605836 210 210 210
-0.40810087 -0.2879695 -1.3502467 210 210 210
0.051232141 -0.68976378 -0.36018893 210 210 210
0.36602747 -0.70447963 -0.98722398 210 210 210
-0.012127674 -0.52655143 -1.0775747 210 210 210
0.19445589 -1.3196877 0.18689199 210 210 210
-0.096454389 -0.53647768 -1.1439093 210 210 210
0.10404337 -0.24779229 -0.78351271 210 210 210
-0.34277269 -0.50882721 -1.2229084 210 210 210
0.056178737 -0.25693229 -0.80721796 210 210 210
-0.24543852 -0.35823461 -1.3327206 210 210 210
-0.20562997 -0.087944858 -0.8605206 210 210 210
-0.086108118 -0.32338008 -1.4555874 210 210 210
0.13517946 -0.50956637 -0.37562579 210 210 210
0.14745098 -0.15620561 -0.71742779 210 210 210
-0.31286064 -0.17410366 -0.48651922 210 210 210
-0.31785747 -0.35562792 -1.4047077 210 210 210
0.73187989 -0.56060797 -1.2113174 210 210 210
-0.21236752 -0.096030392 -0.84817922 210 210 210
-0.27915728 -0.59621584 -1.2441297 210 210 210
-0.28730005 -0.54851377 -0.57507151 210 210 210
-0.027243892 -0.48848414 -0.67876184 210 210 210
0.19208743 -0.55436397 -1.0809231 210 210 210
-0.047727477 -0.029978534 -0.81278521 210 210 210
0.23710583 0.29820988 -1.3035266 210 210 210
0.87448794 -0.62269843 -1.1460198 210 210 210
0.46946147 -0.91355795 0.24698016 210 210 210
-0.58709919 -0.53749406 -0.68492728 210 210 210
-0.10846282 -0.050943561 -0.83108813 210 210 210
-0.23079681 -0.10666399 -0.84135866 210 210 210
-0.067050345 -0.20578936 -1.4197603 210 210 210
0.043254312 0.2504386 -1.182305 210 210 210
-0.12083177 0.28413785 -1.2909734 210 210 210
-0.33037144 -0.35961407 -1.272442 210 210 210
0.29409838 -0.57523453 -1.3200777 210 210 210
0.069517858 -0.1148672 -1.4253064 210 210 210
-0.3085261 -0.37402922 -1.3025048 210 210 210
-0.20453121 -0.32716873 -1.1279294 210 210 210
-0.32413676 -0.39402837 -1.3888682 210 210 210
-0.59789759 0.33398718 -0.11112175 210 210 210
0.1035232 -0.39708233 -1.2270648 210 210 210
-0.011755094 -0.031138448 -1.354071 210 210 210
-0.11684642 -0.26631218 -1.5220319 210 210 210
0.027936386 -0.013354194 -1.3337079 210 210 210
-0.36340165 -0.38027135 -1.0770161 210 210 210
-0.33561113 -0.42789805 -1.2089189 210 210 210
-0.29001099 -0.38794079 -0.65407574 210 210 210
-0.21887933 -0.64398736 -1.1187344 210 210 210
0.31931049 0.6406135 -1.3775092 210 210 210
-0.084791191 -0.28118241 -1.4939383 210 210 210
0.66426092 -0.42998898 -1.2660984 210 210 210
0.011558654 -0.22436765 -1.4651021 210 210 210
0.040680178 0.052385319 -1.329995 210 210 210
0.42827049 -0.59897512 -1.11462 210 210 210
-0.28911942 -0.31978077 -0.68151557 210 210 210
-0.21452184 -0.31431496 -1.122637 210 210 210
-0.27462593 -0.52606744 -0.58063358 210 210 210
-0.063404366 -0.17763862 -1.3348367 210 210 210
-0.40510046 -0.31297833 -1.2429376 210 210 210
-0.28440183 -0.32013509 -1.4002547 210 210 210
-0.34767616 -0.86391187 -0.77236402 210 210 210
-0.19791909 -0.85049051 0.85184377 210 210 210
0.25094059 0.41065419 -1.2278899 210 210 210
-0.34418219 -0.38472664 -1.2399424 210 210 210
-0.39534819 -0.67668444 -1.1932075 210 210 210
0.07961113 -0.45142224 -1.2187781 210 210 210
-0.30771205 -0.38131955 -0.68939793 210 210 210
-0.28994837 -0.55582613 -0.57570493 210 210 210
-0.32495996 -0.56801766 -1.2069924 210 210 210
0.24908067 -1.2430818 -0.91566068 210 210 210
-0.34959847 -0.34685871 -1.2459127 210 210 210
-0.14359896 -0.13986659 -0.45930302 210 210 210
0.77099413 -0.59588408 -1.1150196 210 210 210
0.24073392 -0.12295196 -0.60874778 210 210 210
-0.14091851 -0.23199564 -1.3675081 210 210 210
0.11391402 -0.3288359 -1.2745886 210 210 210
0.10377112 -0.19127245 -0.90660644 210 210 210
-0.53552967 0.2710008 -0.15378301 210 210 210
-0.74310386 0.43110329 -0.094241314 210 210 210
0.74318546 -0.70030069 -1.1024297 210 210 210
0.73443943 -0.34194836 -1.2626028 210 210 210
0.45646369 -0.32739171 -1.2921039 210 210 210
-0.05616397 -0.21248724 -1.23457 210 210 210
-0.11086381 -0.2882919 -1.4918483 210 210 210
-0.39579806 -0.82299215 -0.8118766 210 210 210
-0.31891897 -0.4495098 -0.57178169 210 210 210
-0.23091917 -0.90649009 -1.0187944 210 210 210
-0.24207729 -0.99166739 -0.99738365 210 210 210
-0.29592925 -0.39430591 -0.66428983 210 210 210
-0.27885565 -0.36626908 -1.4151343 210 210 210
-0.30396795 -0.38184544 -0.69255543 210 210 210
-0.42298827 -0.40280184 -1.2715678 210 210 210
-0.37349263 -0.36581936 -1.251071 210 210 210
0.82514274 -0.49203539 -1.1742443 210 210 210
0.21266459 0.22913575 -1.3187425 210 210 210
-0.041776586 -0.025957001 -0.82656455 210 210 210
-0.30960006 -0.33776692 -0.91569698 210 210 210
-0.28014392 -0.5389753 -0.5705291 210 210 210
0.13592519 -0.36986777 -1.0404484 210 210 210
-0.27207437 -0.53889024 -0.56860685 210 210 210
0.055435725 0.056437921 -0.30715922 210 210 210
0.12605263 -0.35560027 -0.565211 210 210 210
-0.35873151 -0.64634699 -0.88937634 210 210 210
-0.27404296 -0.50917453 -0.59074211 210 210 210
0.13899475 0.23645654 -1.2791247 210 210 210
-0.32636422 -0.49908116 -0.99796468 210 210 210
-0.36120659 -0.58178115 -0.95426702 210 210 210
-0.1354627 -0.46023121 -1.224582 210 210 210
0.17215206 -0.33454272 -0.68439311 210 210 210
-0.019367985 -0.44176894 -1.3474746 210 210 210
-0.17002551 -0.10882635 -0.86803955 210 210 210
-0.21202093 -0.099091977 -0.83859783 210 210 210
0.095719896 0.23804525 -1.3565171 210 210 210
0.15005529 0.35696146 -1.3593922 210 210 210
0.01867103 -0.3403016 -0.63451314 210 210 210
0.11345132 -0.17801392 -1.349043 210 210 210
0.066646352 -0.22924045 -0.76238906 210 210 210
-0.19328405 -0.0703049 -0.87973094 210 210 210
0.05201536 0.091293879 -1.3761344 210 210 210
0.017549159 -0.21636574 -0.81421614 210 210 210
0.70553303 -0.56057972 -1.2181712 210 210 210
0.182696 -0.27751949 -1.2931409 210 210 210
0.13161077 0.2240932 -1.4732305 210 210 210
-0.15981315 -0.053713363 -0.88096529 210 210 210
-0.25966623 -0.37259963 -1.3939489 210 210 210
0.72712815 -0.54767621 -1.2159333 210 210 210
0.2250174 -0.19000588 -1.2731735 210 210 210
0.27621663 0.27826738 -1.3065675 210 210 210
0.26574779 -0.046968844 -1.2815688 210 210 210
-0.37575126 -0.39724225 -1.3617436 210 210 210
-0.33326447 -0.32441497 -1.2778616 210 210 210
-0.34055281 -0.42167234 -0.60694814 210 210 210
-0.32758236 -0.39076179 -1.3432443 210 210 210
-0.31494176 -0.45644438 -1.3271911 210 210 210
-0.34598991 -0.41237068 -0.59497529 210 210 210
0.28746423 -1.0461028 -0.88215357 210 210 210
-0.37754259 -0.34439373 -1.3729827 210 210 210
-0.41841358 -0.36745849 -1.2793536 210 210 210
-0.36090592 -0.34468693 -1.4107224 210 210 210
-0.08710213 -1.3382115 -0.96731442 210 210 210
-0.40100119 -0.36680517 -1.3645601 210 210 210
-0.36221007 -0.36757535 -1.1248719 210 210 210
-0.42480564 -0.56463134 -0.89793807 210 210 210
-0.39326528 -0.72088832 -0.84398085 210 210 210
-0.078691274 -1.1737146 -1.0007762 210 210 210
-0.33188033 -0.39465499 -1.2814881 210 210 210
-0.33465138 -0.33498386 -1.3558195 210 210 210
-0.29642874 -0.34006366 -1.3767334 210 210 210
-0.21165672 -0.29156747 -1.4902451 210 210 210
-0.25807974 -0.48516575 -1.3025689 210 210 210
-0.26680961 -0.30702195 -1.3767588 210 210 210
0.21523857 -0.50931072 -1.1286058 210 210 210
-0.33947837 -0.60936099 -0.94211632 210 210 210
-0.3443591 -0.43534523 -1.0937382 210 210 210
-0.15214799 -0.33106098 -1.3785852 210 210 210
-0.14993356 -0.33467689 -1.1703491 210 210 210
0.18375945 -0.19539925 -1.1330174 210 210 210
0.34842604 -0.54065007 -1.1108165 210 210 210
0.39789441 -0.61682963 -1.1011115 210 210 210
-0.40905389 -0.9201172 -1.1041028 210 210 210
0.31769195 -0.63570726 -1.2256366 210 210 210
0.061461452 0.05739323 -1.3118954 210 210 210
0.095515266 0.16623761 -1.3131762 210 210 210
0.12251648 -0.26067901 -1.3108408 210 210 210
-0.62664258 -0.24646254 -1.3941743 210 210 210
0.30591133 -0.33245721 -1.2777374 210 210 210
-0.31254804 -0.39719611 -1.2435701 210 210 210
0.043437112 -0.20565493 -0.77355504 210 210 210
-0.13060293 0.24297971 -1.2870897 210 210 210
0.08350075 -0.14440705 -1.3414179 210 210 210
0.63996208 -0.34142286 -1.2657348 210 210 210
-0.11368742 -0.23350002 -1.4719336 210 210 210
0.26966843 -0.22869405 -1.3309714 210 210 210
-0.15769017 -0.31671619 -1.5699686 210 210 210
-0.15177453 -0.21411926 -1.5041363 210 210 210
0.72519606 -0.59370875 -1.2141633 210 210 210
0.087620661 0.17561075 -1.3718247 210 210 210
-0.085981287 -0.17772448 -1.4717712 210 210 210
0.78423369 -0.31703323 -1.2627776 210 210 210
0.42437348 -0.2677168 -1.3296548 210 210 210
0.70687443 -0.50602967 -1.2516487 210 210 210
0.042896945 -0.2196961 -1.172263 210 210 210
0.72671562 -0.41670421 -1.2924006 210 210 210
0.75157517 -0.46828982 -1.2875221 210 210 210
0.83598262 -0.53627115 -1.2108984 210 210 210
0.45896265 -0.54117793 -1.1812364 210 210 210
0.062964238 -0.23076622 -1.236321 210 210 210
0.16088048 0.50828451 -1.2309167 210 210 210
-0.39593238 -0.24384893 -1.2887719 210 210 210
0.21581614 0.4449591 -1.1710933 210 210 210
-0.097006947 -0.15393096 -1.4022262 210 210 210
0.51950818 -0.33258161 -1.2656446 210 210 210
-0.0986863 -0.3324858 -1.4255691 210 210 210
0.22210363 -0.33255458 -1.3055888 210 210 210
0.18840909 -0.35638183 -1.2571865 210 210 210
-0.3642008 -0.92211121 -0.88847607 210 210 210
-0.3078928 -0.44778711 -0.56732744 210 210 210
-0.33476141 -0.44037873 -0.57492691 210 210 210
-0.30125159 -0.43247053 -0.60732991 210 210 210
-0.33734775 -0.42505851 -0.59434485 210 210 210
-0.31387118 -0.60677689 -1.1905364 210 210 210
-0.19328532 -1.0618402 -0.9092772 210 210 210
-0.35878056 -0.38590369 -1.0981216 210 210 210
-0.34283271 -0.36003962 -1.1447145 210 210 210
-0.44715589 -1.0681798 -1.0639155 210 210 210
-0.37210268 -0.28904012 -0.9897601 210 210 210
-0.30313468 -0.56539923 -0.55882686 210 210 210
-0.30137402 -0.39073849 -0.67118591 210 210 210
-0.34363207 -0.38719922 -1.4251187 210 210 210
-0.4077808 -0.50490451 -1.2899756 210 210 210
-0.23219824 -0.7758317 -0.84110969 210 210 210
-0.36547509 -0.34742412 -1.4047586 210 210 210
-0.40584189 -0.38065496 -1.3728092 210 210 210
-0.35582697 -0.29850048 -1.3363112 210 210 210
-0.34831837 -0.31494498 -1.3491542 210 210 210
-0.32394156 -0.36525083 -1.4685543 210 210 210
-0.28603539 -0.54585493 -0.58961219 210 210 210
-0.3454102 -0.34342411 -1.4120544 210 210 210
-0.35524401 -0.31285211 -1.3368585 210 210 210
0.68223578 -1.656901 0.49360535 210 210 210
-0.22023194 -1.3269578 -0.96099675 210 210 210
0.71724129 -0.66983145 -1.1359166 210 210 210
-0.32298937 -0.35307291 -1.3911847 210 210 210
-0.36805865 -0.54924309 -0.94416738 210 210 210
-0.31936163 -0.5752998 -1.2250416 210 210 210
-0.078872845 -1.1380394 -1.0230272 210 210 210
-0.24754523 -0.57570577 -1.2502637 210 210 210
-0.27658245 -0.53663659 -0.57149321 210 210 210
-0.27575094 -0.53619319 -0.57265371 210 210 210
-0.036645409 -0.45501214 -1.184636 210 210 210
-0.28222862 -0.5346387 -0.58043581 210 210 210
-0.32619086 -0.3510974 -1.427122 210 210 210
-0.34470418 -0.26490581 -1.264136 210 210 210
0.28002521 -0.60214007 -0.61265045 210 210 210
-0.2027463 -0.30005088 -1.111426 210 210 210
-0.27404109 -0.52843219 -0.58275098 210 210 210
-0.31399986 -0.59491056 -1.2088994 210 210 210
-0.19500814 -1.1752712 -1.0232043 210 210 210
-0.27312908 -0.52419984 -0.58307266 210 210 210
-0.38717872 -0.70206672 -1.0959659 210 210 210
-0.25407329 -0.5131591 -1.3083622 210 210 210
-0.82695472 0.19370505 -0.32632324 210 210 210
-0.14076184 -0.30109575 -1.3218255 210 210 210
-0.27575651 -0.5196358 -0.58973503 210 210 210
-0.35332733 -0.33386311 -1.416454 210 210 210
-0.3779341 -0.37205395 -1.3982185 210 210 210
-0.26307616 -0.5175457 -0.57697302 210 210 210
-0.26228428 -0.38214108 -1.3904223 210 210 210
-0.097419508 -0.2223949 -0.74858201 210 210 210
-0.20732357 -0.71257478 -1.096905 210 210 210
-0.28006101 -0.51432335 -0.59482116 210 210 210
-0.2294274 -0.30727366 -1.2255114 210 210 210
0.10912471 -0.48867908 -1.1665462 210 210 210
0.77709287 -0.49609929 -1.1630715 210 210 210
0.28143093 0.027905961 -0.20640494 210 210 210
0.32297671 -0.2903021 -0.31702983 210 210 210
-0.27811167 -0.50554323 -0.59868503 210 210 210
-0.28018168 -0.50136113 -0.59195673 210 210 210
-0.27840042 -0.50350362 -0.59753281 210 210 210
0.40874574 -0.58348745 -1.1117901 210 210 210
-0.30663043 -0.34323037 -1.3223392 210 210 210
-0.29342851 -0.31792152 -0.69065309 210 210 210
-0.28421178 -0.31627882 -0.68786436 210 210 210
0.086892851 -0.10596085 -0.62351984 210 210 210
-0.47510016 -0.57988983 -0.91201425 210 210 210
-0.29946285 -0.31339994 -0.70103264 210 210 210
-0.017059544 -0.94627482 -1.0867643 210 210 210
-0.45312372 -0.76623446 -1.0664705 210 210 210
-0.1093468 -0.20359071 -1.4015944 210 210 210
-0.49652547 -0.64656663 -0.98480916 210 210 210
-0.28382605 -0.3097769 -0.69832981 210 210 210
0.45311597 -0.56631392 -1.1340084 210 210 210
0.35877049 -0.62750787 -1.222609 210 210 210
0.87962115 -0.58006889 -1.1809593 210 210 210
-0.20268734 -0.36227617 -1.4443369 210 210 210
-0.26009232 -0.55939841 -1.112727 210 210 210
0.11258535 -0.20308593 -1.3207761 210 210 210
0.03549958 0.067472823 -1.3545269 210 210 210
0.31180623 -0.435314 -0.68981761 210 210 210
0.37260419 -0.33228341 -1.2858847 210 210 210
-0.087226905 -0.32900551 -1.4718778 210 210 210
-1.0293531 1.2608577 -0.76060563 210 210 210
0.32947192 -0.34453073 -1.2866404 210 210 210
-0.15702255 -0.32713744 -1.3376627 210 210 210
0.29413998 -0.33329475 -1.2996999 210 210 210
-0.037534565 -0.29783717 -1.4255047 210 210 210
-0.21991202 -0.071422726 -0.90916955 210 210 210
-0.89835888 1.3478897 -0.76978999 210 210 210
0.19002557 -0.31457651 -1.4147108 210 210 210
0.19307397 0.43848941 -1.4098413 210 210 210
0.20456304 -0.21544777 -1.3395536 210 210 210
0.71661419 -0.57768095 -1.2154328 210 210 210
-0.12912086 -0.2676478 -1.4880466 210 210 210
0.063185953 -0.22379673 -0.78958136 210 210 210
0.65152639 -0.31256762 -1.2865033 210 210 210
0.72525483 -0.54442292 -1.1995206 210 210 210
0.33721635 -0.25698069 -1.3325549 210 210 210
0.70874387 -0.33026677 -1.2677305 210 210 210
-0.0013836145 -0.38346663 -1.4148068 210 210 210
0.16059737 -0.18552037 -0.73217136 210 210 210
0.75902998 -0.30589777 -1.2782434 210 210 210
0.69793069 -0.32405865 -1.2746143 210 210 210
0.72345507 -0.47777805 -1.2271558 210 210 210
-1.1613599 1.292002 -0.78340596 210 210 210
0.024140408 0.092036001 -0.84586984 210 210 210
0.084712788 0.20367521 -1.1629502 210 210 210
-0.070861436 -0.19783796 -1.4853235 210 210 210
0.13703623 -0.03160068 -1.2885036 210 210 210
0.08965639 -0.19778205 -0.74593812 210 210 210
0.57409197 -0.48123494 -1.2464385 210 210 210
0.12906019 0.052419327 -1.2859938 210 210 210
0.19631614 0.43840793 -1.42391 210 210 210
0.060484935 0.312987 -1.1823115 210 210 210
0.50734049 -0.3721416 -1.3204976 210 210 210
-0.0397701 -0.25479361 -0.63150096 210 210 210
-0.061746255 -0.035543051 -0.81027842 210 210 210
0.11976594 -0.15069224 -1.228408 210 210 210
0.24264343 0.35380071 -1.3420638 210 210 210
0.22510801 0.24157526 -1.3150991 210 210 210
0.61320823 -0.27776641 -1.2400323 210 210 210
0.19594319 0.06646435 -1.3061943 210 210 210
-0.011361281 -0.012491703 -0.83480984 210 210 210
0.19128709 0.072533272 -1.3079984 210 210 210
0.46397781 -1.6240923 1.1288328 210 210 210
-0.011395302 -0.21359983 -0.77095091 210 210 210
0.0018810958 -0.39723882 -1.2777187 210 210 210
0.16762577 0.43055734 -1.1871135 210 210 210
0.049314339 -0.29773778 -1.0980432 210 210 210
0.15147914 -0.32522982 -1.2840978 210 210 210
0.81419569 -0.6702165 -1.1367984 210 210 210
-0.143535 -0.99672973 -0.84784025 210 210 210
0.19117609 -0.0088413116 -0.33590356 210 210 210
-0.069227435 -0.19576463 -1.3204734 210 210 210
-0.0064741829 -0.17746754 -1.3762879 210 210 210
-0.54964113 -0.7948184 -0.54764086 210 210 210
-0.63877696 -0.41513589 -0.15280876 210 210 210
-0.49834812 0.27985442 -0.19153066 210 210 210
0.014345792 -0.29269478 -0.72436273 210 210 210
0.15960841 0.0023076204 -0.34714064 210 210 210
0.12632129 -0.40610543 -1.1948612 210 210 210
0.023771748 0.18676685 -1.1582888 210 210 210
0.190322 -0.1119706 -0.21004112 210 210 210
-1.7896234 2.1239619 1.120809 210 210 210
-0.064697765 -0.27366164 -1.4373602 210 210 210
0.23382276 -0.073888205 -0.27024588 210 210 210
-0.039399154 -0.53073794 -1.1883682 210 210 210
0.28559014 -0.63362098 -1.1045163 210 210 210
-0.19473788 -0.43782225 -1.2793249 210 210 210
-0.017952437 0.24756141 -1.2248157 210 210 210
-0.6627239 -0.73233479 0.3277452 210 210 210
-0.35380054 -0.43252987 -0.5781166 210 210 210
0.0099998964 0.36261719 -1.225751 210 210 210
-0.098613709 -0.53067064 -0.41618115 210 210 210
-0.3516916 -0.6359095 -1.2044231 210 210 210
-0.15717398 -0.12979247 -0.81163627 210 210 210
-0.27140108 -0.65618896 -1.0272255 210 210 210
0.56752276 -1.0681393 -0.91336399 210 210 210
0.16969083 -0.39248312 -1.216774 210 210 210
-0.88455385 1.3721197 -0.72650361 210 210 210
0.11381727 -0.19160193 -0.74944365 210 210 210
0.096213453 -0.20668973 -0.73673809 210 210 210
0.0093024764 0.25055858 -1.1979192 210 210 210
0.30174223 -0.39728865 -1.2117568 210 210 210
-0.22000813 -0.3711077 -0.6035884 210 210 210
-0.19513686 -0.73365253 -0.90130407 210 210 210
-0.19408143 -0.46757561 -1.297313 210 210 210
-0.33484784 -0.75549871 -0.7287305 210 210 210
-0.34342372 -0.91229153 -0.9316783 210 210 210
0.34610921 -0.65829259 -1.0861888 210 210 210
-0.092417568 -0.20328827 -1.427534 210 210 210
-0.31902626 -0.44910735 -0.57426494 210 210 210
0.058475979 -0.8433798 -0.88617563 210 210 210
-0.23063883 -0.41319904 -1.4497585 210 210 210
-0.21633501 -0.28585231 -1.1885775 210 210 210
0.19653781 -0.34845018 -0.66604561 210 210 210
0.86073864 -0.49509943 -1.1576804 210 210 210
0.11997588 0.063938968 -1.305582 210 210 210
-0.0043639699 -0.35179225 -1.4223666 210 210 210
0.0012193407 -0.14605097 -0.86785877 210 210 210
-0.015995353 0.19499458 -1.2300407 210 210 210
0.88755518 -0.56712079 -1.1373576 210 210 210
-0.072836258 -1.2016937 -0.92708242 210 210 210
0.28893268 -0.087370634 -0.07818599 210 210 210
0.75041652 -0.57037139 -1.1459053 210 210 210
0.68402892 -0.33273876 -1.2216547 210 210 210
0.0098568276 -0.34837738 -1.2681397 210 210 210
-0.062586755 -0.22128747 -1.5896318 210 210 210
0.26918411 -0.1284152 -0.106295 210 210 210
-0.1329951 -0.95486313 -0.68907732 210 210 210
-0.51558477 -0.89543056 -0.80295235 210 210 210
0.056268338 -0.5502876 -1.1089363 210 210 210
-0.4088468 -0.95419675 -0.81998032 210 210 210
0.047390915 -0.20341723 0.082814522 210 210 210
-0.28486446 -0.7115981 -0.96731311 210 210 210
-0.23443557 -0.38002291 -0.58719158 210 210 210
-0.59911662 -0.81510282 0.55592442 210 210 210
-0.11499128 -1.0827463 -0.89329606 210 210 210
-0.071938179 -0.71391851 -1.2067533 210 210 210
0.1266638 -0.52993524 -0.4142814 210 210 210
-0.22983803 -1.4022551 0.087948054 210 210 210
0.71809578 -0.29850128 -1.2375964 210 210 210
0.4555586 -0.15354344 -0.11288873 210 210 210
-0.15637952 -0.045345325 -0.95601583 210 210 210
0.075340018 -0.23901832 -1.1914917 210 210 210
-0.014865384 -0.21340433 -0.78321797 210 210 210
0.048745401 -0.20758656 -0.73935699 210 210 210
-0.1873268 -0.41341478 -1.5914879 210 210 210
0.13192551 -0.34631246 -0.75562513 210 210 210
-0.075128049 -0.14801276 -1.4249007 210 210 210
-0.094006188 -0.40787962 -1.3856459 210 210 210
-0.064190343 -0.23378694 -1.4311172 210 210 210
0.095067322 -0.18362282 -0.71977961 210 210 210
0.10990265 -0.18970707 -0.74762005 210 210 210
-0.035144731 -0.25361872 -0.62705165 210 210 210
0.0058335448 -0.14507398 -0.86435342 210 210 210
-0.131128 -0.25783283 -1.5161209 210 210 210
-0.046148755 -0.17108853 -1.3906053 210 210 210
0.0036375476 -0.2133752 -0.81367677 210 210 210
-0.16748314 -1.2821181 -0.019680781 210 210 210
-0.3571088 -0.62855572 -1.1705654 210 210 210
-0.30087996 -0.6838153 -1.1462424 210 210 210
0.17890257 -1.4212992 0.21445015 210 210 210
0.42761341 -1.6276019 0.2390817 210 210 210
0.18004489 -0.16306509 -0.14434743 210 210 210
-0.12302122 -0.25532177 -1.3047706 210 210 210
-0.32030916 -0.33497328 -1.3517611 210 210 210
0.23761435 -1.1839706 -0.16150315 210 210 210
-0.24978094 -0.50255293 -0.58084404 210 210 210
0.065863959 0.23776691 -1.109826 210 210 210
0.88270682 -0.63564217 -1.0715911 210 210 210
0.088279791 0.074537098 -0.34304532 210 210 210
-0.31817779 -0.79851872 -0.86325884 210 210 210
-0.082829893 -0.86139041 -1.1375225 210 210 210
-0.34256297 -0.42976284 -0.60603154 210 210 210
-0.33788729 -0.43342277 -0.57463408 210 210 210
-0.32212022 -0.42340797 -0.59524184 210 210 210
-0.27248165 -0.42427039 -0.55822998 210 210 210
0.40211841 -1.0754691 -0.62518281 210 210 210
0.13110065 -0.85856587 -0.93648118 210 210 210
-0.27831998 -0.40925807 -1.3529207 210 210 210
-0.0070803324 -0.27691779 -0.62961048 210 210 210
0.22514102 -0.23418607 -0.73767626 210 210 210
0.82118744 -0.42678234 -1.2254527 210 210 210
0.015563413 0.047130514 -0.35841474 210 210 210
-0.018248856 0.20619309 -1.1723751 210 210 210
-0.41212144 -0.88451421 -0.83516997 210 210 210
-0.23161973 -0.59442896 -1.1621186 210 210 210
0.33435196 -0.14122912 -0.12004957 210 210 210
0.05643269 -0.52637213 -0.43367791 210 210 210
0.12809049 -0.36691087 -1.0422071 210 210 210
-0.5702849 0.2955541 -0.14173287 210 210 210
-0.065381616 -0.25635028 -1.4798634 210 210 210
-0.16011472 -0.047723785 -0.96073973 210 210 210
0.28291309 -0.50732696 -0.94840181 210 210 210
0.1163905 0.13631691 -1.4235152 210 210 210
0.21608248 -0.42834646 -0.67791325 210 210 210
0.85291839 -0.26653957 -1.2962304 210 210 210
-0.052052196 -0.23677669 -1.3544985 210 210 210
0.77398318 -0.4283796 -1.2578641 210 210 210
-0.07405939 -0.17366205 -1.4838456 210 210 210
-0.032945659 -0.25918481 -1.3760741 210 210 210
0.14001866 0.50433826 -1.2242593 210 210 210
-0.046788115 -0.17870611 -1.4004445 210 210 210
-0.031420618 -0.1183027 -1.4803888 210 210 210
0.10016526 0.36906311 -1.2578299 210 210 210
-0.0028633722 0.079800054 -0.85897142 210 210 210
0.76595902 -0.43621376 -1.2477033 210 210 210
-0.021265566 -0.040610414 -1.4304392 210 210 210
-0.34289277 -0.32454124 -1.3673915 210 210 210
0.76438457 -0.50355172 -1.1785147 210 210 210
0.065263234 0.25986573 -1.2075928 210 210 210
-0.15732791 -0.043952093 -0.95420939 210 210 210
-0.3117274 -0.82138807 -0.73745376 210 210 210
-0.16732104 -0.055706255 -0.88289875 210 210 210
-0.080080032 -0.25436261 -0.73882735 210 210 210
0.2062913 0.36390662 -1.1709042 210 210 210
0.16321313 -0.20731243 -0.72746122 210 210 210
-0.0052364171 -0.5223189 -0.44725215 210 210 210
0.28142282 0.47937548 -1.0675039 210 210 210
0.48689255 0.94963229 -1.2047477 210 210 210
0.058159374 -0.59289944 -0.35667843 210 210 210
-0.28342032 -0.5550831 -1.190957 210 210 210
0.55092287 -0.60522735 -1.1585391 210 210 210
-0.25344247 -0.48807478 -1.3447918 210 210 210
0.077487722 -0.25383791 -0.72085732 210 210 210
0.059783015 -0.26081213 -0.72229928 210 210 210
0.032277584 0.31801924 -1.2067518 210 210 210
0.1237944 0.18293887 -1.3771781 210 210 210
-0.090153098 0.057154205 -0.87997735 210 210 210
-0.20844412 -0.41620231 -1.367723 210 210 210
0.041516762 -0.25295961 -1.3137983 210 210 210
0.8544032 -0.41751859 -1.2097977 210 210 210
-0.41734645 -0.89914566 -0.86260241 210 210 210
-0.32384059 -0.45399684 -0.57862258 210 210 210
-0.389009 -0.75026602 -0.78345102 210 210 210
-0.38025776 -0.78977066 -0.65028805 210 210 210
-0.20731352 -0.43219572 -1.2863069 210 210 210
-0.045168716 -1.1072664 -0.95251739 210 210 210
-0.32112071 -0.45829743 -1.2905612 210 210 210
-0.33389437 -0.4321312 -0.58390951 210 210 210
0.42598885 -0.85541463 -0.84356737 210 210 210
-0.078588217 -0.49623477 -1.1826917 210 210 210
-0.32850298 -0.37425575 -1.3269788 210 210 210
-0.30962145 -0.36569488 -1.310015 210 210 210
-0.37883139 -0.32577536 -1.3723429 210 210 210
-0.25136149 -0.363859 -1.2291353 210 210 210
-0.25591272 -0.38964504 -0.63206965 210 210 210
-0.047776222 -0.71074891 -0.94579059 210 210 210
-0.25569779 -0.38720733 -0.63357228 210 210 210
-0.012519834 -1.0940846 -1.0001704 210 210 210
0.13341148 -0.56809384 -1.0719284 210 210 210
-0.33837628 -0.36189166 -1.3867718 210 210 210
0.65600067 -0.80148774 -0.96897775 210 210 210
-0.36377305 -0.44517866 -1.367155 210 210 210
-0.28700989 -0.65992922 -0.87402779 210 210 210
-0.31187984 -0.33205009 -1.4442322 210 210 210
0.7508828 -0.64695591 -1.1524138 210 210 210
-0.57298428 -1.0970851 -0.84660393 210 210 210
-0.33044422 -0.34914991 -1.3034902 210 210 210
-0.00067807152 0.32423112 -1.2892684 210 210 210
-0.20388304 -0.31751209 -1.270933 210 210 210
-0.11521959 -0.22650948 -1.3325815 210 210 210
0.069592714 -0.38288856 -0.73645222 210 210 210
0.2491603 -0.1985905 -0.71553934 210 210 210
-0.16259973 -0.2862305 -1.0859622 210 210 210
0.78632152 -0.5745948 -1.0878901 210 210 210
-0.1638349 -0.5679093 -0.41910064 210 210 210
-0.27929133 -0.5134722 -0.59405726 210 210 210
0.37743598 -0.16570508 -0.10946681 210 210 210
0.044481061 -1.2433212 0.14850916 210 210 210
-0.083718628 -0.2599217 -0.74519169 210 210 210
0.48801059 -0.57950479 -1.2377371 210 210 210
0.13263384 -0.29594418 -0.63207263 210 210 210
-0.096113794 -0.23732157 -1.3833449 210 210 210
0.038154874 -0.604182 -0.6285705 210 210 210
0.2277073 -0.039640397 -0.181733 210 210 210
-0.33756608 -0.38720724 -1.2978112 210 210 210
0.14396629 -0.28414991 -0.6440199 210 210 210
-0.5589624 0.072950847 -0.26386264 210 210 210
0.87278116 -0.5263325 -1.1169221 210 210 210
-0.19521269 -0.35561258 -1.1587666 210 210 210
0.076918349 -0.54935163 -0.47812173 210 210 210
-0.55798471 -0.79817557 -1.0810808 210 210 210
0.8131333 -0.57643408 -1.0855587 210 210 210
-0.18634434 -0.10809225 -0.43765938 210 210 210
0.14423364 0.23705487 -1.2815909 210 210 210
0.22228047 -0.46669218 -0.46318531 210 210 210
-0.092273809 -0.10508712 -0.84142065 210 210 210
-0.081761293 -0.39608002 -1.2618421 210 210 210
0.038953409 0.22132315 -1.1313123 210 210 210
-0.20140956 -1.0206628 -0.71862566 210 210 210
-0.25326756 -0.50095618 -0.58100593 210 210 210
0.24847557 -0.48434919 -1.191321 210 210 210
-0.01818265 0.20991692 -1.0790887 210 210 210
0.71225774 -0.83697218 -1.1416259 210 210 210
-0.15235755 -0.35767093 -1.3380427 210 210 210
0.24182664 -0.47420475 -1.2093513 210 210 210
-1.5825561 1.3575196 5.5023065 210 210 210
0.28451476 -0.092290364 -0.21499619 210 210 210
0.082882628 -0.25218302 -0.70805609 210 210 210
-0.68757927 1.4085929 -0.15115519 210 210 210
0.8492285 -0.57783061 -1.1756824 210 210 210
0.30739591 -0.54804999 -0.88350695 210 210 210
0.32386273 -0.45903888 -0.68689281 210 210 210
-0.028722767 -0.062378008 -1.3583834 210 210 210
-0.083910733 -0.33008203 -1.4361917 210 210 210
-0.0080676414 -0.22378565 -0.79336685 210 210 210
0.1512955 -0.25481391 -0.72688985 210 210 210
0.43188372 -0.33285245 -1.2396867 210 210 210
0.28762192 -0.26377308 -1.3156614 210 210 210
0.053520802 -0.23831202 -0.74309635 210 210 210
0.17178212 0.055071242 -1.4214232 210 210 210
0.051303037 0.054394018 -1.3644288 210 210 210
-0.11691068 -0.29678482 -1.1557784 210 210 210
0.10527984 -0.19334073 -0.6957069 210 210 210
0.29291335 0.4222953 -1.0745378 210 210 210
0.062693916 -0.25737554 -0.77110618 210 210 210
-0.11636285 -0.26376379 -1.3990626 210 210 210
0.16026813 -0.23817843 -0.74775392 210 210 210
0.28128949 0.24100196 -1.2452942 210 210 210
0.72780663 -0.54363024 -1.2039378 210 210 210
0.16687906 0.27851629 -1.3218039 210 210 210
-0.016102189 -0.21853687 -0.80932522 210 210 210
0.1160202 -0.1593843 -1.5694329 210 210 210
-0.037257113 0.073782064 -0.83979297 210 210 210
-0.05240795 0.073466003 -0.85916024 210 210 210
-0.10030472 0.30476308 -1.3074094 210 210 210
0.00028916067 -0.21370438 -0.8077693 210 210 210
-0.050909527 0.078469671 -0.85721815 210 210 210
0.15333396 0.26948407 -1.3428336 210 210 210
-0.020235835 -0.35626808 -1.3469615 210 210 210
0.01324784 -0.37492663 -1.537255 210 210 210
0.27658674 0.49249944 -1.0742446 210 210 210
-0.77588224 1.5442158 -0.64610702 210 210 210
-0.05788818 -0.18173197 -1.353902 210 210 210
-0.068274647 -0.17456572 -1.4298007 210 210 210
0.060284991 -0.1721044 -0.77333075 210 210 210
-0.057850063 -0.19414258 -1.3860275 210 210 210
0.13747813 -0.28045061 -1.3836813 210 210 210
0.76357764 -0.42580253 -1.2529405 210 210 210
0.37604246 -0.39249504 -0.92776269 210 210 210
0.1679589 -0.16358928 -0.71966183 210 210 210
0.91887993 -0.84054828 -0.58656234 210 210 210
0.22709472 0.21853705 -1.0939152 210 210 210
0.065167733 -0.21343277 -0.80420721 210 210 210
-0.020338265 -0.3568328 -0.55327123 210 210 210
-0.090063445 -0.39974579 -1.4026326 210 210 210
-0.016483845 -0.75062758 -1.0314409 210 210 210
0.87136501 -0.2750999 -1.2217327 210 210 210
0.10680825 -0.27814606 -1.3292563 210 210 210
-0.38812983 -0.35783386 -1.3906519 210 210 210
0.021811029 0.095690034 -0.84577703 210 210 210
0.81467164 -0.49071562 -1.1748943 210 210 210
0.15848227 -0.49818334 -0.45092788 210 210 210
0.7159524 -0.716681 -1.0831925 210 210 210
0.099254042 -0.19568333 -0.74871176 210 210 210
0.25131363 0.1238153 -1.2691705 210 210 210
0.023815461 -0.27667618 -1.3122095 210 210 210
0.12099379 -0.3378998 -1.2739316 210 210 210
0.62802583 -0.62315595 -1.1193012 210 210 210
0.28424662 0.37036547 -1.2875565 210 210 210
-0.18407218 -0.28609762 -1.2805259 210 210 210
-0.035632011 0.32572967 -1.3220962 210 210 210
0.7758674 -0.44429356 -1.2506634 210 210 210
-0.073706448 -0.18524513 -1.4993272 210 210 210
0.30906922 -0.51357883 -1.3487593 210 210 210
-0.15575747 -0.043579597 -0.95871502 210 210 210
-0.5225057 -1.1802065 -0.8870675 210 210 210
0.21056367 -0.21717857 -0.98682606 210 210 210
0.28001484 0.24794233 -1.2485397 210 210 210
0.16065076 -0.47245935 -1.2200336 210 210 210
0.25415537 0.019871147 -1.303026 210 210 210
0.026275948 -0.22026712 -0.77697331 210 210 210
0.059706602 -0.20269872 -0.80361557 210 210 210
-0.017526286 -0.29230082 -0.63416284 210 210 210
0.83272213 -0.64591175 -1.1638081 210 210 210
0.41724586 0.95255142 -1.294147 210 210 210
-0.34302637 -0.60614264 -1.1647238 210 210 210
0.069128245 0.02722076 -1.3186359 210 210 210
0.56585306 1.1731606 -1.2958975 210 210 210
0.00064386369 -0.2711747 -0.75229597 210 210 210
-0.072353952 -0.32491893 -1.4940673 210 210 210
0.29802924 0.50878465 -1.0629796 210 210 210
0.30813304 -0.39278412 -0.69609791 210 210 210
-0.10884701 -0.42688155 -0.45972237 210 210 210
-0.054303836 -0.25032651 -0.80488682 210 210 210
-0.014839803 0.050878614 -0.82770717 210 210 210
-0.28163204 -0.78182358 -0.76833868 210 210 210
-0.018539973 -0.24766724 -0.78841454 210 210 210
0.25079972 0.44430414 -1.0085386 210 210 210
0.27136442 0.47619805 -1.0710703 210 210 210
-0.67031002 -0.29373628 -0.35872161 210 210 210
-0.1102033 -0.35341159 -1.5003179 210 210 210
-0.16997264 -0.39296442 -1.3195283 210 210 210
-0.08626999 -0.25701869 -0.75242555 210 210 210
-0.58723313 -0.99996251 -0.84385085 210 210 210
0.15632014 -0.76378995 -0.71027321 210 210 210
-0.1226439 -0.045836285 -0.85044777 210 210 210
0.19901711 -0.59136927 -1.0682629 210 210 210
0.27659115 -0.50343084 -1.18302 210 210 210
0.026156493 -0.33964309 -1.2921803 210 210 210
-0.56982249 -0.7758801 0.46353799 210 210 210
-0.29276672 -0.66222793 -0.88935578 210 210 210
0.3079519 -0.052919272 -0.089076057 210 210 210
-0.063452788 -0.61438096 -0.72972786 210 210 210
-0.076612413 -0.32278231 -1.4671249 210 210 210
-0.015429475 -0.49564055 -1.1392827 210 210 210
-0.50555032 -0.19342269 -0.36546549 210 210 210
0.27005643 0.24002235 -1.4118061 210 210 210
0.12380684 -0.11756817 -1.3372499 210 210 210
0.0085033868 -0.14436108 -0.86846024 210 210 210
-0.018749958 -0.018808641 -0.81775284 210 210 210
-0.35542968 -0.93033355 -0.86874449 210 210 210
-0.23365779 -0.75169522 -0.92185241 210 210 210
0.10651862 -0.39604914 -0.74523801 210 210 210
-0.061442982 -0.34027299 -1.4976228 210 210 210
-0.017305525 0.30807549 -1.2896261 210 210 210
-0.10507166 -0.063633509 -0.9063676 210 210 210
0.11130636 0.14270008 -1.3723387 210 210 210
-0.074932836 -0.51434565 -1.1219052 210 210 210
-0.98499787 1.2369887 -0.77168828 210 210 210
0.054400168 -0.2903375 -1.1230741 210 210 210
0.44449207 0.9428578 -1.4548296 210 210 210
0.75725186 -0.45150551 -1.2359914 210 210 210
-0.033983555 0.30213442 -1.3143448 210 210 210
0.036795624 -0.52606267 -1.1283557 210 210 210
-0.43657082 -0.86441159 -0.66381568 210 210 210
-0.33517784 -0.43470344 -0.58565551 210 210 210
0.51503813 -1.0090317 -0.93142396 210 210 210
-0.19859384 -1.120513 -0.90405548 210 210 210
0.34709987 -0.94823998 -1.0606412 210 210 210
0.015562988 -0.5415293 -0.45460734 210 210 210
0.043591283 -0.54507875 -1.1199756 210 210 210
0.17003216 -0.40703201 -0.73515153 210 210 210
-0.25690153 -0.89392859 -0.84576315 210 210 210
0.81632823 -0.6712572 -1.0809968 210 210 210
0.014523857 -0.72828937 -0.87004119 210 210 210
0.093984827 -0.54503191 -0.54806936 210 210 210
0.032265693 -0.85850173 -1.0948718 210 210 210
0.67457944 -0.5772559 -0.56399649 210 210 210
-0.071850762 -0.28989634 -1.4435997 210 210 210
-0.10180946 -0.046141621 -0.90697712 210 210 210
0.013914285 -0.21446678 -0.90147114 210 210 210
0.25013903 0.37084132 -1.3363271 210 210 210
0.24605417 0.17933643 -1.2587981 210 210 210
0.18223086 -0.0099868365 -1.2796147 210 210 210
0.14882393 0.2672205 -1.3679138 210 210 210
0.77639109 -0.5135138 -1.2146651 210 210 210
-0.089605384 -1.3464339 -0.056298502 210 210 210
-0.53090227 -0.61119187 -1.1382341 210 210 210
-0.36954972 -0.61979616 -1.2089967 210 210 210
0.29466021 -0.35038137 -0.19398537 210 210 210
0.17041883 -0.27527553 -1.2276635 210 210 210
0.057448633 -0.26071253 -0.73304343 210 210 210
-0.13620481 0.19626519 -1.2422214 210 210 210
-0.079760924 -0.30935439 -1.4575593 210 210 210
-0.47509545 -0.6446346 -1.1694872 210 210 210
0.87280655 -0.31606954 0.90598822 210 210 210
-0.18074864 -0.97180271 -1.0172582 210 210 210
0.052762121 -0.40955275 -0.54057276 210 210 210
-0.31739733 -0.36883578 -1.2648523 210 210 210
-0.54175961 -0.75139296 -0.35987252 210 210 210
0.15244766 -0.047092173 -0.28369626 210 210 210
-0.040347211 -0.84607071 0.27535355 210 210 210
0.29055136 -0.11973929 -0.15499195 210 210 210
0.3102797 -0.22495545 -1.3412718 210 210 210
-0.62551153 -0.30650738 -1.2252966 210 210 210
-0.079728842 -0.1848792 -1.4687229 210 210 210
0.70597339 -0.90875959 -1.0301034 210 210 210
-0.053469546 -0.22792134 -1.422326 210 210 210
0.18947241 -0.29077494 -1.01346 210 210 210
-0.055785578 -0.32986531 -1.1462878 210 210 210
-0.061849214 -0.17329042 -1.3778385 210 210 210
0.22300166 0.31398085 -1.3467203 210 210 210
0.19633767 -0.17866522 -0.74286646 210 210 210
0.14556402 0.02052754 -1.2937076 210 210 210
0.76091236 -0.6049844 -1.1517283 210 210 210
0.10594867 -0.21393776 -0.71334046 210 210 210
0.12492636 -0.018863795 -0.46877745 210 210 210
-0.011908006 -0.25211498 -0.79252988 210 210 210
0.037086539 -0.24857883 -0.80424792 210 210 210
0.029783197 -0.22259071 -1.311572 210 210 210
0.16294827 -0.11811355 -0.18678509 210 210 210
0.14238887 -0.18122916 -0.76358211 210 210 210
-0.22475825 -0.93921524 -0.86202133 210 210 210
0.37591577 -0.37763551 -0.24327759 210 210 210
-0.32837671 -0.44527206 -0.5728789 210 210 210
-0.065455385 -0.97246593 -1.0494007 210 210 210
0.10375543 -0.60993248 -1.0391475 210 210 210
-0.27003971 -0.36661845 -1.4353635 210 210 210
0.13349384 -0.5001418 -1.0756333 210 210 210
-0.12958883 -0.30678955 -1.3181392 210 210 210
-0.14150213 -0.85288697 -1.0827198 210 210 210
0.21352707 -0.13670886 -0.19539809 210 210 210
-0.31506196 -0.45955569 -1.4123658 210 210 210
-0.27432662 -0.52888465 -0.57794106 210 210 210
0.32059881 -0.17975485 -0.077155322 210 210 210
-0.33592778 -0.36848992 -1.4371697 210 210 210
0.29093292 -0.097140849 -0.16660716 210 210 210
-0.09699823 0.2117188 -1.1919158 210 210 210
0.17365046 -0.48112226 -0.53741729 210 210 210
0.81521791 -0.6846813 -1.0887307 210 210 210
0.2230233 -0.50324392 -0.55319148 210 210 210
0.23623124 -0.39983842 -1.0275801 210 210 210
-0.51755339 0.20067586 -0.19422218 210 210 210
0.12937279 -0.22159855 -0.7339049 210 210 210
0.13045667 -0.23752478 -0.73586124 210 210 210
0.7489953 -0.49085376 -1.2004933 210 210 210
-0.10817233 -0.32734498 -1.4193329 210 210 210
-0.056224965 -0.1840245 -1.3795369 210 210 210
0.10516834 -0.53097969 -0.60807121 210 210 210
0.89867902 -0.62485319 -1.1676475 210 210 210
0.31236744 0.48325101 -1.0804789 210 210 210
0.093265533 -0.21349502 -0.7468521 210 210 210
0.046253074 -0.22066313 -0.80961579 210 210 210
-0.0043183733 -0.20524989 -0.811037 210 210 210
0.12575878 0.25098619 -1.3608862 210 210 210
0.38844088 0.52671713 -1.0814301 210 210 210
0.024622023 -0.18787995 -0.80920786 210 210 210
0.11937692 -0.37473375 -1.2776732 210 210 210
0.1889821 -0.34474075 -1.2653674 210 210 210
0.087631881 -0.18027216 -1.1911188 210 210 210
-0.081603639 -0.040783226 -0.84035832 210 210 210
0.29146004 -1.0027952 -0.34803584 210 210 210
-0.10547829 -0.04928945 -0.9133963 210 210 210
0.75815749 -0.50925463 -1.2187177 210 210 210
-0.051384557 -0.20227905 -1.4111514 210 210 210
-0.15875868 -0.049060881 -0.96193594 210 210 210
-0.13517614 -0.73121077 -1.0161988 210 210 210
-0.12415422 -0.27730289 -1.5733361 210 210 210
0.86549878 -0.50718403 -0.66962445 210 210 210
-0.31050596 -0.63760531 -1.1456261 210 210 210
-0.0076836203 -0.16647643 -1.2936447 210 210 210
-0.41846895 -0.74141794 -0.39202365 210 210 210
0.02226276 -0.45483151 -1.1772088 210 210 210
0.088834487 -0.53861469 -1.0651842 210 210 210
0.092947558 -0.25824359 -1.1948512 210 210 210
-0.13101628 -0.14219339 -0.72680175 210 210 210
-0.32099789 -0.55249745 -1.3527582 210 210 210
-0.091904521 -0.29968682 -0.72328722 210 210 210
-0.36642942 -0.87793934 -0.97795087 210 210 210
-0.064468883 -0.21595842 -1.4641953 210 210 210
-0.29917282 -0.98089957 -1.0532879 210 210 210
0.036208794 -0.24149799 -0.72890955 210 210 210
-0.20791313 -0.33991036 -1.0209405 210 210 210
0.077149987 -0.11485026 -1.3533387 210 210 210
0.013086042 0.38271177 -1.2338519 210 210 210
0.31748459 0.48575798 -1.0653009 210 210 210
0.16990305 -0.43252218 -1.2396334 210 210 210
0.74068964 -0.44124725 -1.2269132 210 210 210
0.1666452 -0.18523513 -0.73175335 210 210 210
0.25824752 0.24108694 -1.3027424 210 210 210
0.1355364 -0.20907104 -0.68745148 210 210 210
0.78865278 -0.54724121 -1.1858613 210 210 210
0.78863209 -0.54802209 -1.1876354 210 210 210
-0.011663533 -0.2545943 -1.1959958 210 210 210
0.27144593 0.15666112 -1.3187767 210 210 210
0.049601614 -0.2413318 -1.3366351 210 210 210
0.21344134 -0.02900151 -0.31748328 210 210 210
-0.040711887 -0.17136984 -1.404918 210 210 210
-0.27891335 -0.58361548 -0.42726964 210 210 210
-0.53568804 -0.53934819 -0.42431563 210 210 210
-0.11078627 -0.050746605 -0.85922933 210 210 210
-0.077046968 -1.0193654 -0.88704675 210 210 210
0.069488384 -0.11531808 -1.2621553 210 210 210
0.93949312 -1.6997697 0.90666163 210 210 210
0.056625392 -0.40442547 -0.70106983 210 210 210
0.011155599 -0.30027014 -0.6277386 210 210 210
-0.5927512 -0.66171527 0.2371316 210 210 210
0.23448081 0.47402388 -1.3443708 210 210 210
0.77638286 -0.57313472 -1.2369649 210 210 210
-0.02714581 -0.3038905 -1.5596883 210 210 210
-0.17312431 -0.42252433 -0.50747943 210 210 210
-0.393617 -1.0192548 -0.83231848 210 210 210
0.061489958 -1.2660681 1.2922118 210 210 210
0.37271899 -0.7350629 -0.85191596 210 210 210
0.17005008 -0.45511505 -0.42499092 210 210 210
0.35981899 -0.89276505 -0.40680131 210 210 210
0.89517391 -0.55790442 -0.63782352 210 210 210
0.18667524 -1.252188 0.32510358 210 210 210
0.4548952 -0.24121827 1.1383123 210 210 210
0.5199272 -1.1154683 -0.66923106 210 210 210
0.047870643 -1.2059119 1.1998296 210 210 210
-0.28061253 -0.85488981 -0.80082875 210 210 210
0.17122716 -0.19646524 -0.72864974 210 210 210
-0.26122016 -0.54699361 -0.34695587 210 210 210
-0.24039906 -0.39103839 -0.60021669 210 210 210
-0.052059036 -1.0245515 -0.90299022 210 210 210
-0.29534546 -0.62628549 -0.7187537 210 210 210
0.7630282 -1.7062922 0.81439686 210 210 210
0.027419932 -0.75546926 -0.93771136 210 210 210
0.081196353 0.26072571 -1.1251301 210 210 210
0.88526028 -0.57763922 -1.0956072 210 210 210
0.23042291 -0.21675259 -0.74122775 210 210 210
-0.11714396 -0.54417449 -1.0457925 210 210 210
0.053230599 -0.52728939 -0.61846232 210 210 210
0.38306367 -0.23923242 -0.061762802 210 210 210
-0.24535951 -0.3919709 -0.59923363 210 210 210
-0.15992822 -0.8366276 -0.78682035 210 210 210
0.75624871 -0.52885157 -1.2178212 210 210 210
0.24581082 -0.4649007 -0.5698458 210 210 210
0.18589376 -0.48184144 -0.56150013 210 210 210
0.54180223 -1.0021791 -0.53774422 210 210 210
-0.20027554 -0.4665485 -0.40073475 210 210 210
1.6121097 1.5049105 3.1469517 210 210 210
0.84066123 -0.50154752 -1.1724101 210 210 210
0.15462996 -0.30906671 -1.0438677 210 210 210
0.048432425 0.21162705 -1.1921108 210 210 210
-0.3409541 -0.73546869 -0.79137194 210 210 210
0.039345708 -0.48919675 -1.1690216 210 210 210
0.26195282 -0.67134494 -0.75115019 210 210 210
0.78014851 -0.54062402 -1.120623 210 210 210
0.29348969 -0.1911021 -0.12130267 210 210 210
0.32811683 -1.3858453 -0.63181031 210 210 210
0.29771832 0.50033504 -1.0657949 210 210 210
-0.16537715 -0.72134423 -1.092751 210 210 210
0.025024222 -0.81271791 -0.96224636 210 210 210
-0.03584788 -0.50568122 -1.0975468 210 210 210
-0.066325575 -0.41983026 -0.47145444 210 210 210
0.083573431 -0.48329997 -1.0737582 210 210 210
0.23016334 -0.84453237 -0.61905164 210 210 210
0.12342107 -0.39592361 -0.70654237 210 210 210
0.12204608 0.0056914599 -0.25429842 210 210 210
0.35535163 -0.33665538 -1.3069848 210 210 210
0.91836488 -0.6537503 -1.0527598 210 210 210
0.2036541 -0.20565617 -1.1588031 210 210 210
0.42098922 -1.1396836 -0.6069445 210 210 210
0.47878471 0.80172062 -1.3679588 210 210 210
0.17991757 -0.18626887 -1.1532788 210 210 210
0.24713318 -0.30872095 -1.2964722 210 210 210
0.25255895 -0.4891274 -0.56109339 210 210 210
-0.23926063 -0.41924897 -1.1501763 210 210 210
0.22878401 -0.24178581 -0.73556137 210 210 210
0.27499664 -0.352608 -0.69439942 210 210 210
-0.23456109 -0.37380934 -0.62735778 210 210 210
-0.1861594 -1.3789744 0.047308739 210 210 210
0.76301986 -0.42411557 -1.2213715 210 210 210
-0.33600497 1.7686926 -0.053154048 210 210 210
-0.16677751 -0.04066452 -0.90691459 210 210 210
0.045458894 -0.30109993 -1.0981798 210 210 210
0.12814675 -0.25843152 -0.71435595 210 210 210
0.81024331 -0.6597411 -1.1341388 210 210 210
-0.94582862 1.2792511 -0.70581681 210 210 210
-0.40809503 -0.84685677 -0.61379778 210 210 210
-0.079413056 -0.539213 -1.1103826 210 210 210
-0.080417082 -0.53531855 -1.0922641 210 210 210
-0.2425959 -0.39619562 -0.60206479 210 210 210
-0.059995133 -0.80738217 -1.0545168 210 210 210
-0.15938543 -0.36298513 -0.56568712 210 210 210
-0.13182005 -0.37463793 -0.55168104 210 210 210
0.22691031 -0.44043651 -0.40135849 210 210 210
-0.15870361 -0.40022904 -1.0285996 210 210 210
0.44766924 -0.29881623 -0.040551737 210 210 210
0.023194434 -0.52347624 -0.49452218 210 210 210
0.23640382 -0.37476143 -1.0170352 210 210 210
0.39875385 -0.74602109 -1.0065238 210 210 210
0.14859527 -0.33133852 -1.0840459 210 210 210
0.097653866 -0.28003114 -0.68549961 210 210 210
-0.12054545 -0.30009678 -1.4107194 210 210 210
0.34620675 -0.12197337 -0.14686607 210 210 210
0.21677142 -0.089267679 -0.083333172 210 210 210
0.23954196 -0.30988845 -0.71044981 210 210 210
0.25321347 -0.51181859 -0.56058758 210 210 210
0.19782735 0.11190495 -0.39147118 210 210 210
0.18940574 0.11232407 -0.41165385 210 210 210
0.25226316 0.10686252 -0.36473417 210 210 210
0.20196262 0.1003478 -0.40636131 210 210 210
0.13232468 -0.34183499 -0.73735321 210 210 210
0.36256108 -1.3862792 -0.72553754 210 210 210
0.23205216 -0.22560781 -0.73757517 210 210 210
0.24424115 -0.49160188 -0.56206608 210 210 210
0.21224058 0.12345074 -0.40281808 210 210 210
0.084770814 0.067160159 -1.3561082 210 210 210
0.23874253 -0.26842874 -0.73168772 210 210 210
0.12940185 -0.021917788 -0.31829408 210 210 210
0.017113203 -0.23480652 -0.79870671 210 210 210
0.45095906 -1.0490385 -0.59793079 210 210 210
0.5189603 -1.2111776 -0.52030289 210 210 210
-0.45849583 -1.2337316 0.10522865 210 210 210
-0.072393157 -0.21659501 -1.3898984 210 210 210
-0.05655681 -0.19952822 -1.3042942 210 210 210
0.23488952 -0.19737606 -0.7354582 210 210 210
0.30483583 -1.3109715 -0.8393907 210 210 210
0.37256169 -1.0915679 -0.27823257 210 210 210
0.065310083 -0.39440325 -1.117924 210 210 210
0.43972495 -1.1014123 -0.60035616 210 210 210
-0.044151802 -0.31793275 -1.4490095 210 210 210
0.1387897 0.076960817 -1.2980317 210 210 210
0.31270337 0.36956626 -1.2773502 210 210 210
0.19385111 -0.19107182 -1.145873 210 210 210
0.45655209 -1.1000981 -0.58979303 210 210 210
0.16428156 -0.16894262 -1.2431233 210 210 210
0.49745178 -1.0182077 -0.57493711 210 210 210
0.43808797 -1.0990665 -0.59726626 210 210 210
0.21097259 -0.1818949 -0.7520504 210 210 210
0.21440434 -0.17681153 -0.75349146 210 210 210
0.41187441 -1.2521724 -0.56285506 210 210 210
0.020321852 -0.21236189 -0.76962554 210 210 210
0.83459991 -0.58119321 -1.1178719 210 210 210
0.18111199 0.077875271 -1.2778332 210 210 210
0.11373045 -0.18313852 -0.75437135 210 210 210
-0.13708027 -0.12200592 -0.79764664 210 210 210
-0.68829894 -0.45704544 -0.12651785 210 210 210
0.088300057 0.04165886 -1.1329406 210 210 210
0.27447423 -0.34178588 -0.74739683 210 210 210
-0.13500176 -0.33400631 -1.0243582 210 210 210
0.8091116 -1.4113402 0.91190034 210 210 210
0.015743598 -0.33713335 -1.2810932 210 210 210
-0.13223474 -0.28560963 -1.2789044 210 210 210
0.20033915 -0.25088039 -1.3607179 210 210 210
-0.69638997 -0.39339504 -0.24047676 210 210 210
0.35438499 0.52984029 -1.0576096 210 210 210
-0.066950187 -0.33178356 -1.015568 210 210 210
0.34398234 0.51928544 -1.0506029 210 210 210
-0.083476767 -0.44910669 -1.2759416 210 210 210
0.23465604 -1.1360388 -0.24330609 210 210 210
0.29556262 -0.14413603 -0.10415482 210 210 210
0.31686381 0.49021247 -1.0659825 210 210 210
-0.40651545 -0.92917079 -0.98652542 210 210 210
-0.61903942 -0.31756103 -0.27578223 210 210 210
-0.029981669 0.035713933 -0.79529834 210 210 210
-0.19898634 -0.30326214 -1.0567639 210 210 210
0.045815546 -0.23904632 -0.73036438 210 210 210
0.069632918 0.07999295 -0.85295838 210 210 210
-0.62536013 -0.75012439 -0.75720322 210 210 210
-0.25071591 -0.56209457 -0.50005335 210 210 210
0.30571064 -0.13453764 -0.11180325 210 210 210
0.30798471 -0.51633942 -0.81948596 210 210 210
-0.032675978 -0.23312597 -1.5283209 210 210 210
0.085157156 -0.60316598 -0.98134166 210 210 210
-0.0014171588 0.0019319843 -1.2024835 210 210 210
0.7668426 -0.52689683 -1.1856812 210 210 210
-1.0856584 1.2889547 -0.70996499 210 210 210
-0.10633067 -0.037904143 -0.86056918 210 210 210
-0.19849145 -0.47882152 -1.1713521 210 210 210
0.021377819 -0.27295041 -1.0853909 210 210 210
0.13483746 -0.20922577 -0.74491799 210 210 210
-0.26506478 -0.70372617 -0.81335264 210 210 210
-0.0018307372 -0.64537758 0.1709612 210 210 210
-0.072704025 -0.42412573 -1.2636949 210 210 210
-0.058771055 -0.94360143 -0.86077577 210 210 210
0.21982373 -1.2335249 0.11334259 210 210 210
-0.99091011 -1.0597261 -0.83510417 210 210 210
0.80700541 -0.77317321 -0.59723216 210 210 210
-0.2798852 -0.83005017 -0.87826359 210 210 210
-0.13794018 -0.15118079 -0.79692149 210 210 210
-0.0041988785 -0.37769443 -0.42927194 210 210 210
-0.27508423 -0.91616106 -0.78327197 210 210 210
-0.1955232 -0.73507649 -0.54216677 210 210 210
-0.25609881 -0.78398019 -1.0079913 210 210 210
0.81744355 -0.80985183 -0.28119346 210 210 210
0.58193946 -0.54345882 -0.86862046 210 210 210
0.1017937 -0.52432865 -0.46570387 210 210 210
0.15618984 -1.2264742 0.13044673 210 210 210
-0.16204464 -0.85134578 0.59156984 210 210 210
-0.20386778 -0.76632541 -0.95055997 210 210 210
-0.20279074 -0.47311097 -1.1370397 210 210 210
0.90409291 -0.54991525 -0.66554594 210 210 210
0.23271516 -0.63885689 -0.77270234 210 210 210
-0.2439371 -1.2886918 -0.73744643 210 210 210
-0.2415397 -0.51384091 0.97122967 210 210 210
0.19240104 -0.44635075 -0.40524608 210 210 210
0.29964903 -0.42871326 -0.41465956 210 210 210
-0.57809204 -0.80004251 -0.2428413 210 210 210
-0.061331861 -0.62244767 -0.76087332 210 210 210
-0.21709733 -0.75569743 0.12334767 210 210 210
-0.071851045 -0.12656565 -0.7351613 210 210 210
0.17938198 -0.44902322 -0.93709403 210 210 210
-0.36450416 -0.78796458 0.17220742 210 210 210
-0.1304509 -1.0650641 -0.860856 210 210 210
0.46525753 -0.40917134 -0.82922578 210 210 210
0.89788324 -1.4936202 0.63532037 210 210 210
0.11129965 -0.51316661 -0.40402213 210 210 210
0.16842824 -0.53843641 -0.88870651 210 210 210
0.049607094 -0.47944176 -1.2272754 210 210 210
-0.235309 -0.82568926 -0.93040901 210 210 210
0.0031512508 -1.3788643 0.13543554 210 210 210
0.85895675 -0.7442655 -0.52825224 210 210 210
-0.18100226 -1.1607575 -0.82693416 210 210 210
0.30257082 -0.46508336 -0.909015 210 210 210
0.20909193 -0.20134348 0.6731866 210 210 210
-0.18529725 -0.42825508 -0.51728004 210 210 210
0.06173484 -0.45793718 -1.086068 210 210 210
-0.25357151 -0.89062965 -0.74260104 210 210 210
0.80324811 -0.83323449 -0.3114925 210 210 210
-0.60035205 -0.75076348 -0.32690221 210 210 210
-0.072814226 -0.41564038 -0.48456207 210 210 210
0.21412987 -0.47495618 -0.87856656 210 210 210
0.38410833 -0.4383173 -1.1241441 210 210 210
-0.14390457 -0.38687879 -0.52159888 210 210 210
-0.061115783 -0.5581373 -0.50671721 210 210 210
-0.13199171 -0.54482687 -0.40767071 210 210 210
-0.12689258 -0.55416816 -0.44143593 210 210 210
0.18832867 -0.51387507 -0.41739175 210 210 210
0.12752381 -0.5153864 -0.43801686 210 210 210
0.22485456 -0.42886081 -0.37096861 210 210 210
-0.12150864 -1.2345067 0.12820433 210 210 210
0.084468804 -0.29664195 -0.65135437 210 210 210
0.022657722 -0.28735569 -0.65535599 210 210 210
0.26191536 -0.108426 -0.17864396 210 210 210
0.28491634 -0.089333996 -0.1738459 210 210 210
0.12818275 -0.64343566 -0.89531994 210 210 210
-0.35690495 -0.37337318 0.68487656 210 210 210
-0.92322665 -0.93765569 -1.0672572 210 210 210
0.320346 -1.2274275 -0.098693766 210 210 210
-0.062436845 -1.2181466 -0.22771771 210 210 210
0.89114916 -0.73614836 -0.57158095 210 210 210
0.23911044 -0.82970858 -0.75811291 210 210 210
0.57359374 -1.8356028 0.6326015 210 210 210
0.32066908 -1.3820547 -0.68993008 210 210 210
0.96962935 -0.6219027 -0.51140523 210 210 210
0.073188975 -0.47606653 -0.95127523 210 210 210
0.12574115 -0.21693981 -0.74147391 210 210 210
0.091319993 -0.50726664 -1.1384263 210 210 210
-0.17188263 -0.60215521 -0.38254583 210 210 210
-0.17167789 -0.58435118 -0.38002667 210 210 210
-0.42926186 -1.0302465 -0.82107133 210 210 210
-0.66777748 -0.86068273 0.29790017 210 210 210
-0.27544966 -0.93598419 -0.77902222 210 210 210
-0.083857872 -0.42165703 -0.47134808 210 210 210
-0.17603338 -0.4180536 -0.50280446 210 210 210
0.066071555 -0.94579005 -0.85044372 210 210 210
-0.087841839 -0.41509789 -0.48820221 210 210 210
-0.87283063 -1.286317 -0.78758353 210 210 210
-0.32062837 -0.80562931 -0.64886397 210 210 210
0.76103204 -1.6674155 0.57653081 210 210 210
-0.76144713 -0.78134835 0.1422476 210 210 210
-0.18493444 -0.40956074 -0.53538454 210 210 210
0.92330033 -0.87897074 -0.5422101 210 210 210
0.92959088 -0.55941838 -0.62982506 210 210 210
0.2138688 -0.41522032 -0.89700812 210 210 210
-0.33350101 -0.81146097 -0.6787613 210 210 210
-0.51557893 -0.75502461 -0.37925723 210 210 210
-0.54942352 -0.73545343 -0.32608509 210 210 210
0.068962283 -0.27332965 -1.1686069 210 210 210
0.059829537 -0.58048046 -1.0347838 210 210 210
0.15904112 -0.48605517 -0.37075526 210 210 210
-0.029825581 -0.54601562 -0.46780962 210 210 210
0.011257042 -0.54711461 -0.42735028 210 210 210
0.81181931 -0.71648276 -0.77178615 210 210 210
0.16609785 -0.49482799 -0.39718741 210 210 210
2.3079801 -0.11888969 2.2081804 210 210 210
-0.16982919 -0.75324702 -0.85457867 210 210 210
0.12846179 -0.32547128 -0.60897207 210 210 210
0.063777275 -0.52790892 -0.42302933 210 210 210
0.17294925 -0.52684492 -0.85918331 210 210 210
-0.1433741 -0.37946752 -0.54487497 210 210 210
0.75794733 -0.96725261 -0.36956477 210 210 210
0.14952265 -0.5210374 -0.42379192 210 210 210
-0.14296548 -0.3783671 -0.54803264 210 210 210
-0.12924212 -0.37547487 -0.53579432 210 210 210
0.19308762 -0.46985853 -0.39830449 210 210 210
-0.033236012 -0.57533288 -0.74283916 210 210 210
-0.058370553 -0.11328465 -1.3272923 210 210 210
0.10252977 -0.49422181 -0.9453038 210 210 210
-0.0069323401 -0.49478513 -1.2099016 210 210 210
-0.11143108 -0.16186093 -0.71240145 210 210 210
0.16638602 -0.50035441 -0.43288106 210 210 210
-0.17359079 -0.37209001 -0.56714404 210 210 210
0.20380446 -0.44592059 -0.38484377 210 210 210
-0.16418763 -0.36886692 -0.56020135 210 210 210
-0.16314533 -0.36812043 -0.56512535 210 210 210
-0.10208756 -0.14836274 -0.70652425 210 210 210
-0.093213513 -0.14778002 -0.70261598 210 210 210
-0.082435735 -0.14604826 -0.69410056 210 210 210
-0.12131137 -0.15018523 -0.72072273 210 210 210
-0.051513903 -0.29750615 -0.67021632 210 210 210
0.18352783 -0.49700746 -0.45369342 210 210 210
0.01918851 -0.34675133 -0.51573062 210 210 210
0.25085011 -0.095707379 -0.15216009 210 210 210
0.029147414 -0.25640327 -0.64687508 210 210 210
-0.12506646 -0.48702142 -1.3187799 210 210 210
0.17799884 0.41793713 -0.99472916 210 210 210
-0.11009555 -0.52814519 -0.45250553 210 210 210
0.2346483 -0.44978911 -0.42545533 210 210 210
0.24047334 -0.40875387 -0.3798174 210 210 210
0.12563895 -0.48943019 -0.45660353 210 210 210
0.11042523 -0.36233127 -1.2257588 210 210 210
0.25795215 -0.39539313 -0.40775424 210 210 210
-0.066411793 -0.1195057 -0.72926503 210 210 210
0.084360518 -0.4517464 -1.1601288 210 210 210
0.10987104 -1.3057677 -0.69029254 210 210 210
-0.76590568 -0.7040562 -0.28209594 210 210 210
-0.19137199 -0.42920709 -0.51222044 210 210 210
0.25793436 -0.44117585 -0.40869817 210 210 210
-0.049677558 -0.56832492 -0.98462546 210 210 210
0.2998805 -1.4280416 0.20034729 210 210 210
-0.093955055 -0.42136583 -0.46367657 210 210 210
0.092689097 -0.54461557 -0.43534046 210 210 210
-0.4448882 -0.93439353 -0.82517934 210 210 210
0.19339091 -0.95238066 -0.80095851 210 210 210
-0.34344256 -0.58992428 -1.1471312 210 210 210
0.16287586 -0.47299984 -0.93090212 210 210 210
-0.21938759 -0.47883078 -1.2670683 210 210 210
-0.12631053 -0.37594026 -0.55458063 210 210 210
0.04120392 -0.30900413 -1.0361975 210 210 210
-0.070775762 -0.1619909 -0.68736058 210 210 210
-0.17077148 -0.54674089 -0.44188079 210 210 210
-0.078647584 -0.36604282 -0.51548922 210 210 210
-0.10490523 -0.44898239 -1.2765223 210 210 210
-0.16444328 -0.5506047 -0.43941754 210 210 210
0.018943803 0.27619696 -1.0715166 210 210 210
-0.0041844007 -0.27574122 -0.63235819 210 210 210
-0.14669576 -0.55314076 -0.43955687 210 210 210
-0.13178428 -0.37757728 -0.54961437 210 210 210
0.21496443 -0.31837794 -0.99785739 210 210 210
0.11124313 -0.51377201 -0.42549619 210 210 210
-0.045695942 -0.43944931 -0.94890338 210 210 210
0.21032317 -0.50287521 -0.4067097 210 210 210
-0.049776811 -0.45502073 -1.3195004 210 210 210
-0.043327834 -0.29579106 -0.64443678 210 210 210
0.10528886 -0.47585407 -1.0818592 210 210 210
0.098498635 -0.23865883 -1.1905375 210 210 210
-0.47703105 -0.69578356 -1.0033815 210 210 210
-0.1582637 -0.55481172 -0.4315902 210 210 210
0.40594316 0.66887635 1.3606566 210 210 210
-0.28184867 -0.73308194 -0.67777085 210 210 210
0.17645717 -0.48442829 -0.40315208 210 210 210
0.088136487 -0.42504749 -0.55509168 210 210 210
0.18089795 -0.20867436 -1.5890994 210 210 210
0.11474413 -0.54131228 -0.43538269 210 210 210
0.095101282 -0.51767749 -0.41838226 210 210 210
0.058954082 -0.51339459 -1.0541278 210 210 210
0.16435045 -0.50700092 -1.0225195 210 210 210
0.10367845 -0.53700775 -0.43618423 210 210 210
0.03521271 -0.54919612 -0.45364869 210 210 210
0.19089538 -0.44943422 -0.36144248 210 210 210
-0.052960087 -0.37644547 -0.50407708 210 210 210
-0.047411751 -0.37735212 -0.50339055 210 210 210
-0.29211468 -0.56456208 -1.2645673 210 210 210
-0.15964733 -0.5569886 -0.43011397 210 210 210
0.039819803 -0.51068664 -0.51036626 210 210 210
0.16767463 -0.49370649 -0.39769667 210 210 210
0.1397824 -0.4305608 -1.2075046 210 210 210
0.17147879 -0.48232046 -1.1280177 210 210 210
-0.45590666 -0.9407956 -0.8473025 210 210 210
0.069905244 -0.51180506 -0.45373812 210 210 210
-0.17042354 -0.56206197 -0.44139045 210 210 210
-0.027786711 -0.56627661 -0.50036746 210 210 210
-0.016115094 -0.49769881 -0.4029164 210 210 210
0.022516044 -0.55540031 -0.45454568 210 210 210
0.065544441 -0.31824005 -1.1594362 210 210 210
-0.062963083 -0.54686904 -0.39976743 210 210 210
-0.17467049 -0.3889457 -0.54033697 210 210 210
-0.045242403 -0.38017094 -0.48705357 210 210 210
-0.038816959 -0.55214912 -0.38286951 210 210 210
-0.10632256 -0.59620237 -0.53751838 210 210 210
0.17077965 -0.46977785 -0.37085342 210 210 210
0.027956694 -0.38985249 -0.56898135 210 210 210
-0.043139648 -0.51697809 -0.48442617 210 210 210
0.082965516 -0.59643197 -1.0094303 210 210 210
-0.20798907 -0.77734244 -0.72433996 210 210 210
-0.037587412 -0.50999916 -0.88713676 210 210 210
-0.25969145 -0.90125829 -0.85021454 210 210 210
0.27645168 -0.51429141 -0.96501857 210 210 210
-0.26197073 -0.87680775 -0.80958521 210 210 210
0.0046602814 -0.55752748 -0.47508267 210 210 210
-0.11369053 -0.56266189 -0.40024093 210 210 210
0.081912272 -0.52967191 -0.40902743 210 210 210
0.0051563326 -0.52403754 -0.46715733 210 210 210
-0.10140006 -0.56402552 -0.40114716 210 210 210
0.24266459 -0.49010465 -0.42697692 210 210 210
-0.11914574 -0.3916398 -0.51091367 210 210 210
0.050175302 -0.55702436 -1.0999864 210 210 210
0.086864248 -0.47500959 -1.188844 210 210 210
-0.54268229 -0.73644257 -0.33344808 210 210 210
-0.53065836 -0.82676095 -0.68746018 210 210 210
-0.18200435 -0.39755782 -0.54192358 210 210 210
-0.056962855 -0.51932383 -0.4037042 210 210 210
-0.29907268 -0.70730948 -0.47751054 210 210 210
0.058547154 -0.58114731 -1.0033602 210 210 210
-0.42289019 -0.7695114 -0.57533765 210 210 210
-0.41798353 -0.93746996 -0.81692934 210 210 210
-0.54170513 -0.74845338 -0.34819725 210 210 210
0.05354213 -0.60204655 -0.98636502 210 210 210
-0.17150573 -0.39872727 -0.52977729 210 210 210
-0.24627733 -0.77935272 -0.62000656 210 210 210
0.21301465 -0.4797993 -0.5664627 210 210 210
-0.55660933 -1.0750932 -0.8584519 210 210 210
-0.037291508 -0.50999355 -0.40749985 210 210 210
0.13672055 -0.81171781 -0.93578535 210 210 210
-0.52383101 -0.86690015 -0.75009233 210 210 210
-0.11306107 -0.47326535 -1.2397003 210 210 210
-0.45599756 -0.74852985 -0.34033519 210 210 210
0.16949573 -0.4647494 -1.3734818 210 210 210
-0.24285358 -0.95061141 -0.90972871 210 210 210
0.36164275 -1.4565173 -0.33965752 210 210 210
-0.23259987 -0.75061303 -0.67151713 210 210 210
-0.3115516 -0.81581831 -0.77568328 210 210 210
-0.25513536 -0.86568457 -0.73870248 210 210 210
-0.18325357 -0.40480718 -0.53848672 210 210 210
-0.10242426 -0.40238911 -0.5035944 210 210 210
-0.17067482 -0.4060322 -0.5246442 210 210 210
-0.30284339 -0.45920855 -0.52535695 210 210 210
-0.23177555 -0.82583684 -0.66609311 210 210 210
-0.1436265 -0.56917113 -0.38998765 210 210 210
0.094566204 -0.63597244 -1.0709467 210 210 210
-0.16386275 -0.56562436 -0.41736701 210 210 210
0.20474842 -0.67204797 -0.69479084 210 210 210
-0.27073282 -0.87869608 -0.85431588 210 210 210
-0.083855957 -0.40289015 -0.49134433 210 210 210
-0.24570598 -0.93392056 -0.85426295 210 210 210
-0.084590606 -0.56458437 -0.38170525 210 210 210
-0.17432523 -0.40821382 -0.52488148 210 210 210
-0.062341433 -0.533539 -0.39655495 210 210 210
-0.6144467 -1.1785152 -0.83509654 210 210 210
-0.27451655 -0.91157049 -0.84381175 210 210 210
0.048302721 -0.7545864 -1.2228065 210 210 210
-0.91801393 -1.2337339 -0.79041767 210 210 210
-0.10228572 -0.56714839 -0.37940705 210 210 210
0.83653891 -1.0320023 -0.51044917 210 210 210
-0.70638269 -0.76560646 -0.30684653 210 210 210
0.12037123 -0.70017457 -0.41879985 210 210 210
0.07556621 -0.4412649 -1.0907886 210 210 210
0.030245706 -0.58207208 -0.42137501 210 210 210
-0.037600338 -0.65543729 -0.84116465 210 210 210
0.25447324 -0.36112911 -0.077314168 210 210 210
-0.16761643 -0.57978475 -0.41082633 210 210 210
0.10538196 -0.76039988 -0.66617531 210 210 210
-0.18945929 -0.42321295 -0.52548754 210 210 210
1.1429302 -0.81603593 -0.48716462 210 210 210
-0.18289918 -0.4272539 -0.49187431 210 210 210
0.69352871 -0.83290726 -0.86476487 210 210 210
0.23081961 -0.20286807 0.60375041 210 210 210
-0.26884273 -0.52741355 -0.040103022 210 210 210
-0.05467131 -0.44542179 -0.78938901 210 210 210
-0.35246596 -0.9987371 -0.79103523 210 210 210
0.26551476 -0.80235887 -0.71496373 210 210 210
-0.19974335 -0.60478592 -0.34204358 210 210 210
-0.047469579 -0.63665503 -0.85215873 210 210 210
-0.33703542 -0.24340394 0.68459493 210 210 210
0.16683283 -0.54654235 -0.85982585 210 210 210
0.68628961 -0.97376353 -0.83312696 210 210 210
-0.33378163 -0.88698506 -0.69147831 210 210 210
-0.26913008 -0.63000709 -0.85514146 210 210 210
-0.39399385 -0.8972258 0.49606544 210 210 210
-0.33197471 -0.79091233 0.12794048 210 210 210
0.052197754 -1.0022268 -0.78554583 210 210 210
-0.23386456 -0.71661174 -0.76357764 210 210 210
-0.035275113 -0.72411889 -1.0325167 210 210 210
0.15627104 -1.3549818 0.28213054 210 210 210
0.0095096417 -1.2432061 0.18045928 210 210 210
-0.068556175 -0.75323397 -0.92860115 210 210 210
-0.0050551249 -0.36289191 -0.51168972 210 210 210
0.37236843 -0.1445892 -0.13692676 210 210 210
0.29385099 -0.42999771 -0.41526458 210 210 210
-0.089258336 -0.45142153 -1.2523271 210 210 210
0.28895581 -0.43125519 -0.41310132 210 210 210
0.26252446 -0.4307678 -0.41192698 210 210 210
0.23189721 -0.4381479 -0.41782406 210 210 210
0.20051926 -0.46358606 -0.4366048 210 210 210
0.24925911 -0.45468155 -0.43038383 210 210 210
0.15096341 -0.50592923 -0.47898585 210 210 210
-0.28658172 -0.55108637 -1.1917723 210 210 210
0.26365966 -0.4592528 -0.43447486 210 210 210
0.24042976 -0.48697242 -0.4334994 210 210 210
0.23175739 -0.45187512 -0.42453185 210 210 210
-0.095316254 0.0034232566 -0.78316963 210 210 210
0.18131426 0.41633087 -0.99611396 210 210 210
0.17695644 0.41399798 -1.0007932 210 210 210
0.22758955 -0.49662513 -0.43921602 210 210 210
0.38108376 0.15204312 -1.1564744 210 210 210
0.24775749 -0.46075299 -0.43484804 210 210 210
0.20721433 -0.4745754 -0.43900442 210 210 210
-0.15977527 -0.36147213 -0.56268203 210 210 210
0.10189041 -0.27016231 -1.1472368 210 210 210
0.12996672 -0.26298022 -1.1296774 210 210 210
0.23656321 -0.47990799 -0.44569823 210 210 210
-0.16003306 -0.36230293 -0.56178045 210 210 210
0.25022668 -0.49130535 -0.42713279 210 210 210
0.018237544 -0.26406345 -0.64722466 210 210 210
0.20860144 -0.46074262 -0.42034334 210 210 210
0.22464828 -0.45584962 -0.4097091 210 210 210
-0.33187571 -0.55628401 -1.1238353 210 210 210
-0.22647087 -0.44629186 -1.0348557 210 210 210
0.25775021 -0.48068783 -0.42969477 210 210 210
0.17269264 -0.46074232 -0.43491092 210 210 210
0.35644507 -0.45077312 -0.33717102 210 210 210
0.33283463 -0.46466222 -0.35647225 210 210 210
0.14761721 -0.48594284 -0.45580345 210 210 210
-0.11955142 -0.15037522 -0.71096307 210 210 210
0.078123063 -0.27650061 -1.198341 210 210 210
-0.010098477 -0.27788779 -0.6474247 210 210 210
-0.360755 -0.5338043 -1.0254443 210 210 210
0.24621266 -0.11047262 -0.14877333 210 210 210
-0.16003874 -0.36764067 -0.56008667 210 210 210
-0.070032313 -0.38040513 -1.2124225 210 210 210
-0.093169436 -0.15652156 -0.70434588 210 210 210
0.13611715 -0.49194247 -0.4595817 210 210 210
0.19949083 -0.45643201 -0.39426473 210 210 210
0.19354847 -0.48315349 -0.42301193 210 210 210
0.25894895 -0.10818359 -0.15510555 210 210 210
-0.0062430324 -0.35923949 -0.52737862 210 210 210
0.10392257 -0.27816838 -1.149408 210 210 210
0.18204241 -0.51289821 -0.44685853 210 210 210
-0.063869089 -0.27913699 -1.2946308 210 210 210
-0.06702742 -0.15642568 -0.69249636 210 210 210
0.15071487 -0.51045686 -0.43943119 210 210 210
-0.0063082338 -0.3639158 -0.52182066 210 210 210
-0.062984429 -0.15641625 -0.68846619 210 210 210
0.16442402 -0.52612281 -0.44793171 210 210 210
-0.25737432 -0.48593569 -1.0603721 210 210 210
-0.23416629 -0.46158192 -1.0815139 210 210 210
0.12310428 -0.51798487 -0.43974924 210 210 210
0.093457326 -0.54014629 -0.49736732 210 210 210
-0.29823485 -0.84908932 -0.91700166 210 210 210
0.017444907 -0.85221195 -0.91929388 210 210 210
-0.051953323 -0.40351266 -0.46816984 210 210 210
0.13414587 -0.49652731 -0.47934067 210 210 210
-0.56507611 1.4191047 -0.20655566 210 210 210
0.81374454 -0.95786035 -0.63158864 210 210 210
0.28068101 -0.27716112 -1.0490813 210 210 210
-0.44910794 -0.71797651 -1.0451187 210 210 210
0.18719064 0.46398309 -1.0992516 210 210 210
0.14171797 -0.70189989 -1.0713352 210 210 210
0.17923668 0.44879621 -1.0740932 210 210 210
0.18708856 -0.23959595 -0.70988774 210 210 210
0.096402645 -0.36849809 -1.0743035 210 210 210
0.044550277 0.3031328 -1.2002958 210 210 210
0.19688277 -0.27582976 -1.0432876 210 210 210
-0.030154316 -0.26585126 -1.4947827 210 210 210
0.27099326 -0.13266158 -0.18637951 210 210 210
0.013215998 -0.22413027 -0.80320805 210 210 210
0.19585466 -0.32781312 -0.68870252 210 210 210
0.26110497 -0.0935366 0.085673548 210 210 210
-0.052910175 -0.34429702 -1.3846368 210 210 210
0.0062250276 -0.30866197 -0.70348889 210 210 210
0.51603127 -0.36451161 -0.21251085 210 210 210
0.11717556 -0.23457463 -1.3347852 210 210 210
0.13631292 -0.43338233 -1.2365211 210 210 210
0.50814676 -1.1809205 -0.55086631 210 210 210
0.15082541 -0.69015938 -1.1071602 210 210 210
0.15844993 -0.15169202 -0.094746746 210 210 210
0.53887516 -0.49937022 -0.94044262 210 210 210
0.28123158 -0.5217604 -0.55833137 210 210 210
0.10539107 -0.22877987 -0.75311482 210 210 210
-0.14069456 -0.94175369 -0.95984548 210 210 210
-0.091779433 -0.2783387 -1.1738002 210 210 210
0.23633404 -0.24957879 -0.72234803 210 210 210
-0.25115341 -1.4660702 0.25492594 210 210 210
0.044195022 -0.39366528 -1.0871062 210 210 210
0.16025645 -0.19666342 -0.74227893 210 210 210
0.08921551 -0.23382813 -1.2064447 210 210 210
-0.030963652 -0.25669587 -1.524267 210 210 210
-0.14786942 -0.06059267 -0.84711564 210 210 210
-0.15713473 -0.56207103 -1.0427713 210 210 210
-0.19704531 -0.44267753 -1.4309684 210 210 210
0.80381072 -0.44051692 -1.184564 210 210 210
0.097228304 -0.23158865 -0.74767667 210 210 210
0.049440809 -0.2162236 -0.79989439 210 210 210
0.37618086 -0.54298222 -1.1773201 210 210 210
0.41707957 -1.2058644 -0.59788799 210 210 210
-0.25637099 -0.65912968 -0.78521204 210 210 210
-0.034302305 -0.049354337 -0.78209978 210 210 210
0.51606816 -1.0562247 -0.93962151 210 210 210
-0.59919482 -0.67224973 0.23527133 210 210 210
0.30726805 -0.22846349 -0.096366756 210 210 210
0.040984418 -0.30822137 -0.62917131 210 210 210
0.81939489 -0.61032891 -1.0782771 210 210 210
0.038693551 -0.55429626 -0.60944706 210 210 210
0.20255457 -0.13357775 -0.11745743 210 210 210
-0.74247175 1.3381543 -0.64323026 210 210 210
-0.09186551 -0.46536472 -1.1856055 210 210 210
-0.13973667 -0.32117945 -1.37717 210 210 210
0.70820612 -0.53740615 -1.1493939 210 210 210
-0.17130513 -0.32359058 -1.3866887 210 210 210
0.17614748 -0.33388305 -0.68184245 210 210 210
-0.13084285 -0.36385387 -1.5444462 210 210 210
0.12487835 -0.50124085 -0.55533147 210 210 210
0.13402905 -0.42519477 -1.304966 210 210 210
0.11744357 -0.66688037 -1.0509804 210 210 210
0.19898428 -0.20356531 -1.0921102 210 210 210
0.26917458 -1.352285 0.17199254 210 210 210
0.18526201 -0.49003363 -0.55943298 210 210 210
0.55176961 -0.92607623 -1.070781 210 210 210
0.051247779 -0.63917136 -0.83186036 210 210 210
-0.29481101 -0.53258908 -1.2987281 210 210 210
0.77955884 -0.63284433 -1.1363628 210 210 210
0.58651996 -0.49487334 -0.71372205 210 210 210
0.20864344 -0.56380594 -1.1572704 210 210 210
0.63533217 -0.75709289 -0.87068486 210 210 210
0.20804094 -0.048113763 -0.20810696 210 210 210
0.79685509 -0.66945189 -1.089782 210 210 210
0.04499016 -0.30562049 -0.78422481 210 210 210
0.83967912 -0.83957994 -1.1200012 210 210 210
0.16124557 -0.2746973 -0.68024707 210 210 210
0.15073802 -0.35714063 -0.69835228 210 210 210
0.22770667 -0.29219297 -0.70262927 210 210 210
0.75009519 -1.0144774 -0.26340792 210 210 210
0.0025172543 -0.30928853 -0.62220544 210 210 210
0.16760278 -0.23583293 -0.72599196 210 210 210
0.13438253 -0.51105988 -0.53867108 210 210 210
0.92334437 -0.58367866 -1.0875509 210 210 210
-0.12315794 -0.36278409 -1.3680365 210 210 210
0.79228342 -0.46388549 -1.17528 210 210 210
0.77588445 -0.58520246 -1.1824013 210 210 210
-0.13723913 -0.34570912 -1.3236132 210 210 210
0.25120369 0.30486763 -1.3048413 210 210 210
0.11463318 -0.28374058 -0.78982222 210 210 210
0.095144302 -0.21577582 -0.74221206 210 210 210
0.84717208 -0.60915416 -1.1551212 210 210 210
0.0092060575 -0.34419349 -1.3280147 210 210 210
-0.059420809 -0.23557584 -0.77355468 210 210 210
0.86056 -0.65376937 -1.0419277 210 210 210
0.029872622 -0.23017766 -0.81093764 210 210 210
0.77790046 -0.48346016 -1.1753246 210 210 210
0.31317583 0.48059788 -1.0686731 210 210 210
-0.29254502 -0.5139358 -1.2872349 210 210 210
0.4650386 0.96894872 -1.2334503 210 210 210
-0.1682293 -0.33645555 -1.2903003 210 210 210
0.05798617 -0.54157591 -0.46079957 210 210 210
0.089119971 -0.36622512 -1.3704705 210 210 210
0.01685079 -0.20879577 -1.2477907 210 210 210
0.81575704 -0.47993532 -1.1502249 210 210 210
0.22859113 0.4918595 -1.0761834 210 210 210
0.19354197 0.50267446 -1.1302962 210 210 210
0.011160899 -0.24415459 -0.76417327 210 210 210
0.34390733 -0.4037092 -0.40410584 210 210 210
0.12241501 -0.21957603 -0.74730551 210 210 210
-0.058091514 -0.3050549 -0.65367693 210 210 210
0.041987929 -0.29536971 -0.67302829 210 210 210
-0.051386289 0.023336885 -0.79431087 210 210 210
0.21825662 -0.027920628 -0.32852843 210 210 210
0.26613608 -0.39676699 -0.40790945 210 210 210
0.33147344 0.48689461 -1.0652678 210 210 210
-0.23740998 -0.92443782 -0.99516308 210 210 210
-0.10509469 -0.41576841 -1.2912782 210 210 210
0.47240847 0.97512794 -1.2482098 210 210 210
0.52609295 -0.27211186 -0.16374791 210 210 210
-0.72399586 1.5133991 -0.48459432 210 210 210
0.15932055 -0.3183341 -1.0006876 210 210 210
0.21352294 -0.43523172 -0.87786245 210 210 210
0.23367651 -0.41887391 -1.041092 210 210 210
0.90449524 -0.96185702 -0.4988907 210 210 210
0.7134884 -1.0716695 0.732436 210 210 210
0.139631 -0.50353736 -0.89775169 210 210 210
0.54911351 -1.5457239 0.35427025 210 210 210
0.35770601 -0.27390778 0.2496638 210 210 210
-0.097228564 -0.43550831 -0.38035154 210 210 210
-0.15495126 -0.59175527 -0.39703634 210 210 210
-0.33574107 -0.49298432 0.85313141 210 210 210
0.97156781 -0.66033745 -0.56534177 210 210 210
0.79863644 -0.71333814 -0.50700814 210 210 210
-0.58335853 1.4956803 -0.14488897 210 210 210
0.35965949 -1.3479791 0.22694089 210 210 210
0.48886287 -0.83715355 -0.80377322 210 210 210
0.33165854 -0.64557791 0.45006436 210 210 210
-0.2839773 -0.6995374 -0.75581706 210 210 210
-0.27260074 -0.59499162 -0.13024083 210 210 210
0.90634006 -0.6414699 -0.60047811 210 210 210
0.52559549 -1.1261063 -0.40681806 210 210 210
-0.53227079 -0.73355669 -0.35035694 210 210 210
0.79805118 -0.7758044 -0.35542721 210 210 210
-0.56113517 1.457176 -0.17857064 210 210 210
0.94169992 -0.65436482 -0.5945971 210 210 210
0.98593801 -0.80806822 -0.51551074 210 210 210
0.45468166 -1.3649113 0.24813032 210 210 210
-0.16699137 -0.40739509 -0.50592327 210 210 210
0.20293561 -0.33891147 -0.28402242 210 210 210
0.20771161 -0.43310353 -0.35743749 210 210 210
-0.095943302 -1.1104391 -0.055947833 210 210 210
0.25808093 -1.5461543 0.40901861 210 210 210
0.81224781 -0.76105571 -0.58636373 210 210 210
0.088461705 -1.3400258 0.14394735 210 210 210
0.89074188 -0.73979145 -0.56937844 210 210 210
-0.17058103 -0.74845415 -0.81418508 210 210 210
-0.30589491 -0.38790241 0.73655778 210 210 210
-0.06703417 -0.92694813 -0.72908103 210 210 210
-0.040166344 -0.56189084 -1.1250762 210 210 210
0.055433892 -0.45746815 -1.1061372 210 210 210
-0.069186866 -0.41904184 -0.43134326 210 210 210
-0.17781071 -0.42281452 -0.50679559 210 210 210
-0.28868645 -0.81909281 -0.65663344 210 210 210
-0.06562759 -0.41174331 -0.47252828 210 210 210
-0.42184007 1.3039376 -0.21980615 210 210 210
0.744129 -0.52707595 -0.67323041 210 210 210
0.82635808 -0.42529705 -0.69541794 210 210 210
0.72865176 -1.0737593 -0.24017635 210 210 210
0.21308352 -0.30943668 -1.0261331 210 210 210
-0.48599216 -0.88562918 -0.86309057 210 210 210
-0.1127611 -0.46786594 -1.2435144 210 210 210
-0.1458617 -0.3527793 -1.0889305 210 210 210
-0.39957359 -0.73184878 -0.39674783 210 210 210
0.91848499 -0.85401291 -0.52972454 210 210 210
-0.086386062 -0.38036352 -0.50348783 210 210 210
0.17869507 -0.49960154 -0.40640041 210 210 210
-0.16475002 -0.55851227 -0.43974555 210 210 210
0.27767345 -0.47361276 -0.41155991 210 210 210
0.23729947 -0.41100278 -0.38612503 210 210 210
-0.52914572 -0.71168643 -0.93206352 210 210 210
0.49674815 -1.5981245 0.53790301 210 210 210
-0.3121261 -0.73490036 -0.57572365 210 210 210
0.079188712 -1.3739617 0.16517374 210 210 210
0.33422986 -1.2869302 0.20176348 210 210 210
0.29199654 -0.54247552 -0.74949622 210 210 210
-0.29943272 -0.80687559 -0.87537873 210 210 210
0.29678148 -1.4179088 0.2599504 210 210 210
-0.074314527 -0.82614577 -0.73639971 210 210 210
0.12444223 -0.50239408 -1.1883886 210 210 210
0.69322538 -0.90064597 -0.56739819 210 210 210
0.81878644 -0.80118263 -0.29005811 210 210 210
0.756248 -0.59155369 -0.63121939 210 210 210
0.1948719 -0.45196089 -0.88555384 210 210 210
0.12146199 -0.2289077 -1.4336846 210 210 210
0.64394194 -1.3044283 -0.51561433 210 210 210
-0.21283336 -0.80974144 0.1551515 210 210 210
-0.45337632 -1.0422604 -0.84573156 210 210 210
-0.28342235 -0.91361105 -0.75969249 210 210 210
-0.20967443 -0.4824245 -1.2346865 210 210 210
0.047080059 -0.20722763 -0.81157649 210 210 210
